[2025-04-30 23:32:23] local.ERROR: Please provide a valid cache path. {"exception":"[object] (InvalidArgumentException(code: 0): Please provide a valid cache path. at C:\\OSPanel\\home\\guitar_prog\\vendor\\laravel\\framework\\src\\Illuminate\\View\\Compilers\\Compiler.php:67)
[stacktrace]
#0 C:\\OSPanel\\home\\guitar_prog\\vendor\\laravel\\framework\\src\\Illuminate\\View\\ViewServiceProvider.php(97): Illuminate\\View\\Compilers\\Compiler->__construct(Object(Illuminate\\Filesystem\\Filesystem), false, '', true, 'php')
#1 C:\\OSPanel\\home\\guitar_prog\\vendor\\laravel\\framework\\src\\Illuminate\\Container\\Container.php(1010): Illuminate\\View\\ViewServiceProvider->Illuminate\\View\\{closure}(Object(Illuminate\\Foundation\\Application), Array)
#2 C:\\OSPanel\\home\\guitar_prog\\vendor\\laravel\\framework\\src\\Illuminate\\Container\\Container.php(890): Illuminate\\Container\\Container->build(Object(Closure))
#3 C:\\OSPanel\\home\\guitar_prog\\vendor\\laravel\\framework\\src\\Illuminate\\Foundation\\Application.php(1078): Illuminate\\Container\\Container->resolve('blade.compiler', Array, true)
#4 C:\\OSPanel\\home\\guitar_prog\\vendor\\laravel\\framework\\src\\Illuminate\\Container\\Container.php(821): Illuminate\\Foundation\\Application->resolve('blade.compiler', Array)
#5 C:\\OSPanel\\home\\guitar_prog\\vendor\\laravel\\framework\\src\\Illuminate\\Foundation\\Application.php(1058): Illuminate\\Container\\Container->make('blade.compiler', Array)
#6 C:\\OSPanel\\home\\guitar_prog\\vendor\\laravel\\framework\\src\\Illuminate\\Container\\Container.php(1648): Illuminate\\Foundation\\Application->make('blade.compiler')
#7 C:\\OSPanel\\home\\guitar_prog\\vendor\\laravel\\framework\\src\\Illuminate\\Support\\Facades\\Facade.php(239): Illuminate\\Container\\Container->offsetGet('blade.compiler')
#8 C:\\OSPanel\\home\\guitar_prog\\vendor\\laravel\\framework\\src\\Illuminate\\Support\\Facades\\Facade.php(210): Illuminate\\Support\\Facades\\Facade::resolveFacadeInstance('blade.compiler')
#9 C:\\OSPanel\\home\\guitar_prog\\vendor\\laravel\\framework\\src\\Illuminate\\Support\\Facades\\Facade.php(355): Illuminate\\Support\\Facades\\Facade::getFacadeRoot()
#10 C:\\OSPanel\\home\\guitar_prog\\vendor\\blade-ui-kit\\blade-icons\\src\\BladeIconsServiceProvider.php(106): Illuminate\\Support\\Facades\\Facade::__callStatic('directive', Array)
#11 C:\\OSPanel\\home\\guitar_prog\\vendor\\blade-ui-kit\\blade-icons\\src\\BladeIconsServiceProvider.php(27): BladeUI\\Icons\\BladeIconsServiceProvider->bootDirectives()
#12 C:\\OSPanel\\home\\guitar_prog\\vendor\\laravel\\framework\\src\\Illuminate\\Container\\BoundMethod.php(36): BladeUI\\Icons\\BladeIconsServiceProvider->boot()
#13 C:\\OSPanel\\home\\guitar_prog\\vendor\\laravel\\framework\\src\\Illuminate\\Container\\Util.php(43): Illuminate\\Container\\BoundMethod::Illuminate\\Container\\{closure}()
#14 C:\\OSPanel\\home\\guitar_prog\\vendor\\laravel\\framework\\src\\Illuminate\\Container\\BoundMethod.php(96): Illuminate\\Container\\Util::unwrapIfClosure(Object(Closure))
#15 C:\\OSPanel\\home\\guitar_prog\\vendor\\laravel\\framework\\src\\Illuminate\\Container\\BoundMethod.php(35): Illuminate\\Container\\BoundMethod::callBoundMethod(Object(Illuminate\\Foundation\\Application), Array, Object(Closure))
#16 C:\\OSPanel\\home\\guitar_prog\\vendor\\laravel\\framework\\src\\Illuminate\\Container\\Container.php(754): Illuminate\\Container\\BoundMethod::call(Object(Illuminate\\Foundation\\Application), Array, Array, NULL)
#17 C:\\OSPanel\\home\\guitar_prog\\vendor\\laravel\\framework\\src\\Illuminate\\Foundation\\Application.php(1151): Illuminate\\Container\\Container->call(Array)
#18 C:\\OSPanel\\home\\guitar_prog\\vendor\\laravel\\framework\\src\\Illuminate\\Foundation\\Application.php(1132): Illuminate\\Foundation\\Application->bootProvider(Object(BladeUI\\Icons\\BladeIconsServiceProvider))
#19 [internal function]: Illuminate\\Foundation\\Application->Illuminate\\Foundation\\{closure}(Object(BladeUI\\Icons\\BladeIconsServiceProvider), 'BladeUI\\\\Icons\\\\B...')
#20 C:\\OSPanel\\home\\guitar_prog\\vendor\\laravel\\framework\\src\\Illuminate\\Foundation\\Application.php(1131): array_walk(Array, Object(Closure))
#21 C:\\OSPanel\\home\\guitar_prog\\vendor\\laravel\\framework\\src\\Illuminate\\Foundation\\Bootstrap\\BootProviders.php(17): Illuminate\\Foundation\\Application->boot()
#22 C:\\OSPanel\\home\\guitar_prog\\vendor\\laravel\\framework\\src\\Illuminate\\Foundation\\Application.php(342): Illuminate\\Foundation\\Bootstrap\\BootProviders->bootstrap(Object(Illuminate\\Foundation\\Application))
#23 C:\\OSPanel\\home\\guitar_prog\\vendor\\laravel\\framework\\src\\Illuminate\\Foundation\\Console\\Kernel.php(474): Illuminate\\Foundation\\Application->bootstrapWith(Array)
#24 C:\\OSPanel\\home\\guitar_prog\\vendor\\laravel\\framework\\src\\Illuminate\\Foundation\\Console\\Kernel.php(196): Illuminate\\Foundation\\Console\\Kernel->bootstrap()
#25 C:\\OSPanel\\home\\guitar_prog\\vendor\\laravel\\framework\\src\\Illuminate\\Foundation\\Application.php(1235): Illuminate\\Foundation\\Console\\Kernel->handle(Object(Symfony\\Component\\Console\\Input\\ArgvInput), Object(Symfony\\Component\\Console\\Output\\ConsoleOutput))
#26 C:\\OSPanel\\home\\guitar_prog\\artisan(16): Illuminate\\Foundation\\Application->handleCommand(Object(Symfony\\Component\\Console\\Input\\ArgvInput))
#27 {main}
"} 
[2025-04-30 23:33:07] local.ERROR: Please provide a valid cache path. {"exception":"[object] (InvalidArgumentException(code: 0): Please provide a valid cache path. at C:\\OSPanel\\home\\guitar_prog\\vendor\\laravel\\framework\\src\\Illuminate\\View\\Compilers\\Compiler.php:67)
[stacktrace]
#0 C:\\OSPanel\\home\\guitar_prog\\vendor\\laravel\\framework\\src\\Illuminate\\View\\ViewServiceProvider.php(97): Illuminate\\View\\Compilers\\Compiler->__construct(Object(Illuminate\\Filesystem\\Filesystem), false, '', true, 'php')
#1 C:\\OSPanel\\home\\guitar_prog\\vendor\\laravel\\framework\\src\\Illuminate\\Container\\Container.php(1010): Illuminate\\View\\ViewServiceProvider->Illuminate\\View\\{closure}(Object(Illuminate\\Foundation\\Application), Array)
#2 C:\\OSPanel\\home\\guitar_prog\\vendor\\laravel\\framework\\src\\Illuminate\\Container\\Container.php(890): Illuminate\\Container\\Container->build(Object(Closure))
#3 C:\\OSPanel\\home\\guitar_prog\\vendor\\laravel\\framework\\src\\Illuminate\\Foundation\\Application.php(1078): Illuminate\\Container\\Container->resolve('blade.compiler', Array, true)
#4 C:\\OSPanel\\home\\guitar_prog\\vendor\\laravel\\framework\\src\\Illuminate\\Container\\Container.php(821): Illuminate\\Foundation\\Application->resolve('blade.compiler', Array)
#5 C:\\OSPanel\\home\\guitar_prog\\vendor\\laravel\\framework\\src\\Illuminate\\Foundation\\Application.php(1058): Illuminate\\Container\\Container->make('blade.compiler', Array)
#6 C:\\OSPanel\\home\\guitar_prog\\vendor\\laravel\\framework\\src\\Illuminate\\Container\\Container.php(1648): Illuminate\\Foundation\\Application->make('blade.compiler')
#7 C:\\OSPanel\\home\\guitar_prog\\vendor\\laravel\\framework\\src\\Illuminate\\Support\\Facades\\Facade.php(239): Illuminate\\Container\\Container->offsetGet('blade.compiler')
#8 C:\\OSPanel\\home\\guitar_prog\\vendor\\laravel\\framework\\src\\Illuminate\\Support\\Facades\\Facade.php(210): Illuminate\\Support\\Facades\\Facade::resolveFacadeInstance('blade.compiler')
#9 C:\\OSPanel\\home\\guitar_prog\\vendor\\laravel\\framework\\src\\Illuminate\\Support\\Facades\\Facade.php(355): Illuminate\\Support\\Facades\\Facade::getFacadeRoot()
#10 C:\\OSPanel\\home\\guitar_prog\\vendor\\blade-ui-kit\\blade-icons\\src\\BladeIconsServiceProvider.php(106): Illuminate\\Support\\Facades\\Facade::__callStatic('directive', Array)
#11 C:\\OSPanel\\home\\guitar_prog\\vendor\\blade-ui-kit\\blade-icons\\src\\BladeIconsServiceProvider.php(27): BladeUI\\Icons\\BladeIconsServiceProvider->bootDirectives()
#12 C:\\OSPanel\\home\\guitar_prog\\vendor\\laravel\\framework\\src\\Illuminate\\Container\\BoundMethod.php(36): BladeUI\\Icons\\BladeIconsServiceProvider->boot()
#13 C:\\OSPanel\\home\\guitar_prog\\vendor\\laravel\\framework\\src\\Illuminate\\Container\\Util.php(43): Illuminate\\Container\\BoundMethod::Illuminate\\Container\\{closure}()
#14 C:\\OSPanel\\home\\guitar_prog\\vendor\\laravel\\framework\\src\\Illuminate\\Container\\BoundMethod.php(96): Illuminate\\Container\\Util::unwrapIfClosure(Object(Closure))
#15 C:\\OSPanel\\home\\guitar_prog\\vendor\\laravel\\framework\\src\\Illuminate\\Container\\BoundMethod.php(35): Illuminate\\Container\\BoundMethod::callBoundMethod(Object(Illuminate\\Foundation\\Application), Array, Object(Closure))
#16 C:\\OSPanel\\home\\guitar_prog\\vendor\\laravel\\framework\\src\\Illuminate\\Container\\Container.php(754): Illuminate\\Container\\BoundMethod::call(Object(Illuminate\\Foundation\\Application), Array, Array, NULL)
#17 C:\\OSPanel\\home\\guitar_prog\\vendor\\laravel\\framework\\src\\Illuminate\\Foundation\\Application.php(1151): Illuminate\\Container\\Container->call(Array)
#18 C:\\OSPanel\\home\\guitar_prog\\vendor\\laravel\\framework\\src\\Illuminate\\Foundation\\Application.php(1132): Illuminate\\Foundation\\Application->bootProvider(Object(BladeUI\\Icons\\BladeIconsServiceProvider))
#19 [internal function]: Illuminate\\Foundation\\Application->Illuminate\\Foundation\\{closure}(Object(BladeUI\\Icons\\BladeIconsServiceProvider), 'BladeUI\\\\Icons\\\\B...')
#20 C:\\OSPanel\\home\\guitar_prog\\vendor\\laravel\\framework\\src\\Illuminate\\Foundation\\Application.php(1131): array_walk(Array, Object(Closure))
#21 C:\\OSPanel\\home\\guitar_prog\\vendor\\laravel\\framework\\src\\Illuminate\\Foundation\\Bootstrap\\BootProviders.php(17): Illuminate\\Foundation\\Application->boot()
#22 C:\\OSPanel\\home\\guitar_prog\\vendor\\laravel\\framework\\src\\Illuminate\\Foundation\\Application.php(342): Illuminate\\Foundation\\Bootstrap\\BootProviders->bootstrap(Object(Illuminate\\Foundation\\Application))
#23 C:\\OSPanel\\home\\guitar_prog\\vendor\\laravel\\framework\\src\\Illuminate\\Foundation\\Console\\Kernel.php(474): Illuminate\\Foundation\\Application->bootstrapWith(Array)
#24 C:\\OSPanel\\home\\guitar_prog\\vendor\\laravel\\framework\\src\\Illuminate\\Foundation\\Console\\Kernel.php(196): Illuminate\\Foundation\\Console\\Kernel->bootstrap()
#25 C:\\OSPanel\\home\\guitar_prog\\vendor\\laravel\\framework\\src\\Illuminate\\Foundation\\Application.php(1235): Illuminate\\Foundation\\Console\\Kernel->handle(Object(Symfony\\Component\\Console\\Input\\ArgvInput), Object(Symfony\\Component\\Console\\Output\\ConsoleOutput))
#26 C:\\OSPanel\\home\\guitar_prog\\artisan(16): Illuminate\\Foundation\\Application->handleCommand(Object(Symfony\\Component\\Console\\Input\\ArgvInput))
#27 {main}
"} 
[2025-04-30 23:33:58] local.ERROR: Please provide a valid cache path. {"exception":"[object] (InvalidArgumentException(code: 0): Please provide a valid cache path. at C:\\OSPanel\\home\\guitar_prog\\vendor\\laravel\\framework\\src\\Illuminate\\View\\Compilers\\Compiler.php:67)
[stacktrace]
#0 C:\\OSPanel\\home\\guitar_prog\\vendor\\laravel\\framework\\src\\Illuminate\\View\\ViewServiceProvider.php(97): Illuminate\\View\\Compilers\\Compiler->__construct(Object(Illuminate\\Filesystem\\Filesystem), false, '', true, 'php')
#1 C:\\OSPanel\\home\\guitar_prog\\vendor\\laravel\\framework\\src\\Illuminate\\Container\\Container.php(1010): Illuminate\\View\\ViewServiceProvider->Illuminate\\View\\{closure}(Object(Illuminate\\Foundation\\Application), Array)
#2 C:\\OSPanel\\home\\guitar_prog\\vendor\\laravel\\framework\\src\\Illuminate\\Container\\Container.php(890): Illuminate\\Container\\Container->build(Object(Closure))
#3 C:\\OSPanel\\home\\guitar_prog\\vendor\\laravel\\framework\\src\\Illuminate\\Foundation\\Application.php(1078): Illuminate\\Container\\Container->resolve('blade.compiler', Array, true)
#4 C:\\OSPanel\\home\\guitar_prog\\vendor\\laravel\\framework\\src\\Illuminate\\Container\\Container.php(821): Illuminate\\Foundation\\Application->resolve('blade.compiler', Array)
#5 C:\\OSPanel\\home\\guitar_prog\\vendor\\laravel\\framework\\src\\Illuminate\\Foundation\\Application.php(1058): Illuminate\\Container\\Container->make('blade.compiler', Array)
#6 C:\\OSPanel\\home\\guitar_prog\\vendor\\laravel\\framework\\src\\Illuminate\\Container\\Container.php(1648): Illuminate\\Foundation\\Application->make('blade.compiler')
#7 C:\\OSPanel\\home\\guitar_prog\\vendor\\laravel\\framework\\src\\Illuminate\\Support\\Facades\\Facade.php(239): Illuminate\\Container\\Container->offsetGet('blade.compiler')
#8 C:\\OSPanel\\home\\guitar_prog\\vendor\\laravel\\framework\\src\\Illuminate\\Support\\Facades\\Facade.php(210): Illuminate\\Support\\Facades\\Facade::resolveFacadeInstance('blade.compiler')
#9 C:\\OSPanel\\home\\guitar_prog\\vendor\\laravel\\framework\\src\\Illuminate\\Support\\Facades\\Facade.php(355): Illuminate\\Support\\Facades\\Facade::getFacadeRoot()
#10 C:\\OSPanel\\home\\guitar_prog\\vendor\\blade-ui-kit\\blade-icons\\src\\BladeIconsServiceProvider.php(106): Illuminate\\Support\\Facades\\Facade::__callStatic('directive', Array)
#11 C:\\OSPanel\\home\\guitar_prog\\vendor\\blade-ui-kit\\blade-icons\\src\\BladeIconsServiceProvider.php(27): BladeUI\\Icons\\BladeIconsServiceProvider->bootDirectives()
#12 C:\\OSPanel\\home\\guitar_prog\\vendor\\laravel\\framework\\src\\Illuminate\\Container\\BoundMethod.php(36): BladeUI\\Icons\\BladeIconsServiceProvider->boot()
#13 C:\\OSPanel\\home\\guitar_prog\\vendor\\laravel\\framework\\src\\Illuminate\\Container\\Util.php(43): Illuminate\\Container\\BoundMethod::Illuminate\\Container\\{closure}()
#14 C:\\OSPanel\\home\\guitar_prog\\vendor\\laravel\\framework\\src\\Illuminate\\Container\\BoundMethod.php(96): Illuminate\\Container\\Util::unwrapIfClosure(Object(Closure))
#15 C:\\OSPanel\\home\\guitar_prog\\vendor\\laravel\\framework\\src\\Illuminate\\Container\\BoundMethod.php(35): Illuminate\\Container\\BoundMethod::callBoundMethod(Object(Illuminate\\Foundation\\Application), Array, Object(Closure))
#16 C:\\OSPanel\\home\\guitar_prog\\vendor\\laravel\\framework\\src\\Illuminate\\Container\\Container.php(754): Illuminate\\Container\\BoundMethod::call(Object(Illuminate\\Foundation\\Application), Array, Array, NULL)
#17 C:\\OSPanel\\home\\guitar_prog\\vendor\\laravel\\framework\\src\\Illuminate\\Foundation\\Application.php(1151): Illuminate\\Container\\Container->call(Array)
#18 C:\\OSPanel\\home\\guitar_prog\\vendor\\laravel\\framework\\src\\Illuminate\\Foundation\\Application.php(1132): Illuminate\\Foundation\\Application->bootProvider(Object(BladeUI\\Icons\\BladeIconsServiceProvider))
#19 [internal function]: Illuminate\\Foundation\\Application->Illuminate\\Foundation\\{closure}(Object(BladeUI\\Icons\\BladeIconsServiceProvider), 'BladeUI\\\\Icons\\\\B...')
#20 C:\\OSPanel\\home\\guitar_prog\\vendor\\laravel\\framework\\src\\Illuminate\\Foundation\\Application.php(1131): array_walk(Array, Object(Closure))
#21 C:\\OSPanel\\home\\guitar_prog\\vendor\\laravel\\framework\\src\\Illuminate\\Foundation\\Bootstrap\\BootProviders.php(17): Illuminate\\Foundation\\Application->boot()
#22 C:\\OSPanel\\home\\guitar_prog\\vendor\\laravel\\framework\\src\\Illuminate\\Foundation\\Application.php(342): Illuminate\\Foundation\\Bootstrap\\BootProviders->bootstrap(Object(Illuminate\\Foundation\\Application))
#23 C:\\OSPanel\\home\\guitar_prog\\vendor\\laravel\\framework\\src\\Illuminate\\Foundation\\Console\\Kernel.php(474): Illuminate\\Foundation\\Application->bootstrapWith(Array)
#24 C:\\OSPanel\\home\\guitar_prog\\vendor\\laravel\\framework\\src\\Illuminate\\Foundation\\Console\\Kernel.php(196): Illuminate\\Foundation\\Console\\Kernel->bootstrap()
#25 C:\\OSPanel\\home\\guitar_prog\\vendor\\laravel\\framework\\src\\Illuminate\\Foundation\\Application.php(1235): Illuminate\\Foundation\\Console\\Kernel->handle(Object(Symfony\\Component\\Console\\Input\\ArgvInput), Object(Symfony\\Component\\Console\\Output\\ConsoleOutput))
#26 C:\\OSPanel\\home\\guitar_prog\\artisan(16): Illuminate\\Foundation\\Application->handleCommand(Object(Symfony\\Component\\Console\\Input\\ArgvInput))
#27 {main}
"} 
[2025-04-30 23:33:58] local.ERROR: Please provide a valid cache path. {"exception":"[object] (InvalidArgumentException(code: 0): Please provide a valid cache path. at C:\\OSPanel\\home\\guitar_prog\\vendor\\laravel\\framework\\src\\Illuminate\\View\\Compilers\\Compiler.php:67)
[stacktrace]
#0 C:\\OSPanel\\home\\guitar_prog\\vendor\\laravel\\framework\\src\\Illuminate\\View\\ViewServiceProvider.php(97): Illuminate\\View\\Compilers\\Compiler->__construct(Object(Illuminate\\Filesystem\\Filesystem), false, '', true, 'php')
#1 C:\\OSPanel\\home\\guitar_prog\\vendor\\laravel\\framework\\src\\Illuminate\\Container\\Container.php(1010): Illuminate\\View\\ViewServiceProvider->Illuminate\\View\\{closure}(Object(Illuminate\\Foundation\\Application), Array)
#2 C:\\OSPanel\\home\\guitar_prog\\vendor\\laravel\\framework\\src\\Illuminate\\Container\\Container.php(890): Illuminate\\Container\\Container->build(Object(Closure))
#3 C:\\OSPanel\\home\\guitar_prog\\vendor\\laravel\\framework\\src\\Illuminate\\Foundation\\Application.php(1078): Illuminate\\Container\\Container->resolve('blade.compiler', Array, true)
#4 C:\\OSPanel\\home\\guitar_prog\\vendor\\laravel\\framework\\src\\Illuminate\\Container\\Container.php(821): Illuminate\\Foundation\\Application->resolve('blade.compiler', Array)
#5 C:\\OSPanel\\home\\guitar_prog\\vendor\\laravel\\framework\\src\\Illuminate\\Foundation\\Application.php(1058): Illuminate\\Container\\Container->make('blade.compiler', Array)
#6 C:\\OSPanel\\home\\guitar_prog\\vendor\\laravel\\framework\\src\\Illuminate\\Container\\Container.php(1648): Illuminate\\Foundation\\Application->make('blade.compiler')
#7 C:\\OSPanel\\home\\guitar_prog\\vendor\\laravel\\framework\\src\\Illuminate\\Support\\Facades\\Facade.php(239): Illuminate\\Container\\Container->offsetGet('blade.compiler')
#8 C:\\OSPanel\\home\\guitar_prog\\vendor\\laravel\\framework\\src\\Illuminate\\Support\\Facades\\Facade.php(210): Illuminate\\Support\\Facades\\Facade::resolveFacadeInstance('blade.compiler')
#9 C:\\OSPanel\\home\\guitar_prog\\vendor\\laravel\\framework\\src\\Illuminate\\Support\\Facades\\Facade.php(355): Illuminate\\Support\\Facades\\Facade::getFacadeRoot()
#10 C:\\OSPanel\\home\\guitar_prog\\vendor\\blade-ui-kit\\blade-icons\\src\\BladeIconsServiceProvider.php(106): Illuminate\\Support\\Facades\\Facade::__callStatic('directive', Array)
#11 C:\\OSPanel\\home\\guitar_prog\\vendor\\blade-ui-kit\\blade-icons\\src\\BladeIconsServiceProvider.php(27): BladeUI\\Icons\\BladeIconsServiceProvider->bootDirectives()
#12 C:\\OSPanel\\home\\guitar_prog\\vendor\\laravel\\framework\\src\\Illuminate\\Container\\BoundMethod.php(36): BladeUI\\Icons\\BladeIconsServiceProvider->boot()
#13 C:\\OSPanel\\home\\guitar_prog\\vendor\\laravel\\framework\\src\\Illuminate\\Container\\Util.php(43): Illuminate\\Container\\BoundMethod::Illuminate\\Container\\{closure}()
#14 C:\\OSPanel\\home\\guitar_prog\\vendor\\laravel\\framework\\src\\Illuminate\\Container\\BoundMethod.php(96): Illuminate\\Container\\Util::unwrapIfClosure(Object(Closure))
#15 C:\\OSPanel\\home\\guitar_prog\\vendor\\laravel\\framework\\src\\Illuminate\\Container\\BoundMethod.php(35): Illuminate\\Container\\BoundMethod::callBoundMethod(Object(Illuminate\\Foundation\\Application), Array, Object(Closure))
#16 C:\\OSPanel\\home\\guitar_prog\\vendor\\laravel\\framework\\src\\Illuminate\\Container\\Container.php(754): Illuminate\\Container\\BoundMethod::call(Object(Illuminate\\Foundation\\Application), Array, Array, NULL)
#17 C:\\OSPanel\\home\\guitar_prog\\vendor\\laravel\\framework\\src\\Illuminate\\Foundation\\Application.php(1151): Illuminate\\Container\\Container->call(Array)
#18 C:\\OSPanel\\home\\guitar_prog\\vendor\\laravel\\framework\\src\\Illuminate\\Foundation\\Application.php(1132): Illuminate\\Foundation\\Application->bootProvider(Object(BladeUI\\Icons\\BladeIconsServiceProvider))
#19 [internal function]: Illuminate\\Foundation\\Application->Illuminate\\Foundation\\{closure}(Object(BladeUI\\Icons\\BladeIconsServiceProvider), 'BladeUI\\\\Icons\\\\B...')
#20 C:\\OSPanel\\home\\guitar_prog\\vendor\\laravel\\framework\\src\\Illuminate\\Foundation\\Application.php(1131): array_walk(Array, Object(Closure))
#21 C:\\OSPanel\\home\\guitar_prog\\vendor\\laravel\\framework\\src\\Illuminate\\Foundation\\Bootstrap\\BootProviders.php(17): Illuminate\\Foundation\\Application->boot()
#22 C:\\OSPanel\\home\\guitar_prog\\vendor\\laravel\\framework\\src\\Illuminate\\Foundation\\Application.php(342): Illuminate\\Foundation\\Bootstrap\\BootProviders->bootstrap(Object(Illuminate\\Foundation\\Application))
#23 C:\\OSPanel\\home\\guitar_prog\\vendor\\laravel\\framework\\src\\Illuminate\\Foundation\\Console\\Kernel.php(474): Illuminate\\Foundation\\Application->bootstrapWith(Array)
#24 C:\\OSPanel\\home\\guitar_prog\\vendor\\laravel\\framework\\src\\Illuminate\\Foundation\\Console\\Kernel.php(196): Illuminate\\Foundation\\Console\\Kernel->bootstrap()
#25 C:\\OSPanel\\home\\guitar_prog\\vendor\\laravel\\framework\\src\\Illuminate\\Foundation\\Application.php(1235): Illuminate\\Foundation\\Console\\Kernel->handle(Object(Symfony\\Component\\Console\\Input\\ArgvInput), Object(Symfony\\Component\\Console\\Output\\ConsoleOutput))
#26 C:\\OSPanel\\home\\guitar_prog\\artisan(16): Illuminate\\Foundation\\Application->handleCommand(Object(Symfony\\Component\\Console\\Input\\ArgvInput))
#27 {main}
"} 
[2025-04-30 23:33:59] local.ERROR: Please provide a valid cache path. {"exception":"[object] (InvalidArgumentException(code: 0): Please provide a valid cache path. at C:\\OSPanel\\home\\guitar_prog\\vendor\\laravel\\framework\\src\\Illuminate\\View\\Compilers\\Compiler.php:67)
[stacktrace]
#0 C:\\OSPanel\\home\\guitar_prog\\vendor\\laravel\\framework\\src\\Illuminate\\View\\ViewServiceProvider.php(97): Illuminate\\View\\Compilers\\Compiler->__construct(Object(Illuminate\\Filesystem\\Filesystem), false, '', true, 'php')
#1 C:\\OSPanel\\home\\guitar_prog\\vendor\\laravel\\framework\\src\\Illuminate\\Container\\Container.php(1010): Illuminate\\View\\ViewServiceProvider->Illuminate\\View\\{closure}(Object(Illuminate\\Foundation\\Application), Array)
#2 C:\\OSPanel\\home\\guitar_prog\\vendor\\laravel\\framework\\src\\Illuminate\\Container\\Container.php(890): Illuminate\\Container\\Container->build(Object(Closure))
#3 C:\\OSPanel\\home\\guitar_prog\\vendor\\laravel\\framework\\src\\Illuminate\\Foundation\\Application.php(1078): Illuminate\\Container\\Container->resolve('blade.compiler', Array, true)
#4 C:\\OSPanel\\home\\guitar_prog\\vendor\\laravel\\framework\\src\\Illuminate\\Container\\Container.php(821): Illuminate\\Foundation\\Application->resolve('blade.compiler', Array)
#5 C:\\OSPanel\\home\\guitar_prog\\vendor\\laravel\\framework\\src\\Illuminate\\Foundation\\Application.php(1058): Illuminate\\Container\\Container->make('blade.compiler', Array)
#6 C:\\OSPanel\\home\\guitar_prog\\vendor\\laravel\\framework\\src\\Illuminate\\Container\\Container.php(1648): Illuminate\\Foundation\\Application->make('blade.compiler')
#7 C:\\OSPanel\\home\\guitar_prog\\vendor\\laravel\\framework\\src\\Illuminate\\Support\\Facades\\Facade.php(239): Illuminate\\Container\\Container->offsetGet('blade.compiler')
#8 C:\\OSPanel\\home\\guitar_prog\\vendor\\laravel\\framework\\src\\Illuminate\\Support\\Facades\\Facade.php(210): Illuminate\\Support\\Facades\\Facade::resolveFacadeInstance('blade.compiler')
#9 C:\\OSPanel\\home\\guitar_prog\\vendor\\laravel\\framework\\src\\Illuminate\\Support\\Facades\\Facade.php(355): Illuminate\\Support\\Facades\\Facade::getFacadeRoot()
#10 C:\\OSPanel\\home\\guitar_prog\\vendor\\blade-ui-kit\\blade-icons\\src\\BladeIconsServiceProvider.php(106): Illuminate\\Support\\Facades\\Facade::__callStatic('directive', Array)
#11 C:\\OSPanel\\home\\guitar_prog\\vendor\\blade-ui-kit\\blade-icons\\src\\BladeIconsServiceProvider.php(27): BladeUI\\Icons\\BladeIconsServiceProvider->bootDirectives()
#12 C:\\OSPanel\\home\\guitar_prog\\vendor\\laravel\\framework\\src\\Illuminate\\Container\\BoundMethod.php(36): BladeUI\\Icons\\BladeIconsServiceProvider->boot()
#13 C:\\OSPanel\\home\\guitar_prog\\vendor\\laravel\\framework\\src\\Illuminate\\Container\\Util.php(43): Illuminate\\Container\\BoundMethod::Illuminate\\Container\\{closure}()
#14 C:\\OSPanel\\home\\guitar_prog\\vendor\\laravel\\framework\\src\\Illuminate\\Container\\BoundMethod.php(96): Illuminate\\Container\\Util::unwrapIfClosure(Object(Closure))
#15 C:\\OSPanel\\home\\guitar_prog\\vendor\\laravel\\framework\\src\\Illuminate\\Container\\BoundMethod.php(35): Illuminate\\Container\\BoundMethod::callBoundMethod(Object(Illuminate\\Foundation\\Application), Array, Object(Closure))
#16 C:\\OSPanel\\home\\guitar_prog\\vendor\\laravel\\framework\\src\\Illuminate\\Container\\Container.php(754): Illuminate\\Container\\BoundMethod::call(Object(Illuminate\\Foundation\\Application), Array, Array, NULL)
#17 C:\\OSPanel\\home\\guitar_prog\\vendor\\laravel\\framework\\src\\Illuminate\\Foundation\\Application.php(1151): Illuminate\\Container\\Container->call(Array)
#18 C:\\OSPanel\\home\\guitar_prog\\vendor\\laravel\\framework\\src\\Illuminate\\Foundation\\Application.php(1132): Illuminate\\Foundation\\Application->bootProvider(Object(BladeUI\\Icons\\BladeIconsServiceProvider))
#19 [internal function]: Illuminate\\Foundation\\Application->Illuminate\\Foundation\\{closure}(Object(BladeUI\\Icons\\BladeIconsServiceProvider), 'BladeUI\\\\Icons\\\\B...')
#20 C:\\OSPanel\\home\\guitar_prog\\vendor\\laravel\\framework\\src\\Illuminate\\Foundation\\Application.php(1131): array_walk(Array, Object(Closure))
#21 C:\\OSPanel\\home\\guitar_prog\\vendor\\laravel\\framework\\src\\Illuminate\\Foundation\\Bootstrap\\BootProviders.php(17): Illuminate\\Foundation\\Application->boot()
#22 C:\\OSPanel\\home\\guitar_prog\\vendor\\laravel\\framework\\src\\Illuminate\\Foundation\\Application.php(342): Illuminate\\Foundation\\Bootstrap\\BootProviders->bootstrap(Object(Illuminate\\Foundation\\Application))
#23 C:\\OSPanel\\home\\guitar_prog\\vendor\\laravel\\framework\\src\\Illuminate\\Foundation\\Console\\Kernel.php(474): Illuminate\\Foundation\\Application->bootstrapWith(Array)
#24 C:\\OSPanel\\home\\guitar_prog\\vendor\\laravel\\framework\\src\\Illuminate\\Foundation\\Console\\Kernel.php(196): Illuminate\\Foundation\\Console\\Kernel->bootstrap()
#25 C:\\OSPanel\\home\\guitar_prog\\vendor\\laravel\\framework\\src\\Illuminate\\Foundation\\Application.php(1235): Illuminate\\Foundation\\Console\\Kernel->handle(Object(Symfony\\Component\\Console\\Input\\ArgvInput), Object(Symfony\\Component\\Console\\Output\\ConsoleOutput))
#26 C:\\OSPanel\\home\\guitar_prog\\artisan(16): Illuminate\\Foundation\\Application->handleCommand(Object(Symfony\\Component\\Console\\Input\\ArgvInput))
#27 {main}
"} 
[2025-04-30 23:34:14] local.ERROR: Please provide a valid cache path. {"exception":"[object] (InvalidArgumentException(code: 0): Please provide a valid cache path. at C:\\OSPanel\\home\\guitar_prog\\vendor\\laravel\\framework\\src\\Illuminate\\View\\Compilers\\Compiler.php:67)
[stacktrace]
#0 C:\\OSPanel\\home\\guitar_prog\\vendor\\laravel\\framework\\src\\Illuminate\\View\\ViewServiceProvider.php(97): Illuminate\\View\\Compilers\\Compiler->__construct(Object(Illuminate\\Filesystem\\Filesystem), false, '', true, 'php')
#1 C:\\OSPanel\\home\\guitar_prog\\vendor\\laravel\\framework\\src\\Illuminate\\Container\\Container.php(1010): Illuminate\\View\\ViewServiceProvider->Illuminate\\View\\{closure}(Object(Illuminate\\Foundation\\Application), Array)
#2 C:\\OSPanel\\home\\guitar_prog\\vendor\\laravel\\framework\\src\\Illuminate\\Container\\Container.php(890): Illuminate\\Container\\Container->build(Object(Closure))
#3 C:\\OSPanel\\home\\guitar_prog\\vendor\\laravel\\framework\\src\\Illuminate\\Foundation\\Application.php(1078): Illuminate\\Container\\Container->resolve('blade.compiler', Array, true)
#4 C:\\OSPanel\\home\\guitar_prog\\vendor\\laravel\\framework\\src\\Illuminate\\Container\\Container.php(821): Illuminate\\Foundation\\Application->resolve('blade.compiler', Array)
#5 C:\\OSPanel\\home\\guitar_prog\\vendor\\laravel\\framework\\src\\Illuminate\\Foundation\\Application.php(1058): Illuminate\\Container\\Container->make('blade.compiler', Array)
#6 C:\\OSPanel\\home\\guitar_prog\\vendor\\laravel\\framework\\src\\Illuminate\\Container\\Container.php(1648): Illuminate\\Foundation\\Application->make('blade.compiler')
#7 C:\\OSPanel\\home\\guitar_prog\\vendor\\laravel\\framework\\src\\Illuminate\\Support\\Facades\\Facade.php(239): Illuminate\\Container\\Container->offsetGet('blade.compiler')
#8 C:\\OSPanel\\home\\guitar_prog\\vendor\\laravel\\framework\\src\\Illuminate\\Support\\Facades\\Facade.php(210): Illuminate\\Support\\Facades\\Facade::resolveFacadeInstance('blade.compiler')
#9 C:\\OSPanel\\home\\guitar_prog\\vendor\\laravel\\framework\\src\\Illuminate\\Support\\Facades\\Facade.php(355): Illuminate\\Support\\Facades\\Facade::getFacadeRoot()
#10 C:\\OSPanel\\home\\guitar_prog\\vendor\\blade-ui-kit\\blade-icons\\src\\BladeIconsServiceProvider.php(106): Illuminate\\Support\\Facades\\Facade::__callStatic('directive', Array)
#11 C:\\OSPanel\\home\\guitar_prog\\vendor\\blade-ui-kit\\blade-icons\\src\\BladeIconsServiceProvider.php(27): BladeUI\\Icons\\BladeIconsServiceProvider->bootDirectives()
#12 C:\\OSPanel\\home\\guitar_prog\\vendor\\laravel\\framework\\src\\Illuminate\\Container\\BoundMethod.php(36): BladeUI\\Icons\\BladeIconsServiceProvider->boot()
#13 C:\\OSPanel\\home\\guitar_prog\\vendor\\laravel\\framework\\src\\Illuminate\\Container\\Util.php(43): Illuminate\\Container\\BoundMethod::Illuminate\\Container\\{closure}()
#14 C:\\OSPanel\\home\\guitar_prog\\vendor\\laravel\\framework\\src\\Illuminate\\Container\\BoundMethod.php(96): Illuminate\\Container\\Util::unwrapIfClosure(Object(Closure))
#15 C:\\OSPanel\\home\\guitar_prog\\vendor\\laravel\\framework\\src\\Illuminate\\Container\\BoundMethod.php(35): Illuminate\\Container\\BoundMethod::callBoundMethod(Object(Illuminate\\Foundation\\Application), Array, Object(Closure))
#16 C:\\OSPanel\\home\\guitar_prog\\vendor\\laravel\\framework\\src\\Illuminate\\Container\\Container.php(754): Illuminate\\Container\\BoundMethod::call(Object(Illuminate\\Foundation\\Application), Array, Array, NULL)
#17 C:\\OSPanel\\home\\guitar_prog\\vendor\\laravel\\framework\\src\\Illuminate\\Foundation\\Application.php(1151): Illuminate\\Container\\Container->call(Array)
#18 C:\\OSPanel\\home\\guitar_prog\\vendor\\laravel\\framework\\src\\Illuminate\\Foundation\\Application.php(1132): Illuminate\\Foundation\\Application->bootProvider(Object(BladeUI\\Icons\\BladeIconsServiceProvider))
#19 [internal function]: Illuminate\\Foundation\\Application->Illuminate\\Foundation\\{closure}(Object(BladeUI\\Icons\\BladeIconsServiceProvider), 'BladeUI\\\\Icons\\\\B...')
#20 C:\\OSPanel\\home\\guitar_prog\\vendor\\laravel\\framework\\src\\Illuminate\\Foundation\\Application.php(1131): array_walk(Array, Object(Closure))
#21 C:\\OSPanel\\home\\guitar_prog\\vendor\\laravel\\framework\\src\\Illuminate\\Foundation\\Bootstrap\\BootProviders.php(17): Illuminate\\Foundation\\Application->boot()
#22 C:\\OSPanel\\home\\guitar_prog\\vendor\\laravel\\framework\\src\\Illuminate\\Foundation\\Application.php(342): Illuminate\\Foundation\\Bootstrap\\BootProviders->bootstrap(Object(Illuminate\\Foundation\\Application))
#23 C:\\OSPanel\\home\\guitar_prog\\vendor\\laravel\\framework\\src\\Illuminate\\Foundation\\Console\\Kernel.php(474): Illuminate\\Foundation\\Application->bootstrapWith(Array)
#24 C:\\OSPanel\\home\\guitar_prog\\vendor\\laravel\\framework\\src\\Illuminate\\Foundation\\Console\\Kernel.php(196): Illuminate\\Foundation\\Console\\Kernel->bootstrap()
#25 C:\\OSPanel\\home\\guitar_prog\\vendor\\laravel\\framework\\src\\Illuminate\\Foundation\\Application.php(1235): Illuminate\\Foundation\\Console\\Kernel->handle(Object(Symfony\\Component\\Console\\Input\\ArgvInput), Object(Symfony\\Component\\Console\\Output\\ConsoleOutput))
#26 C:\\OSPanel\\home\\guitar_prog\\artisan(16): Illuminate\\Foundation\\Application->handleCommand(Object(Symfony\\Component\\Console\\Input\\ArgvInput))
#27 {main}
"} 
[2025-04-30 23:36:16] local.ERROR: Please provide a valid cache path. {"exception":"[object] (InvalidArgumentException(code: 0): Please provide a valid cache path. at C:\\OSPanel\\home\\guitar_prog\\vendor\\laravel\\framework\\src\\Illuminate\\View\\Compilers\\Compiler.php:67)
[stacktrace]
#0 C:\\OSPanel\\home\\guitar_prog\\vendor\\laravel\\framework\\src\\Illuminate\\View\\ViewServiceProvider.php(97): Illuminate\\View\\Compilers\\Compiler->__construct(Object(Illuminate\\Filesystem\\Filesystem), false, '', true, 'php')
#1 C:\\OSPanel\\home\\guitar_prog\\vendor\\laravel\\framework\\src\\Illuminate\\Container\\Container.php(1010): Illuminate\\View\\ViewServiceProvider->Illuminate\\View\\{closure}(Object(Illuminate\\Foundation\\Application), Array)
#2 C:\\OSPanel\\home\\guitar_prog\\vendor\\laravel\\framework\\src\\Illuminate\\Container\\Container.php(890): Illuminate\\Container\\Container->build(Object(Closure))
#3 C:\\OSPanel\\home\\guitar_prog\\vendor\\laravel\\framework\\src\\Illuminate\\Foundation\\Application.php(1078): Illuminate\\Container\\Container->resolve('blade.compiler', Array, true)
#4 C:\\OSPanel\\home\\guitar_prog\\vendor\\laravel\\framework\\src\\Illuminate\\Container\\Container.php(821): Illuminate\\Foundation\\Application->resolve('blade.compiler', Array)
#5 C:\\OSPanel\\home\\guitar_prog\\vendor\\laravel\\framework\\src\\Illuminate\\Foundation\\Application.php(1058): Illuminate\\Container\\Container->make('blade.compiler', Array)
#6 C:\\OSPanel\\home\\guitar_prog\\vendor\\laravel\\framework\\src\\Illuminate\\Container\\Container.php(1648): Illuminate\\Foundation\\Application->make('blade.compiler')
#7 C:\\OSPanel\\home\\guitar_prog\\vendor\\laravel\\framework\\src\\Illuminate\\Support\\Facades\\Facade.php(239): Illuminate\\Container\\Container->offsetGet('blade.compiler')
#8 C:\\OSPanel\\home\\guitar_prog\\vendor\\laravel\\framework\\src\\Illuminate\\Support\\Facades\\Facade.php(210): Illuminate\\Support\\Facades\\Facade::resolveFacadeInstance('blade.compiler')
#9 C:\\OSPanel\\home\\guitar_prog\\vendor\\laravel\\framework\\src\\Illuminate\\Support\\Facades\\Facade.php(355): Illuminate\\Support\\Facades\\Facade::getFacadeRoot()
#10 C:\\OSPanel\\home\\guitar_prog\\vendor\\blade-ui-kit\\blade-icons\\src\\BladeIconsServiceProvider.php(106): Illuminate\\Support\\Facades\\Facade::__callStatic('directive', Array)
#11 C:\\OSPanel\\home\\guitar_prog\\vendor\\blade-ui-kit\\blade-icons\\src\\BladeIconsServiceProvider.php(27): BladeUI\\Icons\\BladeIconsServiceProvider->bootDirectives()
#12 C:\\OSPanel\\home\\guitar_prog\\vendor\\laravel\\framework\\src\\Illuminate\\Container\\BoundMethod.php(36): BladeUI\\Icons\\BladeIconsServiceProvider->boot()
#13 C:\\OSPanel\\home\\guitar_prog\\vendor\\laravel\\framework\\src\\Illuminate\\Container\\Util.php(43): Illuminate\\Container\\BoundMethod::Illuminate\\Container\\{closure}()
#14 C:\\OSPanel\\home\\guitar_prog\\vendor\\laravel\\framework\\src\\Illuminate\\Container\\BoundMethod.php(96): Illuminate\\Container\\Util::unwrapIfClosure(Object(Closure))
#15 C:\\OSPanel\\home\\guitar_prog\\vendor\\laravel\\framework\\src\\Illuminate\\Container\\BoundMethod.php(35): Illuminate\\Container\\BoundMethod::callBoundMethod(Object(Illuminate\\Foundation\\Application), Array, Object(Closure))
#16 C:\\OSPanel\\home\\guitar_prog\\vendor\\laravel\\framework\\src\\Illuminate\\Container\\Container.php(754): Illuminate\\Container\\BoundMethod::call(Object(Illuminate\\Foundation\\Application), Array, Array, NULL)
#17 C:\\OSPanel\\home\\guitar_prog\\vendor\\laravel\\framework\\src\\Illuminate\\Foundation\\Application.php(1151): Illuminate\\Container\\Container->call(Array)
#18 C:\\OSPanel\\home\\guitar_prog\\vendor\\laravel\\framework\\src\\Illuminate\\Foundation\\Application.php(1132): Illuminate\\Foundation\\Application->bootProvider(Object(BladeUI\\Icons\\BladeIconsServiceProvider))
#19 [internal function]: Illuminate\\Foundation\\Application->Illuminate\\Foundation\\{closure}(Object(BladeUI\\Icons\\BladeIconsServiceProvider), 'BladeUI\\\\Icons\\\\B...')
#20 C:\\OSPanel\\home\\guitar_prog\\vendor\\laravel\\framework\\src\\Illuminate\\Foundation\\Application.php(1131): array_walk(Array, Object(Closure))
#21 C:\\OSPanel\\home\\guitar_prog\\vendor\\laravel\\framework\\src\\Illuminate\\Foundation\\Bootstrap\\BootProviders.php(17): Illuminate\\Foundation\\Application->boot()
#22 C:\\OSPanel\\home\\guitar_prog\\vendor\\laravel\\framework\\src\\Illuminate\\Foundation\\Application.php(342): Illuminate\\Foundation\\Bootstrap\\BootProviders->bootstrap(Object(Illuminate\\Foundation\\Application))
#23 C:\\OSPanel\\home\\guitar_prog\\vendor\\laravel\\framework\\src\\Illuminate\\Foundation\\Console\\Kernel.php(474): Illuminate\\Foundation\\Application->bootstrapWith(Array)
#24 C:\\OSPanel\\home\\guitar_prog\\vendor\\laravel\\framework\\src\\Illuminate\\Foundation\\Console\\Kernel.php(196): Illuminate\\Foundation\\Console\\Kernel->bootstrap()
#25 C:\\OSPanel\\home\\guitar_prog\\vendor\\laravel\\framework\\src\\Illuminate\\Foundation\\Application.php(1235): Illuminate\\Foundation\\Console\\Kernel->handle(Object(Symfony\\Component\\Console\\Input\\ArgvInput), Object(Symfony\\Component\\Console\\Output\\ConsoleOutput))
#26 C:\\OSPanel\\home\\guitar_prog\\artisan(16): Illuminate\\Foundation\\Application->handleCommand(Object(Symfony\\Component\\Console\\Input\\ArgvInput))
#27 {main}
"} 
[2025-04-30 23:40:00] local.ERROR: Please provide a valid cache path. {"exception":"[object] (InvalidArgumentException(code: 0): Please provide a valid cache path. at C:\\OSPanel\\home\\guitar_prog\\vendor\\laravel\\framework\\src\\Illuminate\\View\\Compilers\\Compiler.php:67)
[stacktrace]
#0 C:\\OSPanel\\home\\guitar_prog\\vendor\\laravel\\framework\\src\\Illuminate\\View\\ViewServiceProvider.php(97): Illuminate\\View\\Compilers\\Compiler->__construct(Object(Illuminate\\Filesystem\\Filesystem), false, '', true, 'php')
#1 C:\\OSPanel\\home\\guitar_prog\\vendor\\laravel\\framework\\src\\Illuminate\\Container\\Container.php(1010): Illuminate\\View\\ViewServiceProvider->Illuminate\\View\\{closure}(Object(Illuminate\\Foundation\\Application), Array)
#2 C:\\OSPanel\\home\\guitar_prog\\vendor\\laravel\\framework\\src\\Illuminate\\Container\\Container.php(890): Illuminate\\Container\\Container->build(Object(Closure))
#3 C:\\OSPanel\\home\\guitar_prog\\vendor\\laravel\\framework\\src\\Illuminate\\Foundation\\Application.php(1078): Illuminate\\Container\\Container->resolve('blade.compiler', Array, true)
#4 C:\\OSPanel\\home\\guitar_prog\\vendor\\laravel\\framework\\src\\Illuminate\\Container\\Container.php(821): Illuminate\\Foundation\\Application->resolve('blade.compiler', Array)
#5 C:\\OSPanel\\home\\guitar_prog\\vendor\\laravel\\framework\\src\\Illuminate\\Foundation\\Application.php(1058): Illuminate\\Container\\Container->make('blade.compiler', Array)
#6 C:\\OSPanel\\home\\guitar_prog\\vendor\\laravel\\framework\\src\\Illuminate\\Container\\Container.php(1648): Illuminate\\Foundation\\Application->make('blade.compiler')
#7 C:\\OSPanel\\home\\guitar_prog\\vendor\\laravel\\framework\\src\\Illuminate\\Support\\Facades\\Facade.php(239): Illuminate\\Container\\Container->offsetGet('blade.compiler')
#8 C:\\OSPanel\\home\\guitar_prog\\vendor\\laravel\\framework\\src\\Illuminate\\Support\\Facades\\Facade.php(210): Illuminate\\Support\\Facades\\Facade::resolveFacadeInstance('blade.compiler')
#9 C:\\OSPanel\\home\\guitar_prog\\vendor\\laravel\\framework\\src\\Illuminate\\Support\\Facades\\Facade.php(355): Illuminate\\Support\\Facades\\Facade::getFacadeRoot()
#10 C:\\OSPanel\\home\\guitar_prog\\vendor\\blade-ui-kit\\blade-icons\\src\\BladeIconsServiceProvider.php(106): Illuminate\\Support\\Facades\\Facade::__callStatic('directive', Array)
#11 C:\\OSPanel\\home\\guitar_prog\\vendor\\blade-ui-kit\\blade-icons\\src\\BladeIconsServiceProvider.php(27): BladeUI\\Icons\\BladeIconsServiceProvider->bootDirectives()
#12 C:\\OSPanel\\home\\guitar_prog\\vendor\\laravel\\framework\\src\\Illuminate\\Container\\BoundMethod.php(36): BladeUI\\Icons\\BladeIconsServiceProvider->boot()
#13 C:\\OSPanel\\home\\guitar_prog\\vendor\\laravel\\framework\\src\\Illuminate\\Container\\Util.php(43): Illuminate\\Container\\BoundMethod::Illuminate\\Container\\{closure}()
#14 C:\\OSPanel\\home\\guitar_prog\\vendor\\laravel\\framework\\src\\Illuminate\\Container\\BoundMethod.php(96): Illuminate\\Container\\Util::unwrapIfClosure(Object(Closure))
#15 C:\\OSPanel\\home\\guitar_prog\\vendor\\laravel\\framework\\src\\Illuminate\\Container\\BoundMethod.php(35): Illuminate\\Container\\BoundMethod::callBoundMethod(Object(Illuminate\\Foundation\\Application), Array, Object(Closure))
#16 C:\\OSPanel\\home\\guitar_prog\\vendor\\laravel\\framework\\src\\Illuminate\\Container\\Container.php(754): Illuminate\\Container\\BoundMethod::call(Object(Illuminate\\Foundation\\Application), Array, Array, NULL)
#17 C:\\OSPanel\\home\\guitar_prog\\vendor\\laravel\\framework\\src\\Illuminate\\Foundation\\Application.php(1151): Illuminate\\Container\\Container->call(Array)
#18 C:\\OSPanel\\home\\guitar_prog\\vendor\\laravel\\framework\\src\\Illuminate\\Foundation\\Application.php(1132): Illuminate\\Foundation\\Application->bootProvider(Object(BladeUI\\Icons\\BladeIconsServiceProvider))
#19 [internal function]: Illuminate\\Foundation\\Application->Illuminate\\Foundation\\{closure}(Object(BladeUI\\Icons\\BladeIconsServiceProvider), 'BladeUI\\\\Icons\\\\B...')
#20 C:\\OSPanel\\home\\guitar_prog\\vendor\\laravel\\framework\\src\\Illuminate\\Foundation\\Application.php(1131): array_walk(Array, Object(Closure))
#21 C:\\OSPanel\\home\\guitar_prog\\vendor\\laravel\\framework\\src\\Illuminate\\Foundation\\Bootstrap\\BootProviders.php(17): Illuminate\\Foundation\\Application->boot()
#22 C:\\OSPanel\\home\\guitar_prog\\vendor\\laravel\\framework\\src\\Illuminate\\Foundation\\Application.php(342): Illuminate\\Foundation\\Bootstrap\\BootProviders->bootstrap(Object(Illuminate\\Foundation\\Application))
#23 C:\\OSPanel\\home\\guitar_prog\\vendor\\laravel\\framework\\src\\Illuminate\\Foundation\\Console\\Kernel.php(474): Illuminate\\Foundation\\Application->bootstrapWith(Array)
#24 C:\\OSPanel\\home\\guitar_prog\\vendor\\laravel\\framework\\src\\Illuminate\\Foundation\\Console\\Kernel.php(196): Illuminate\\Foundation\\Console\\Kernel->bootstrap()
#25 C:\\OSPanel\\home\\guitar_prog\\vendor\\laravel\\framework\\src\\Illuminate\\Foundation\\Application.php(1235): Illuminate\\Foundation\\Console\\Kernel->handle(Object(Symfony\\Component\\Console\\Input\\ArgvInput), Object(Symfony\\Component\\Console\\Output\\ConsoleOutput))
#26 C:\\OSPanel\\home\\guitar_prog\\artisan(16): Illuminate\\Foundation\\Application->handleCommand(Object(Symfony\\Component\\Console\\Input\\ArgvInput))
#27 {main}
"} 
[2025-04-30 23:40:02] local.ERROR: Please provide a valid cache path. {"exception":"[object] (InvalidArgumentException(code: 0): Please provide a valid cache path. at C:\\OSPanel\\home\\guitar_prog\\vendor\\laravel\\framework\\src\\Illuminate\\View\\Compilers\\Compiler.php:67)
[stacktrace]
#0 C:\\OSPanel\\home\\guitar_prog\\vendor\\laravel\\framework\\src\\Illuminate\\View\\ViewServiceProvider.php(97): Illuminate\\View\\Compilers\\Compiler->__construct(Object(Illuminate\\Filesystem\\Filesystem), false, '', true, 'php')
#1 C:\\OSPanel\\home\\guitar_prog\\vendor\\laravel\\framework\\src\\Illuminate\\Container\\Container.php(1010): Illuminate\\View\\ViewServiceProvider->Illuminate\\View\\{closure}(Object(Illuminate\\Foundation\\Application), Array)
#2 C:\\OSPanel\\home\\guitar_prog\\vendor\\laravel\\framework\\src\\Illuminate\\Container\\Container.php(890): Illuminate\\Container\\Container->build(Object(Closure))
#3 C:\\OSPanel\\home\\guitar_prog\\vendor\\laravel\\framework\\src\\Illuminate\\Foundation\\Application.php(1078): Illuminate\\Container\\Container->resolve('blade.compiler', Array, true)
#4 C:\\OSPanel\\home\\guitar_prog\\vendor\\laravel\\framework\\src\\Illuminate\\Container\\Container.php(821): Illuminate\\Foundation\\Application->resolve('blade.compiler', Array)
#5 C:\\OSPanel\\home\\guitar_prog\\vendor\\laravel\\framework\\src\\Illuminate\\Foundation\\Application.php(1058): Illuminate\\Container\\Container->make('blade.compiler', Array)
#6 C:\\OSPanel\\home\\guitar_prog\\vendor\\laravel\\framework\\src\\Illuminate\\Container\\Container.php(1648): Illuminate\\Foundation\\Application->make('blade.compiler')
#7 C:\\OSPanel\\home\\guitar_prog\\vendor\\laravel\\framework\\src\\Illuminate\\Support\\Facades\\Facade.php(239): Illuminate\\Container\\Container->offsetGet('blade.compiler')
#8 C:\\OSPanel\\home\\guitar_prog\\vendor\\laravel\\framework\\src\\Illuminate\\Support\\Facades\\Facade.php(210): Illuminate\\Support\\Facades\\Facade::resolveFacadeInstance('blade.compiler')
#9 C:\\OSPanel\\home\\guitar_prog\\vendor\\laravel\\framework\\src\\Illuminate\\Support\\Facades\\Facade.php(355): Illuminate\\Support\\Facades\\Facade::getFacadeRoot()
#10 C:\\OSPanel\\home\\guitar_prog\\vendor\\blade-ui-kit\\blade-icons\\src\\BladeIconsServiceProvider.php(106): Illuminate\\Support\\Facades\\Facade::__callStatic('directive', Array)
#11 C:\\OSPanel\\home\\guitar_prog\\vendor\\blade-ui-kit\\blade-icons\\src\\BladeIconsServiceProvider.php(27): BladeUI\\Icons\\BladeIconsServiceProvider->bootDirectives()
#12 C:\\OSPanel\\home\\guitar_prog\\vendor\\laravel\\framework\\src\\Illuminate\\Container\\BoundMethod.php(36): BladeUI\\Icons\\BladeIconsServiceProvider->boot()
#13 C:\\OSPanel\\home\\guitar_prog\\vendor\\laravel\\framework\\src\\Illuminate\\Container\\Util.php(43): Illuminate\\Container\\BoundMethod::Illuminate\\Container\\{closure}()
#14 C:\\OSPanel\\home\\guitar_prog\\vendor\\laravel\\framework\\src\\Illuminate\\Container\\BoundMethod.php(96): Illuminate\\Container\\Util::unwrapIfClosure(Object(Closure))
#15 C:\\OSPanel\\home\\guitar_prog\\vendor\\laravel\\framework\\src\\Illuminate\\Container\\BoundMethod.php(35): Illuminate\\Container\\BoundMethod::callBoundMethod(Object(Illuminate\\Foundation\\Application), Array, Object(Closure))
#16 C:\\OSPanel\\home\\guitar_prog\\vendor\\laravel\\framework\\src\\Illuminate\\Container\\Container.php(754): Illuminate\\Container\\BoundMethod::call(Object(Illuminate\\Foundation\\Application), Array, Array, NULL)
#17 C:\\OSPanel\\home\\guitar_prog\\vendor\\laravel\\framework\\src\\Illuminate\\Foundation\\Application.php(1151): Illuminate\\Container\\Container->call(Array)
#18 C:\\OSPanel\\home\\guitar_prog\\vendor\\laravel\\framework\\src\\Illuminate\\Foundation\\Application.php(1132): Illuminate\\Foundation\\Application->bootProvider(Object(BladeUI\\Icons\\BladeIconsServiceProvider))
#19 [internal function]: Illuminate\\Foundation\\Application->Illuminate\\Foundation\\{closure}(Object(BladeUI\\Icons\\BladeIconsServiceProvider), 'BladeUI\\\\Icons\\\\B...')
#20 C:\\OSPanel\\home\\guitar_prog\\vendor\\laravel\\framework\\src\\Illuminate\\Foundation\\Application.php(1131): array_walk(Array, Object(Closure))
#21 C:\\OSPanel\\home\\guitar_prog\\vendor\\laravel\\framework\\src\\Illuminate\\Foundation\\Bootstrap\\BootProviders.php(17): Illuminate\\Foundation\\Application->boot()
#22 C:\\OSPanel\\home\\guitar_prog\\vendor\\laravel\\framework\\src\\Illuminate\\Foundation\\Application.php(342): Illuminate\\Foundation\\Bootstrap\\BootProviders->bootstrap(Object(Illuminate\\Foundation\\Application))
#23 C:\\OSPanel\\home\\guitar_prog\\vendor\\laravel\\framework\\src\\Illuminate\\Foundation\\Console\\Kernel.php(474): Illuminate\\Foundation\\Application->bootstrapWith(Array)
#24 C:\\OSPanel\\home\\guitar_prog\\vendor\\laravel\\framework\\src\\Illuminate\\Foundation\\Console\\Kernel.php(196): Illuminate\\Foundation\\Console\\Kernel->bootstrap()
#25 C:\\OSPanel\\home\\guitar_prog\\vendor\\laravel\\framework\\src\\Illuminate\\Foundation\\Application.php(1235): Illuminate\\Foundation\\Console\\Kernel->handle(Object(Symfony\\Component\\Console\\Input\\ArgvInput), Object(Symfony\\Component\\Console\\Output\\ConsoleOutput))
#26 C:\\OSPanel\\home\\guitar_prog\\artisan(16): Illuminate\\Foundation\\Application->handleCommand(Object(Symfony\\Component\\Console\\Input\\ArgvInput))
#27 {main}
"} 
[2025-04-30 23:40:02] local.ERROR: Please provide a valid cache path. {"exception":"[object] (InvalidArgumentException(code: 0): Please provide a valid cache path. at C:\\OSPanel\\home\\guitar_prog\\vendor\\laravel\\framework\\src\\Illuminate\\View\\Compilers\\Compiler.php:67)
[stacktrace]
#0 C:\\OSPanel\\home\\guitar_prog\\vendor\\laravel\\framework\\src\\Illuminate\\View\\ViewServiceProvider.php(97): Illuminate\\View\\Compilers\\Compiler->__construct(Object(Illuminate\\Filesystem\\Filesystem), false, '', true, 'php')
#1 C:\\OSPanel\\home\\guitar_prog\\vendor\\laravel\\framework\\src\\Illuminate\\Container\\Container.php(1010): Illuminate\\View\\ViewServiceProvider->Illuminate\\View\\{closure}(Object(Illuminate\\Foundation\\Application), Array)
#2 C:\\OSPanel\\home\\guitar_prog\\vendor\\laravel\\framework\\src\\Illuminate\\Container\\Container.php(890): Illuminate\\Container\\Container->build(Object(Closure))
#3 C:\\OSPanel\\home\\guitar_prog\\vendor\\laravel\\framework\\src\\Illuminate\\Foundation\\Application.php(1078): Illuminate\\Container\\Container->resolve('blade.compiler', Array, true)
#4 C:\\OSPanel\\home\\guitar_prog\\vendor\\laravel\\framework\\src\\Illuminate\\Container\\Container.php(821): Illuminate\\Foundation\\Application->resolve('blade.compiler', Array)
#5 C:\\OSPanel\\home\\guitar_prog\\vendor\\laravel\\framework\\src\\Illuminate\\Foundation\\Application.php(1058): Illuminate\\Container\\Container->make('blade.compiler', Array)
#6 C:\\OSPanel\\home\\guitar_prog\\vendor\\laravel\\framework\\src\\Illuminate\\Container\\Container.php(1648): Illuminate\\Foundation\\Application->make('blade.compiler')
#7 C:\\OSPanel\\home\\guitar_prog\\vendor\\laravel\\framework\\src\\Illuminate\\Support\\Facades\\Facade.php(239): Illuminate\\Container\\Container->offsetGet('blade.compiler')
#8 C:\\OSPanel\\home\\guitar_prog\\vendor\\laravel\\framework\\src\\Illuminate\\Support\\Facades\\Facade.php(210): Illuminate\\Support\\Facades\\Facade::resolveFacadeInstance('blade.compiler')
#9 C:\\OSPanel\\home\\guitar_prog\\vendor\\laravel\\framework\\src\\Illuminate\\Support\\Facades\\Facade.php(355): Illuminate\\Support\\Facades\\Facade::getFacadeRoot()
#10 C:\\OSPanel\\home\\guitar_prog\\vendor\\blade-ui-kit\\blade-icons\\src\\BladeIconsServiceProvider.php(106): Illuminate\\Support\\Facades\\Facade::__callStatic('directive', Array)
#11 C:\\OSPanel\\home\\guitar_prog\\vendor\\blade-ui-kit\\blade-icons\\src\\BladeIconsServiceProvider.php(27): BladeUI\\Icons\\BladeIconsServiceProvider->bootDirectives()
#12 C:\\OSPanel\\home\\guitar_prog\\vendor\\laravel\\framework\\src\\Illuminate\\Container\\BoundMethod.php(36): BladeUI\\Icons\\BladeIconsServiceProvider->boot()
#13 C:\\OSPanel\\home\\guitar_prog\\vendor\\laravel\\framework\\src\\Illuminate\\Container\\Util.php(43): Illuminate\\Container\\BoundMethod::Illuminate\\Container\\{closure}()
#14 C:\\OSPanel\\home\\guitar_prog\\vendor\\laravel\\framework\\src\\Illuminate\\Container\\BoundMethod.php(96): Illuminate\\Container\\Util::unwrapIfClosure(Object(Closure))
#15 C:\\OSPanel\\home\\guitar_prog\\vendor\\laravel\\framework\\src\\Illuminate\\Container\\BoundMethod.php(35): Illuminate\\Container\\BoundMethod::callBoundMethod(Object(Illuminate\\Foundation\\Application), Array, Object(Closure))
#16 C:\\OSPanel\\home\\guitar_prog\\vendor\\laravel\\framework\\src\\Illuminate\\Container\\Container.php(754): Illuminate\\Container\\BoundMethod::call(Object(Illuminate\\Foundation\\Application), Array, Array, NULL)
#17 C:\\OSPanel\\home\\guitar_prog\\vendor\\laravel\\framework\\src\\Illuminate\\Foundation\\Application.php(1151): Illuminate\\Container\\Container->call(Array)
#18 C:\\OSPanel\\home\\guitar_prog\\vendor\\laravel\\framework\\src\\Illuminate\\Foundation\\Application.php(1132): Illuminate\\Foundation\\Application->bootProvider(Object(BladeUI\\Icons\\BladeIconsServiceProvider))
#19 [internal function]: Illuminate\\Foundation\\Application->Illuminate\\Foundation\\{closure}(Object(BladeUI\\Icons\\BladeIconsServiceProvider), 'BladeUI\\\\Icons\\\\B...')
#20 C:\\OSPanel\\home\\guitar_prog\\vendor\\laravel\\framework\\src\\Illuminate\\Foundation\\Application.php(1131): array_walk(Array, Object(Closure))
#21 C:\\OSPanel\\home\\guitar_prog\\vendor\\laravel\\framework\\src\\Illuminate\\Foundation\\Bootstrap\\BootProviders.php(17): Illuminate\\Foundation\\Application->boot()
#22 C:\\OSPanel\\home\\guitar_prog\\vendor\\laravel\\framework\\src\\Illuminate\\Foundation\\Application.php(342): Illuminate\\Foundation\\Bootstrap\\BootProviders->bootstrap(Object(Illuminate\\Foundation\\Application))
#23 C:\\OSPanel\\home\\guitar_prog\\vendor\\laravel\\framework\\src\\Illuminate\\Foundation\\Console\\Kernel.php(474): Illuminate\\Foundation\\Application->bootstrapWith(Array)
#24 C:\\OSPanel\\home\\guitar_prog\\vendor\\laravel\\framework\\src\\Illuminate\\Foundation\\Console\\Kernel.php(196): Illuminate\\Foundation\\Console\\Kernel->bootstrap()
#25 C:\\OSPanel\\home\\guitar_prog\\vendor\\laravel\\framework\\src\\Illuminate\\Foundation\\Application.php(1235): Illuminate\\Foundation\\Console\\Kernel->handle(Object(Symfony\\Component\\Console\\Input\\ArgvInput), Object(Symfony\\Component\\Console\\Output\\ConsoleOutput))
#26 C:\\OSPanel\\home\\guitar_prog\\artisan(16): Illuminate\\Foundation\\Application->handleCommand(Object(Symfony\\Component\\Console\\Input\\ArgvInput))
#27 {main}
"} 
[2025-04-30 23:40:03] local.ERROR: Please provide a valid cache path. {"exception":"[object] (InvalidArgumentException(code: 0): Please provide a valid cache path. at C:\\OSPanel\\home\\guitar_prog\\vendor\\laravel\\framework\\src\\Illuminate\\View\\Compilers\\Compiler.php:67)
[stacktrace]
#0 C:\\OSPanel\\home\\guitar_prog\\vendor\\laravel\\framework\\src\\Illuminate\\View\\ViewServiceProvider.php(97): Illuminate\\View\\Compilers\\Compiler->__construct(Object(Illuminate\\Filesystem\\Filesystem), false, '', true, 'php')
#1 C:\\OSPanel\\home\\guitar_prog\\vendor\\laravel\\framework\\src\\Illuminate\\Container\\Container.php(1010): Illuminate\\View\\ViewServiceProvider->Illuminate\\View\\{closure}(Object(Illuminate\\Foundation\\Application), Array)
#2 C:\\OSPanel\\home\\guitar_prog\\vendor\\laravel\\framework\\src\\Illuminate\\Container\\Container.php(890): Illuminate\\Container\\Container->build(Object(Closure))
#3 C:\\OSPanel\\home\\guitar_prog\\vendor\\laravel\\framework\\src\\Illuminate\\Foundation\\Application.php(1078): Illuminate\\Container\\Container->resolve('blade.compiler', Array, true)
#4 C:\\OSPanel\\home\\guitar_prog\\vendor\\laravel\\framework\\src\\Illuminate\\Container\\Container.php(821): Illuminate\\Foundation\\Application->resolve('blade.compiler', Array)
#5 C:\\OSPanel\\home\\guitar_prog\\vendor\\laravel\\framework\\src\\Illuminate\\Foundation\\Application.php(1058): Illuminate\\Container\\Container->make('blade.compiler', Array)
#6 C:\\OSPanel\\home\\guitar_prog\\vendor\\laravel\\framework\\src\\Illuminate\\Container\\Container.php(1648): Illuminate\\Foundation\\Application->make('blade.compiler')
#7 C:\\OSPanel\\home\\guitar_prog\\vendor\\laravel\\framework\\src\\Illuminate\\Support\\Facades\\Facade.php(239): Illuminate\\Container\\Container->offsetGet('blade.compiler')
#8 C:\\OSPanel\\home\\guitar_prog\\vendor\\laravel\\framework\\src\\Illuminate\\Support\\Facades\\Facade.php(210): Illuminate\\Support\\Facades\\Facade::resolveFacadeInstance('blade.compiler')
#9 C:\\OSPanel\\home\\guitar_prog\\vendor\\laravel\\framework\\src\\Illuminate\\Support\\Facades\\Facade.php(355): Illuminate\\Support\\Facades\\Facade::getFacadeRoot()
#10 C:\\OSPanel\\home\\guitar_prog\\vendor\\blade-ui-kit\\blade-icons\\src\\BladeIconsServiceProvider.php(106): Illuminate\\Support\\Facades\\Facade::__callStatic('directive', Array)
#11 C:\\OSPanel\\home\\guitar_prog\\vendor\\blade-ui-kit\\blade-icons\\src\\BladeIconsServiceProvider.php(27): BladeUI\\Icons\\BladeIconsServiceProvider->bootDirectives()
#12 C:\\OSPanel\\home\\guitar_prog\\vendor\\laravel\\framework\\src\\Illuminate\\Container\\BoundMethod.php(36): BladeUI\\Icons\\BladeIconsServiceProvider->boot()
#13 C:\\OSPanel\\home\\guitar_prog\\vendor\\laravel\\framework\\src\\Illuminate\\Container\\Util.php(43): Illuminate\\Container\\BoundMethod::Illuminate\\Container\\{closure}()
#14 C:\\OSPanel\\home\\guitar_prog\\vendor\\laravel\\framework\\src\\Illuminate\\Container\\BoundMethod.php(96): Illuminate\\Container\\Util::unwrapIfClosure(Object(Closure))
#15 C:\\OSPanel\\home\\guitar_prog\\vendor\\laravel\\framework\\src\\Illuminate\\Container\\BoundMethod.php(35): Illuminate\\Container\\BoundMethod::callBoundMethod(Object(Illuminate\\Foundation\\Application), Array, Object(Closure))
#16 C:\\OSPanel\\home\\guitar_prog\\vendor\\laravel\\framework\\src\\Illuminate\\Container\\Container.php(754): Illuminate\\Container\\BoundMethod::call(Object(Illuminate\\Foundation\\Application), Array, Array, NULL)
#17 C:\\OSPanel\\home\\guitar_prog\\vendor\\laravel\\framework\\src\\Illuminate\\Foundation\\Application.php(1151): Illuminate\\Container\\Container->call(Array)
#18 C:\\OSPanel\\home\\guitar_prog\\vendor\\laravel\\framework\\src\\Illuminate\\Foundation\\Application.php(1132): Illuminate\\Foundation\\Application->bootProvider(Object(BladeUI\\Icons\\BladeIconsServiceProvider))
#19 [internal function]: Illuminate\\Foundation\\Application->Illuminate\\Foundation\\{closure}(Object(BladeUI\\Icons\\BladeIconsServiceProvider), 'BladeUI\\\\Icons\\\\B...')
#20 C:\\OSPanel\\home\\guitar_prog\\vendor\\laravel\\framework\\src\\Illuminate\\Foundation\\Application.php(1131): array_walk(Array, Object(Closure))
#21 C:\\OSPanel\\home\\guitar_prog\\vendor\\laravel\\framework\\src\\Illuminate\\Foundation\\Bootstrap\\BootProviders.php(17): Illuminate\\Foundation\\Application->boot()
#22 C:\\OSPanel\\home\\guitar_prog\\vendor\\laravel\\framework\\src\\Illuminate\\Foundation\\Application.php(342): Illuminate\\Foundation\\Bootstrap\\BootProviders->bootstrap(Object(Illuminate\\Foundation\\Application))
#23 C:\\OSPanel\\home\\guitar_prog\\vendor\\laravel\\framework\\src\\Illuminate\\Foundation\\Console\\Kernel.php(474): Illuminate\\Foundation\\Application->bootstrapWith(Array)
#24 C:\\OSPanel\\home\\guitar_prog\\vendor\\laravel\\framework\\src\\Illuminate\\Foundation\\Console\\Kernel.php(196): Illuminate\\Foundation\\Console\\Kernel->bootstrap()
#25 C:\\OSPanel\\home\\guitar_prog\\vendor\\laravel\\framework\\src\\Illuminate\\Foundation\\Application.php(1235): Illuminate\\Foundation\\Console\\Kernel->handle(Object(Symfony\\Component\\Console\\Input\\ArgvInput), Object(Symfony\\Component\\Console\\Output\\ConsoleOutput))
#26 C:\\OSPanel\\home\\guitar_prog\\artisan(16): Illuminate\\Foundation\\Application->handleCommand(Object(Symfony\\Component\\Console\\Input\\ArgvInput))
#27 {main}
"} 
[2025-04-30 23:40:03] local.ERROR: Please provide a valid cache path. {"exception":"[object] (InvalidArgumentException(code: 0): Please provide a valid cache path. at C:\\OSPanel\\home\\guitar_prog\\vendor\\laravel\\framework\\src\\Illuminate\\View\\Compilers\\Compiler.php:67)
[stacktrace]
#0 C:\\OSPanel\\home\\guitar_prog\\vendor\\laravel\\framework\\src\\Illuminate\\View\\ViewServiceProvider.php(97): Illuminate\\View\\Compilers\\Compiler->__construct(Object(Illuminate\\Filesystem\\Filesystem), false, '', true, 'php')
#1 C:\\OSPanel\\home\\guitar_prog\\vendor\\laravel\\framework\\src\\Illuminate\\Container\\Container.php(1010): Illuminate\\View\\ViewServiceProvider->Illuminate\\View\\{closure}(Object(Illuminate\\Foundation\\Application), Array)
#2 C:\\OSPanel\\home\\guitar_prog\\vendor\\laravel\\framework\\src\\Illuminate\\Container\\Container.php(890): Illuminate\\Container\\Container->build(Object(Closure))
#3 C:\\OSPanel\\home\\guitar_prog\\vendor\\laravel\\framework\\src\\Illuminate\\Foundation\\Application.php(1078): Illuminate\\Container\\Container->resolve('blade.compiler', Array, true)
#4 C:\\OSPanel\\home\\guitar_prog\\vendor\\laravel\\framework\\src\\Illuminate\\Container\\Container.php(821): Illuminate\\Foundation\\Application->resolve('blade.compiler', Array)
#5 C:\\OSPanel\\home\\guitar_prog\\vendor\\laravel\\framework\\src\\Illuminate\\Foundation\\Application.php(1058): Illuminate\\Container\\Container->make('blade.compiler', Array)
#6 C:\\OSPanel\\home\\guitar_prog\\vendor\\laravel\\framework\\src\\Illuminate\\Container\\Container.php(1648): Illuminate\\Foundation\\Application->make('blade.compiler')
#7 C:\\OSPanel\\home\\guitar_prog\\vendor\\laravel\\framework\\src\\Illuminate\\Support\\Facades\\Facade.php(239): Illuminate\\Container\\Container->offsetGet('blade.compiler')
#8 C:\\OSPanel\\home\\guitar_prog\\vendor\\laravel\\framework\\src\\Illuminate\\Support\\Facades\\Facade.php(210): Illuminate\\Support\\Facades\\Facade::resolveFacadeInstance('blade.compiler')
#9 C:\\OSPanel\\home\\guitar_prog\\vendor\\laravel\\framework\\src\\Illuminate\\Support\\Facades\\Facade.php(355): Illuminate\\Support\\Facades\\Facade::getFacadeRoot()
#10 C:\\OSPanel\\home\\guitar_prog\\vendor\\blade-ui-kit\\blade-icons\\src\\BladeIconsServiceProvider.php(106): Illuminate\\Support\\Facades\\Facade::__callStatic('directive', Array)
#11 C:\\OSPanel\\home\\guitar_prog\\vendor\\blade-ui-kit\\blade-icons\\src\\BladeIconsServiceProvider.php(27): BladeUI\\Icons\\BladeIconsServiceProvider->bootDirectives()
#12 C:\\OSPanel\\home\\guitar_prog\\vendor\\laravel\\framework\\src\\Illuminate\\Container\\BoundMethod.php(36): BladeUI\\Icons\\BladeIconsServiceProvider->boot()
#13 C:\\OSPanel\\home\\guitar_prog\\vendor\\laravel\\framework\\src\\Illuminate\\Container\\Util.php(43): Illuminate\\Container\\BoundMethod::Illuminate\\Container\\{closure}()
#14 C:\\OSPanel\\home\\guitar_prog\\vendor\\laravel\\framework\\src\\Illuminate\\Container\\BoundMethod.php(96): Illuminate\\Container\\Util::unwrapIfClosure(Object(Closure))
#15 C:\\OSPanel\\home\\guitar_prog\\vendor\\laravel\\framework\\src\\Illuminate\\Container\\BoundMethod.php(35): Illuminate\\Container\\BoundMethod::callBoundMethod(Object(Illuminate\\Foundation\\Application), Array, Object(Closure))
#16 C:\\OSPanel\\home\\guitar_prog\\vendor\\laravel\\framework\\src\\Illuminate\\Container\\Container.php(754): Illuminate\\Container\\BoundMethod::call(Object(Illuminate\\Foundation\\Application), Array, Array, NULL)
#17 C:\\OSPanel\\home\\guitar_prog\\vendor\\laravel\\framework\\src\\Illuminate\\Foundation\\Application.php(1151): Illuminate\\Container\\Container->call(Array)
#18 C:\\OSPanel\\home\\guitar_prog\\vendor\\laravel\\framework\\src\\Illuminate\\Foundation\\Application.php(1132): Illuminate\\Foundation\\Application->bootProvider(Object(BladeUI\\Icons\\BladeIconsServiceProvider))
#19 [internal function]: Illuminate\\Foundation\\Application->Illuminate\\Foundation\\{closure}(Object(BladeUI\\Icons\\BladeIconsServiceProvider), 'BladeUI\\\\Icons\\\\B...')
#20 C:\\OSPanel\\home\\guitar_prog\\vendor\\laravel\\framework\\src\\Illuminate\\Foundation\\Application.php(1131): array_walk(Array, Object(Closure))
#21 C:\\OSPanel\\home\\guitar_prog\\vendor\\laravel\\framework\\src\\Illuminate\\Foundation\\Bootstrap\\BootProviders.php(17): Illuminate\\Foundation\\Application->boot()
#22 C:\\OSPanel\\home\\guitar_prog\\vendor\\laravel\\framework\\src\\Illuminate\\Foundation\\Application.php(342): Illuminate\\Foundation\\Bootstrap\\BootProviders->bootstrap(Object(Illuminate\\Foundation\\Application))
#23 C:\\OSPanel\\home\\guitar_prog\\vendor\\laravel\\framework\\src\\Illuminate\\Foundation\\Console\\Kernel.php(474): Illuminate\\Foundation\\Application->bootstrapWith(Array)
#24 C:\\OSPanel\\home\\guitar_prog\\vendor\\laravel\\framework\\src\\Illuminate\\Foundation\\Console\\Kernel.php(196): Illuminate\\Foundation\\Console\\Kernel->bootstrap()
#25 C:\\OSPanel\\home\\guitar_prog\\vendor\\laravel\\framework\\src\\Illuminate\\Foundation\\Application.php(1235): Illuminate\\Foundation\\Console\\Kernel->handle(Object(Symfony\\Component\\Console\\Input\\ArgvInput), Object(Symfony\\Component\\Console\\Output\\ConsoleOutput))
#26 C:\\OSPanel\\home\\guitar_prog\\artisan(16): Illuminate\\Foundation\\Application->handleCommand(Object(Symfony\\Component\\Console\\Input\\ArgvInput))
#27 {main}
"} 
[2025-04-30 23:40:04] local.ERROR: Please provide a valid cache path. {"exception":"[object] (InvalidArgumentException(code: 0): Please provide a valid cache path. at C:\\OSPanel\\home\\guitar_prog\\vendor\\laravel\\framework\\src\\Illuminate\\View\\Compilers\\Compiler.php:67)
[stacktrace]
#0 C:\\OSPanel\\home\\guitar_prog\\vendor\\laravel\\framework\\src\\Illuminate\\View\\ViewServiceProvider.php(97): Illuminate\\View\\Compilers\\Compiler->__construct(Object(Illuminate\\Filesystem\\Filesystem), false, '', true, 'php')
#1 C:\\OSPanel\\home\\guitar_prog\\vendor\\laravel\\framework\\src\\Illuminate\\Container\\Container.php(1010): Illuminate\\View\\ViewServiceProvider->Illuminate\\View\\{closure}(Object(Illuminate\\Foundation\\Application), Array)
#2 C:\\OSPanel\\home\\guitar_prog\\vendor\\laravel\\framework\\src\\Illuminate\\Container\\Container.php(890): Illuminate\\Container\\Container->build(Object(Closure))
#3 C:\\OSPanel\\home\\guitar_prog\\vendor\\laravel\\framework\\src\\Illuminate\\Foundation\\Application.php(1078): Illuminate\\Container\\Container->resolve('blade.compiler', Array, true)
#4 C:\\OSPanel\\home\\guitar_prog\\vendor\\laravel\\framework\\src\\Illuminate\\Container\\Container.php(821): Illuminate\\Foundation\\Application->resolve('blade.compiler', Array)
#5 C:\\OSPanel\\home\\guitar_prog\\vendor\\laravel\\framework\\src\\Illuminate\\Foundation\\Application.php(1058): Illuminate\\Container\\Container->make('blade.compiler', Array)
#6 C:\\OSPanel\\home\\guitar_prog\\vendor\\laravel\\framework\\src\\Illuminate\\Container\\Container.php(1648): Illuminate\\Foundation\\Application->make('blade.compiler')
#7 C:\\OSPanel\\home\\guitar_prog\\vendor\\laravel\\framework\\src\\Illuminate\\Support\\Facades\\Facade.php(239): Illuminate\\Container\\Container->offsetGet('blade.compiler')
#8 C:\\OSPanel\\home\\guitar_prog\\vendor\\laravel\\framework\\src\\Illuminate\\Support\\Facades\\Facade.php(210): Illuminate\\Support\\Facades\\Facade::resolveFacadeInstance('blade.compiler')
#9 C:\\OSPanel\\home\\guitar_prog\\vendor\\laravel\\framework\\src\\Illuminate\\Support\\Facades\\Facade.php(355): Illuminate\\Support\\Facades\\Facade::getFacadeRoot()
#10 C:\\OSPanel\\home\\guitar_prog\\vendor\\blade-ui-kit\\blade-icons\\src\\BladeIconsServiceProvider.php(106): Illuminate\\Support\\Facades\\Facade::__callStatic('directive', Array)
#11 C:\\OSPanel\\home\\guitar_prog\\vendor\\blade-ui-kit\\blade-icons\\src\\BladeIconsServiceProvider.php(27): BladeUI\\Icons\\BladeIconsServiceProvider->bootDirectives()
#12 C:\\OSPanel\\home\\guitar_prog\\vendor\\laravel\\framework\\src\\Illuminate\\Container\\BoundMethod.php(36): BladeUI\\Icons\\BladeIconsServiceProvider->boot()
#13 C:\\OSPanel\\home\\guitar_prog\\vendor\\laravel\\framework\\src\\Illuminate\\Container\\Util.php(43): Illuminate\\Container\\BoundMethod::Illuminate\\Container\\{closure}()
#14 C:\\OSPanel\\home\\guitar_prog\\vendor\\laravel\\framework\\src\\Illuminate\\Container\\BoundMethod.php(96): Illuminate\\Container\\Util::unwrapIfClosure(Object(Closure))
#15 C:\\OSPanel\\home\\guitar_prog\\vendor\\laravel\\framework\\src\\Illuminate\\Container\\BoundMethod.php(35): Illuminate\\Container\\BoundMethod::callBoundMethod(Object(Illuminate\\Foundation\\Application), Array, Object(Closure))
#16 C:\\OSPanel\\home\\guitar_prog\\vendor\\laravel\\framework\\src\\Illuminate\\Container\\Container.php(754): Illuminate\\Container\\BoundMethod::call(Object(Illuminate\\Foundation\\Application), Array, Array, NULL)
#17 C:\\OSPanel\\home\\guitar_prog\\vendor\\laravel\\framework\\src\\Illuminate\\Foundation\\Application.php(1151): Illuminate\\Container\\Container->call(Array)
#18 C:\\OSPanel\\home\\guitar_prog\\vendor\\laravel\\framework\\src\\Illuminate\\Foundation\\Application.php(1132): Illuminate\\Foundation\\Application->bootProvider(Object(BladeUI\\Icons\\BladeIconsServiceProvider))
#19 [internal function]: Illuminate\\Foundation\\Application->Illuminate\\Foundation\\{closure}(Object(BladeUI\\Icons\\BladeIconsServiceProvider), 'BladeUI\\\\Icons\\\\B...')
#20 C:\\OSPanel\\home\\guitar_prog\\vendor\\laravel\\framework\\src\\Illuminate\\Foundation\\Application.php(1131): array_walk(Array, Object(Closure))
#21 C:\\OSPanel\\home\\guitar_prog\\vendor\\laravel\\framework\\src\\Illuminate\\Foundation\\Bootstrap\\BootProviders.php(17): Illuminate\\Foundation\\Application->boot()
#22 C:\\OSPanel\\home\\guitar_prog\\vendor\\laravel\\framework\\src\\Illuminate\\Foundation\\Application.php(342): Illuminate\\Foundation\\Bootstrap\\BootProviders->bootstrap(Object(Illuminate\\Foundation\\Application))
#23 C:\\OSPanel\\home\\guitar_prog\\vendor\\laravel\\framework\\src\\Illuminate\\Foundation\\Console\\Kernel.php(474): Illuminate\\Foundation\\Application->bootstrapWith(Array)
#24 C:\\OSPanel\\home\\guitar_prog\\vendor\\laravel\\framework\\src\\Illuminate\\Foundation\\Console\\Kernel.php(196): Illuminate\\Foundation\\Console\\Kernel->bootstrap()
#25 C:\\OSPanel\\home\\guitar_prog\\vendor\\laravel\\framework\\src\\Illuminate\\Foundation\\Application.php(1235): Illuminate\\Foundation\\Console\\Kernel->handle(Object(Symfony\\Component\\Console\\Input\\ArgvInput), Object(Symfony\\Component\\Console\\Output\\ConsoleOutput))
#26 C:\\OSPanel\\home\\guitar_prog\\artisan(16): Illuminate\\Foundation\\Application->handleCommand(Object(Symfony\\Component\\Console\\Input\\ArgvInput))
#27 {main}
"} 
[2025-04-30 23:40:04] local.ERROR: Please provide a valid cache path. {"exception":"[object] (InvalidArgumentException(code: 0): Please provide a valid cache path. at C:\\OSPanel\\home\\guitar_prog\\vendor\\laravel\\framework\\src\\Illuminate\\View\\Compilers\\Compiler.php:67)
[stacktrace]
#0 C:\\OSPanel\\home\\guitar_prog\\vendor\\laravel\\framework\\src\\Illuminate\\View\\ViewServiceProvider.php(97): Illuminate\\View\\Compilers\\Compiler->__construct(Object(Illuminate\\Filesystem\\Filesystem), false, '', true, 'php')
#1 C:\\OSPanel\\home\\guitar_prog\\vendor\\laravel\\framework\\src\\Illuminate\\Container\\Container.php(1010): Illuminate\\View\\ViewServiceProvider->Illuminate\\View\\{closure}(Object(Illuminate\\Foundation\\Application), Array)
#2 C:\\OSPanel\\home\\guitar_prog\\vendor\\laravel\\framework\\src\\Illuminate\\Container\\Container.php(890): Illuminate\\Container\\Container->build(Object(Closure))
#3 C:\\OSPanel\\home\\guitar_prog\\vendor\\laravel\\framework\\src\\Illuminate\\Foundation\\Application.php(1078): Illuminate\\Container\\Container->resolve('blade.compiler', Array, true)
#4 C:\\OSPanel\\home\\guitar_prog\\vendor\\laravel\\framework\\src\\Illuminate\\Container\\Container.php(821): Illuminate\\Foundation\\Application->resolve('blade.compiler', Array)
#5 C:\\OSPanel\\home\\guitar_prog\\vendor\\laravel\\framework\\src\\Illuminate\\Foundation\\Application.php(1058): Illuminate\\Container\\Container->make('blade.compiler', Array)
#6 C:\\OSPanel\\home\\guitar_prog\\vendor\\laravel\\framework\\src\\Illuminate\\Container\\Container.php(1648): Illuminate\\Foundation\\Application->make('blade.compiler')
#7 C:\\OSPanel\\home\\guitar_prog\\vendor\\laravel\\framework\\src\\Illuminate\\Support\\Facades\\Facade.php(239): Illuminate\\Container\\Container->offsetGet('blade.compiler')
#8 C:\\OSPanel\\home\\guitar_prog\\vendor\\laravel\\framework\\src\\Illuminate\\Support\\Facades\\Facade.php(210): Illuminate\\Support\\Facades\\Facade::resolveFacadeInstance('blade.compiler')
#9 C:\\OSPanel\\home\\guitar_prog\\vendor\\laravel\\framework\\src\\Illuminate\\Support\\Facades\\Facade.php(355): Illuminate\\Support\\Facades\\Facade::getFacadeRoot()
#10 C:\\OSPanel\\home\\guitar_prog\\vendor\\blade-ui-kit\\blade-icons\\src\\BladeIconsServiceProvider.php(106): Illuminate\\Support\\Facades\\Facade::__callStatic('directive', Array)
#11 C:\\OSPanel\\home\\guitar_prog\\vendor\\blade-ui-kit\\blade-icons\\src\\BladeIconsServiceProvider.php(27): BladeUI\\Icons\\BladeIconsServiceProvider->bootDirectives()
#12 C:\\OSPanel\\home\\guitar_prog\\vendor\\laravel\\framework\\src\\Illuminate\\Container\\BoundMethod.php(36): BladeUI\\Icons\\BladeIconsServiceProvider->boot()
#13 C:\\OSPanel\\home\\guitar_prog\\vendor\\laravel\\framework\\src\\Illuminate\\Container\\Util.php(43): Illuminate\\Container\\BoundMethod::Illuminate\\Container\\{closure}()
#14 C:\\OSPanel\\home\\guitar_prog\\vendor\\laravel\\framework\\src\\Illuminate\\Container\\BoundMethod.php(96): Illuminate\\Container\\Util::unwrapIfClosure(Object(Closure))
#15 C:\\OSPanel\\home\\guitar_prog\\vendor\\laravel\\framework\\src\\Illuminate\\Container\\BoundMethod.php(35): Illuminate\\Container\\BoundMethod::callBoundMethod(Object(Illuminate\\Foundation\\Application), Array, Object(Closure))
#16 C:\\OSPanel\\home\\guitar_prog\\vendor\\laravel\\framework\\src\\Illuminate\\Container\\Container.php(754): Illuminate\\Container\\BoundMethod::call(Object(Illuminate\\Foundation\\Application), Array, Array, NULL)
#17 C:\\OSPanel\\home\\guitar_prog\\vendor\\laravel\\framework\\src\\Illuminate\\Foundation\\Application.php(1151): Illuminate\\Container\\Container->call(Array)
#18 C:\\OSPanel\\home\\guitar_prog\\vendor\\laravel\\framework\\src\\Illuminate\\Foundation\\Application.php(1132): Illuminate\\Foundation\\Application->bootProvider(Object(BladeUI\\Icons\\BladeIconsServiceProvider))
#19 [internal function]: Illuminate\\Foundation\\Application->Illuminate\\Foundation\\{closure}(Object(BladeUI\\Icons\\BladeIconsServiceProvider), 'BladeUI\\\\Icons\\\\B...')
#20 C:\\OSPanel\\home\\guitar_prog\\vendor\\laravel\\framework\\src\\Illuminate\\Foundation\\Application.php(1131): array_walk(Array, Object(Closure))
#21 C:\\OSPanel\\home\\guitar_prog\\vendor\\laravel\\framework\\src\\Illuminate\\Foundation\\Bootstrap\\BootProviders.php(17): Illuminate\\Foundation\\Application->boot()
#22 C:\\OSPanel\\home\\guitar_prog\\vendor\\laravel\\framework\\src\\Illuminate\\Foundation\\Application.php(342): Illuminate\\Foundation\\Bootstrap\\BootProviders->bootstrap(Object(Illuminate\\Foundation\\Application))
#23 C:\\OSPanel\\home\\guitar_prog\\vendor\\laravel\\framework\\src\\Illuminate\\Foundation\\Console\\Kernel.php(474): Illuminate\\Foundation\\Application->bootstrapWith(Array)
#24 C:\\OSPanel\\home\\guitar_prog\\vendor\\laravel\\framework\\src\\Illuminate\\Foundation\\Console\\Kernel.php(196): Illuminate\\Foundation\\Console\\Kernel->bootstrap()
#25 C:\\OSPanel\\home\\guitar_prog\\vendor\\laravel\\framework\\src\\Illuminate\\Foundation\\Application.php(1235): Illuminate\\Foundation\\Console\\Kernel->handle(Object(Symfony\\Component\\Console\\Input\\ArgvInput), Object(Symfony\\Component\\Console\\Output\\ConsoleOutput))
#26 C:\\OSPanel\\home\\guitar_prog\\artisan(16): Illuminate\\Foundation\\Application->handleCommand(Object(Symfony\\Component\\Console\\Input\\ArgvInput))
#27 {main}
"} 
[2025-04-30 23:40:04] local.ERROR: Please provide a valid cache path. {"exception":"[object] (InvalidArgumentException(code: 0): Please provide a valid cache path. at C:\\OSPanel\\home\\guitar_prog\\vendor\\laravel\\framework\\src\\Illuminate\\View\\Compilers\\Compiler.php:67)
[stacktrace]
#0 C:\\OSPanel\\home\\guitar_prog\\vendor\\laravel\\framework\\src\\Illuminate\\View\\ViewServiceProvider.php(97): Illuminate\\View\\Compilers\\Compiler->__construct(Object(Illuminate\\Filesystem\\Filesystem), false, '', true, 'php')
#1 C:\\OSPanel\\home\\guitar_prog\\vendor\\laravel\\framework\\src\\Illuminate\\Container\\Container.php(1010): Illuminate\\View\\ViewServiceProvider->Illuminate\\View\\{closure}(Object(Illuminate\\Foundation\\Application), Array)
#2 C:\\OSPanel\\home\\guitar_prog\\vendor\\laravel\\framework\\src\\Illuminate\\Container\\Container.php(890): Illuminate\\Container\\Container->build(Object(Closure))
#3 C:\\OSPanel\\home\\guitar_prog\\vendor\\laravel\\framework\\src\\Illuminate\\Foundation\\Application.php(1078): Illuminate\\Container\\Container->resolve('blade.compiler', Array, true)
#4 C:\\OSPanel\\home\\guitar_prog\\vendor\\laravel\\framework\\src\\Illuminate\\Container\\Container.php(821): Illuminate\\Foundation\\Application->resolve('blade.compiler', Array)
#5 C:\\OSPanel\\home\\guitar_prog\\vendor\\laravel\\framework\\src\\Illuminate\\Foundation\\Application.php(1058): Illuminate\\Container\\Container->make('blade.compiler', Array)
#6 C:\\OSPanel\\home\\guitar_prog\\vendor\\laravel\\framework\\src\\Illuminate\\Container\\Container.php(1648): Illuminate\\Foundation\\Application->make('blade.compiler')
#7 C:\\OSPanel\\home\\guitar_prog\\vendor\\laravel\\framework\\src\\Illuminate\\Support\\Facades\\Facade.php(239): Illuminate\\Container\\Container->offsetGet('blade.compiler')
#8 C:\\OSPanel\\home\\guitar_prog\\vendor\\laravel\\framework\\src\\Illuminate\\Support\\Facades\\Facade.php(210): Illuminate\\Support\\Facades\\Facade::resolveFacadeInstance('blade.compiler')
#9 C:\\OSPanel\\home\\guitar_prog\\vendor\\laravel\\framework\\src\\Illuminate\\Support\\Facades\\Facade.php(355): Illuminate\\Support\\Facades\\Facade::getFacadeRoot()
#10 C:\\OSPanel\\home\\guitar_prog\\vendor\\blade-ui-kit\\blade-icons\\src\\BladeIconsServiceProvider.php(106): Illuminate\\Support\\Facades\\Facade::__callStatic('directive', Array)
#11 C:\\OSPanel\\home\\guitar_prog\\vendor\\blade-ui-kit\\blade-icons\\src\\BladeIconsServiceProvider.php(27): BladeUI\\Icons\\BladeIconsServiceProvider->bootDirectives()
#12 C:\\OSPanel\\home\\guitar_prog\\vendor\\laravel\\framework\\src\\Illuminate\\Container\\BoundMethod.php(36): BladeUI\\Icons\\BladeIconsServiceProvider->boot()
#13 C:\\OSPanel\\home\\guitar_prog\\vendor\\laravel\\framework\\src\\Illuminate\\Container\\Util.php(43): Illuminate\\Container\\BoundMethod::Illuminate\\Container\\{closure}()
#14 C:\\OSPanel\\home\\guitar_prog\\vendor\\laravel\\framework\\src\\Illuminate\\Container\\BoundMethod.php(96): Illuminate\\Container\\Util::unwrapIfClosure(Object(Closure))
#15 C:\\OSPanel\\home\\guitar_prog\\vendor\\laravel\\framework\\src\\Illuminate\\Container\\BoundMethod.php(35): Illuminate\\Container\\BoundMethod::callBoundMethod(Object(Illuminate\\Foundation\\Application), Array, Object(Closure))
#16 C:\\OSPanel\\home\\guitar_prog\\vendor\\laravel\\framework\\src\\Illuminate\\Container\\Container.php(754): Illuminate\\Container\\BoundMethod::call(Object(Illuminate\\Foundation\\Application), Array, Array, NULL)
#17 C:\\OSPanel\\home\\guitar_prog\\vendor\\laravel\\framework\\src\\Illuminate\\Foundation\\Application.php(1151): Illuminate\\Container\\Container->call(Array)
#18 C:\\OSPanel\\home\\guitar_prog\\vendor\\laravel\\framework\\src\\Illuminate\\Foundation\\Application.php(1132): Illuminate\\Foundation\\Application->bootProvider(Object(BladeUI\\Icons\\BladeIconsServiceProvider))
#19 [internal function]: Illuminate\\Foundation\\Application->Illuminate\\Foundation\\{closure}(Object(BladeUI\\Icons\\BladeIconsServiceProvider), 'BladeUI\\\\Icons\\\\B...')
#20 C:\\OSPanel\\home\\guitar_prog\\vendor\\laravel\\framework\\src\\Illuminate\\Foundation\\Application.php(1131): array_walk(Array, Object(Closure))
#21 C:\\OSPanel\\home\\guitar_prog\\vendor\\laravel\\framework\\src\\Illuminate\\Foundation\\Bootstrap\\BootProviders.php(17): Illuminate\\Foundation\\Application->boot()
#22 C:\\OSPanel\\home\\guitar_prog\\vendor\\laravel\\framework\\src\\Illuminate\\Foundation\\Application.php(342): Illuminate\\Foundation\\Bootstrap\\BootProviders->bootstrap(Object(Illuminate\\Foundation\\Application))
#23 C:\\OSPanel\\home\\guitar_prog\\vendor\\laravel\\framework\\src\\Illuminate\\Foundation\\Console\\Kernel.php(474): Illuminate\\Foundation\\Application->bootstrapWith(Array)
#24 C:\\OSPanel\\home\\guitar_prog\\vendor\\laravel\\framework\\src\\Illuminate\\Foundation\\Console\\Kernel.php(196): Illuminate\\Foundation\\Console\\Kernel->bootstrap()
#25 C:\\OSPanel\\home\\guitar_prog\\vendor\\laravel\\framework\\src\\Illuminate\\Foundation\\Application.php(1235): Illuminate\\Foundation\\Console\\Kernel->handle(Object(Symfony\\Component\\Console\\Input\\ArgvInput), Object(Symfony\\Component\\Console\\Output\\ConsoleOutput))
#26 C:\\OSPanel\\home\\guitar_prog\\artisan(16): Illuminate\\Foundation\\Application->handleCommand(Object(Symfony\\Component\\Console\\Input\\ArgvInput))
#27 {main}
"} 
[2025-04-30 23:40:05] local.ERROR: Please provide a valid cache path. {"exception":"[object] (InvalidArgumentException(code: 0): Please provide a valid cache path. at C:\\OSPanel\\home\\guitar_prog\\vendor\\laravel\\framework\\src\\Illuminate\\View\\Compilers\\Compiler.php:67)
[stacktrace]
#0 C:\\OSPanel\\home\\guitar_prog\\vendor\\laravel\\framework\\src\\Illuminate\\View\\ViewServiceProvider.php(97): Illuminate\\View\\Compilers\\Compiler->__construct(Object(Illuminate\\Filesystem\\Filesystem), false, '', true, 'php')
#1 C:\\OSPanel\\home\\guitar_prog\\vendor\\laravel\\framework\\src\\Illuminate\\Container\\Container.php(1010): Illuminate\\View\\ViewServiceProvider->Illuminate\\View\\{closure}(Object(Illuminate\\Foundation\\Application), Array)
#2 C:\\OSPanel\\home\\guitar_prog\\vendor\\laravel\\framework\\src\\Illuminate\\Container\\Container.php(890): Illuminate\\Container\\Container->build(Object(Closure))
#3 C:\\OSPanel\\home\\guitar_prog\\vendor\\laravel\\framework\\src\\Illuminate\\Foundation\\Application.php(1078): Illuminate\\Container\\Container->resolve('blade.compiler', Array, true)
#4 C:\\OSPanel\\home\\guitar_prog\\vendor\\laravel\\framework\\src\\Illuminate\\Container\\Container.php(821): Illuminate\\Foundation\\Application->resolve('blade.compiler', Array)
#5 C:\\OSPanel\\home\\guitar_prog\\vendor\\laravel\\framework\\src\\Illuminate\\Foundation\\Application.php(1058): Illuminate\\Container\\Container->make('blade.compiler', Array)
#6 C:\\OSPanel\\home\\guitar_prog\\vendor\\laravel\\framework\\src\\Illuminate\\Container\\Container.php(1648): Illuminate\\Foundation\\Application->make('blade.compiler')
#7 C:\\OSPanel\\home\\guitar_prog\\vendor\\laravel\\framework\\src\\Illuminate\\Support\\Facades\\Facade.php(239): Illuminate\\Container\\Container->offsetGet('blade.compiler')
#8 C:\\OSPanel\\home\\guitar_prog\\vendor\\laravel\\framework\\src\\Illuminate\\Support\\Facades\\Facade.php(210): Illuminate\\Support\\Facades\\Facade::resolveFacadeInstance('blade.compiler')
#9 C:\\OSPanel\\home\\guitar_prog\\vendor\\laravel\\framework\\src\\Illuminate\\Support\\Facades\\Facade.php(355): Illuminate\\Support\\Facades\\Facade::getFacadeRoot()
#10 C:\\OSPanel\\home\\guitar_prog\\vendor\\blade-ui-kit\\blade-icons\\src\\BladeIconsServiceProvider.php(106): Illuminate\\Support\\Facades\\Facade::__callStatic('directive', Array)
#11 C:\\OSPanel\\home\\guitar_prog\\vendor\\blade-ui-kit\\blade-icons\\src\\BladeIconsServiceProvider.php(27): BladeUI\\Icons\\BladeIconsServiceProvider->bootDirectives()
#12 C:\\OSPanel\\home\\guitar_prog\\vendor\\laravel\\framework\\src\\Illuminate\\Container\\BoundMethod.php(36): BladeUI\\Icons\\BladeIconsServiceProvider->boot()
#13 C:\\OSPanel\\home\\guitar_prog\\vendor\\laravel\\framework\\src\\Illuminate\\Container\\Util.php(43): Illuminate\\Container\\BoundMethod::Illuminate\\Container\\{closure}()
#14 C:\\OSPanel\\home\\guitar_prog\\vendor\\laravel\\framework\\src\\Illuminate\\Container\\BoundMethod.php(96): Illuminate\\Container\\Util::unwrapIfClosure(Object(Closure))
#15 C:\\OSPanel\\home\\guitar_prog\\vendor\\laravel\\framework\\src\\Illuminate\\Container\\BoundMethod.php(35): Illuminate\\Container\\BoundMethod::callBoundMethod(Object(Illuminate\\Foundation\\Application), Array, Object(Closure))
#16 C:\\OSPanel\\home\\guitar_prog\\vendor\\laravel\\framework\\src\\Illuminate\\Container\\Container.php(754): Illuminate\\Container\\BoundMethod::call(Object(Illuminate\\Foundation\\Application), Array, Array, NULL)
#17 C:\\OSPanel\\home\\guitar_prog\\vendor\\laravel\\framework\\src\\Illuminate\\Foundation\\Application.php(1151): Illuminate\\Container\\Container->call(Array)
#18 C:\\OSPanel\\home\\guitar_prog\\vendor\\laravel\\framework\\src\\Illuminate\\Foundation\\Application.php(1132): Illuminate\\Foundation\\Application->bootProvider(Object(BladeUI\\Icons\\BladeIconsServiceProvider))
#19 [internal function]: Illuminate\\Foundation\\Application->Illuminate\\Foundation\\{closure}(Object(BladeUI\\Icons\\BladeIconsServiceProvider), 'BladeUI\\\\Icons\\\\B...')
#20 C:\\OSPanel\\home\\guitar_prog\\vendor\\laravel\\framework\\src\\Illuminate\\Foundation\\Application.php(1131): array_walk(Array, Object(Closure))
#21 C:\\OSPanel\\home\\guitar_prog\\vendor\\laravel\\framework\\src\\Illuminate\\Foundation\\Bootstrap\\BootProviders.php(17): Illuminate\\Foundation\\Application->boot()
#22 C:\\OSPanel\\home\\guitar_prog\\vendor\\laravel\\framework\\src\\Illuminate\\Foundation\\Application.php(342): Illuminate\\Foundation\\Bootstrap\\BootProviders->bootstrap(Object(Illuminate\\Foundation\\Application))
#23 C:\\OSPanel\\home\\guitar_prog\\vendor\\laravel\\framework\\src\\Illuminate\\Foundation\\Console\\Kernel.php(474): Illuminate\\Foundation\\Application->bootstrapWith(Array)
#24 C:\\OSPanel\\home\\guitar_prog\\vendor\\laravel\\framework\\src\\Illuminate\\Foundation\\Console\\Kernel.php(196): Illuminate\\Foundation\\Console\\Kernel->bootstrap()
#25 C:\\OSPanel\\home\\guitar_prog\\vendor\\laravel\\framework\\src\\Illuminate\\Foundation\\Application.php(1235): Illuminate\\Foundation\\Console\\Kernel->handle(Object(Symfony\\Component\\Console\\Input\\ArgvInput), Object(Symfony\\Component\\Console\\Output\\ConsoleOutput))
#26 C:\\OSPanel\\home\\guitar_prog\\artisan(16): Illuminate\\Foundation\\Application->handleCommand(Object(Symfony\\Component\\Console\\Input\\ArgvInput))
#27 {main}
"} 
[2025-04-30 23:40:05] local.ERROR: Please provide a valid cache path. {"exception":"[object] (InvalidArgumentException(code: 0): Please provide a valid cache path. at C:\\OSPanel\\home\\guitar_prog\\vendor\\laravel\\framework\\src\\Illuminate\\View\\Compilers\\Compiler.php:67)
[stacktrace]
#0 C:\\OSPanel\\home\\guitar_prog\\vendor\\laravel\\framework\\src\\Illuminate\\View\\ViewServiceProvider.php(97): Illuminate\\View\\Compilers\\Compiler->__construct(Object(Illuminate\\Filesystem\\Filesystem), false, '', true, 'php')
#1 C:\\OSPanel\\home\\guitar_prog\\vendor\\laravel\\framework\\src\\Illuminate\\Container\\Container.php(1010): Illuminate\\View\\ViewServiceProvider->Illuminate\\View\\{closure}(Object(Illuminate\\Foundation\\Application), Array)
#2 C:\\OSPanel\\home\\guitar_prog\\vendor\\laravel\\framework\\src\\Illuminate\\Container\\Container.php(890): Illuminate\\Container\\Container->build(Object(Closure))
#3 C:\\OSPanel\\home\\guitar_prog\\vendor\\laravel\\framework\\src\\Illuminate\\Foundation\\Application.php(1078): Illuminate\\Container\\Container->resolve('blade.compiler', Array, true)
#4 C:\\OSPanel\\home\\guitar_prog\\vendor\\laravel\\framework\\src\\Illuminate\\Container\\Container.php(821): Illuminate\\Foundation\\Application->resolve('blade.compiler', Array)
#5 C:\\OSPanel\\home\\guitar_prog\\vendor\\laravel\\framework\\src\\Illuminate\\Foundation\\Application.php(1058): Illuminate\\Container\\Container->make('blade.compiler', Array)
#6 C:\\OSPanel\\home\\guitar_prog\\vendor\\laravel\\framework\\src\\Illuminate\\Container\\Container.php(1648): Illuminate\\Foundation\\Application->make('blade.compiler')
#7 C:\\OSPanel\\home\\guitar_prog\\vendor\\laravel\\framework\\src\\Illuminate\\Support\\Facades\\Facade.php(239): Illuminate\\Container\\Container->offsetGet('blade.compiler')
#8 C:\\OSPanel\\home\\guitar_prog\\vendor\\laravel\\framework\\src\\Illuminate\\Support\\Facades\\Facade.php(210): Illuminate\\Support\\Facades\\Facade::resolveFacadeInstance('blade.compiler')
#9 C:\\OSPanel\\home\\guitar_prog\\vendor\\laravel\\framework\\src\\Illuminate\\Support\\Facades\\Facade.php(355): Illuminate\\Support\\Facades\\Facade::getFacadeRoot()
#10 C:\\OSPanel\\home\\guitar_prog\\vendor\\blade-ui-kit\\blade-icons\\src\\BladeIconsServiceProvider.php(106): Illuminate\\Support\\Facades\\Facade::__callStatic('directive', Array)
#11 C:\\OSPanel\\home\\guitar_prog\\vendor\\blade-ui-kit\\blade-icons\\src\\BladeIconsServiceProvider.php(27): BladeUI\\Icons\\BladeIconsServiceProvider->bootDirectives()
#12 C:\\OSPanel\\home\\guitar_prog\\vendor\\laravel\\framework\\src\\Illuminate\\Container\\BoundMethod.php(36): BladeUI\\Icons\\BladeIconsServiceProvider->boot()
#13 C:\\OSPanel\\home\\guitar_prog\\vendor\\laravel\\framework\\src\\Illuminate\\Container\\Util.php(43): Illuminate\\Container\\BoundMethod::Illuminate\\Container\\{closure}()
#14 C:\\OSPanel\\home\\guitar_prog\\vendor\\laravel\\framework\\src\\Illuminate\\Container\\BoundMethod.php(96): Illuminate\\Container\\Util::unwrapIfClosure(Object(Closure))
#15 C:\\OSPanel\\home\\guitar_prog\\vendor\\laravel\\framework\\src\\Illuminate\\Container\\BoundMethod.php(35): Illuminate\\Container\\BoundMethod::callBoundMethod(Object(Illuminate\\Foundation\\Application), Array, Object(Closure))
#16 C:\\OSPanel\\home\\guitar_prog\\vendor\\laravel\\framework\\src\\Illuminate\\Container\\Container.php(754): Illuminate\\Container\\BoundMethod::call(Object(Illuminate\\Foundation\\Application), Array, Array, NULL)
#17 C:\\OSPanel\\home\\guitar_prog\\vendor\\laravel\\framework\\src\\Illuminate\\Foundation\\Application.php(1151): Illuminate\\Container\\Container->call(Array)
#18 C:\\OSPanel\\home\\guitar_prog\\vendor\\laravel\\framework\\src\\Illuminate\\Foundation\\Application.php(1132): Illuminate\\Foundation\\Application->bootProvider(Object(BladeUI\\Icons\\BladeIconsServiceProvider))
#19 [internal function]: Illuminate\\Foundation\\Application->Illuminate\\Foundation\\{closure}(Object(BladeUI\\Icons\\BladeIconsServiceProvider), 'BladeUI\\\\Icons\\\\B...')
#20 C:\\OSPanel\\home\\guitar_prog\\vendor\\laravel\\framework\\src\\Illuminate\\Foundation\\Application.php(1131): array_walk(Array, Object(Closure))
#21 C:\\OSPanel\\home\\guitar_prog\\vendor\\laravel\\framework\\src\\Illuminate\\Foundation\\Bootstrap\\BootProviders.php(17): Illuminate\\Foundation\\Application->boot()
#22 C:\\OSPanel\\home\\guitar_prog\\vendor\\laravel\\framework\\src\\Illuminate\\Foundation\\Application.php(342): Illuminate\\Foundation\\Bootstrap\\BootProviders->bootstrap(Object(Illuminate\\Foundation\\Application))
#23 C:\\OSPanel\\home\\guitar_prog\\vendor\\laravel\\framework\\src\\Illuminate\\Foundation\\Console\\Kernel.php(474): Illuminate\\Foundation\\Application->bootstrapWith(Array)
#24 C:\\OSPanel\\home\\guitar_prog\\vendor\\laravel\\framework\\src\\Illuminate\\Foundation\\Console\\Kernel.php(196): Illuminate\\Foundation\\Console\\Kernel->bootstrap()
#25 C:\\OSPanel\\home\\guitar_prog\\vendor\\laravel\\framework\\src\\Illuminate\\Foundation\\Application.php(1235): Illuminate\\Foundation\\Console\\Kernel->handle(Object(Symfony\\Component\\Console\\Input\\ArgvInput), Object(Symfony\\Component\\Console\\Output\\ConsoleOutput))
#26 C:\\OSPanel\\home\\guitar_prog\\artisan(16): Illuminate\\Foundation\\Application->handleCommand(Object(Symfony\\Component\\Console\\Input\\ArgvInput))
#27 {main}
"} 
[2025-05-01 00:03:46] local.ERROR: Vite manifest not found at: C:\OSPanel\home\guitar_prog\public\build/manifest.json (View: C:\OSPanel\home\guitar_prog\resources\views\layouts\app.blade.php) (View: C:\OSPanel\home\guitar_prog\resources\views\layouts\app.blade.php) {"userId":1,"exception":"[object] (Illuminate\\View\\ViewException(code: 0): Vite manifest not found at: C:\\OSPanel\\home\\guitar_prog\\public\\build/manifest.json (View: C:\\OSPanel\\home\\guitar_prog\\resources\\views\\layouts\\app.blade.php) (View: C:\\OSPanel\\home\\guitar_prog\\resources\\views\\layouts\\app.blade.php) at C:\\OSPanel\\home\\guitar_prog\\vendor\\laravel\\framework\\src\\Illuminate\\Foundation\\Vite.php:934)
[stacktrace]
#0 C:\\OSPanel\\home\\guitar_prog\\vendor\\livewire\\livewire\\src\\Mechanisms\\ExtendBlade\\ExtendedCompilerEngine.php(58): Illuminate\\View\\Engines\\CompilerEngine->handleViewException(Object(Illuminate\\View\\ViewException), 1)
#1 C:\\OSPanel\\home\\guitar_prog\\vendor\\laravel\\framework\\src\\Illuminate\\View\\Engines\\PhpEngine.php(60): Livewire\\Mechanisms\\ExtendBlade\\ExtendedCompilerEngine->handleViewException(Object(Illuminate\\View\\ViewException), 1)
#2 C:\\OSPanel\\home\\guitar_prog\\vendor\\livewire\\livewire\\src\\Mechanisms\\ExtendBlade\\ExtendedCompilerEngine.php(22): Illuminate\\View\\Engines\\PhpEngine->evaluatePath('C:\\\\OSPanel\\\\home...', Array)
#3 C:\\OSPanel\\home\\guitar_prog\\vendor\\laravel\\framework\\src\\Illuminate\\View\\Engines\\CompilerEngine.php(75): Livewire\\Mechanisms\\ExtendBlade\\ExtendedCompilerEngine->evaluatePath('C:\\\\OSPanel\\\\home...', Array)
#4 C:\\OSPanel\\home\\guitar_prog\\vendor\\livewire\\livewire\\src\\Mechanisms\\ExtendBlade\\ExtendedCompilerEngine.php(10): Illuminate\\View\\Engines\\CompilerEngine->get('C:\\\\OSPanel\\\\home...', Array)
#5 C:\\OSPanel\\home\\guitar_prog\\vendor\\laravel\\framework\\src\\Illuminate\\View\\View.php(209): Livewire\\Mechanisms\\ExtendBlade\\ExtendedCompilerEngine->get('C:\\\\OSPanel\\\\home...', Array)
#6 C:\\OSPanel\\home\\guitar_prog\\vendor\\laravel\\framework\\src\\Illuminate\\View\\View.php(192): Illuminate\\View\\View->getContents()
#7 C:\\OSPanel\\home\\guitar_prog\\vendor\\laravel\\framework\\src\\Illuminate\\View\\View.php(161): Illuminate\\View\\View->renderContents()
#8 C:\\OSPanel\\home\\guitar_prog\\vendor\\laravel\\framework\\src\\Illuminate\\Http\\Response.php(79): Illuminate\\View\\View->render()
#9 C:\\OSPanel\\home\\guitar_prog\\vendor\\laravel\\framework\\src\\Illuminate\\Http\\Response.php(35): Illuminate\\Http\\Response->setContent(Object(Illuminate\\View\\View))
#10 C:\\OSPanel\\home\\guitar_prog\\vendor\\laravel\\framework\\src\\Illuminate\\Routing\\Router.php(920): Illuminate\\Http\\Response->__construct(Object(Illuminate\\View\\View), 200, Array)
#11 C:\\OSPanel\\home\\guitar_prog\\vendor\\laravel\\framework\\src\\Illuminate\\Routing\\Router.php(887): Illuminate\\Routing\\Router::toResponse(Object(Illuminate\\Http\\Request), Object(Illuminate\\View\\View))
#12 C:\\OSPanel\\home\\guitar_prog\\vendor\\laravel\\framework\\src\\Illuminate\\Routing\\Router.php(807): Illuminate\\Routing\\Router->prepareResponse(Object(Illuminate\\Http\\Request), Object(Illuminate\\View\\View))
#13 C:\\OSPanel\\home\\guitar_prog\\vendor\\laravel\\framework\\src\\Illuminate\\Pipeline\\Pipeline.php(170): Illuminate\\Routing\\Router->Illuminate\\Routing\\{closure}(Object(Illuminate\\Http\\Request))
#14 C:\\OSPanel\\home\\guitar_prog\\vendor\\laravel\\framework\\src\\Illuminate\\Routing\\Middleware\\SubstituteBindings.php(51): Illuminate\\Pipeline\\Pipeline->Illuminate\\Pipeline\\{closure}(Object(Illuminate\\Http\\Request))
#15 C:\\OSPanel\\home\\guitar_prog\\vendor\\laravel\\framework\\src\\Illuminate\\Pipeline\\Pipeline.php(209): Illuminate\\Routing\\Middleware\\SubstituteBindings->handle(Object(Illuminate\\Http\\Request), Object(Closure))
#16 C:\\OSPanel\\home\\guitar_prog\\vendor\\laravel\\framework\\src\\Illuminate\\Foundation\\Http\\Middleware\\VerifyCsrfToken.php(88): Illuminate\\Pipeline\\Pipeline->Illuminate\\Pipeline\\{closure}(Object(Illuminate\\Http\\Request))
#17 C:\\OSPanel\\home\\guitar_prog\\vendor\\laravel\\framework\\src\\Illuminate\\Pipeline\\Pipeline.php(209): Illuminate\\Foundation\\Http\\Middleware\\VerifyCsrfToken->handle(Object(Illuminate\\Http\\Request), Object(Closure))
#18 C:\\OSPanel\\home\\guitar_prog\\vendor\\laravel\\framework\\src\\Illuminate\\View\\Middleware\\ShareErrorsFromSession.php(49): Illuminate\\Pipeline\\Pipeline->Illuminate\\Pipeline\\{closure}(Object(Illuminate\\Http\\Request))
#19 C:\\OSPanel\\home\\guitar_prog\\vendor\\laravel\\framework\\src\\Illuminate\\Pipeline\\Pipeline.php(209): Illuminate\\View\\Middleware\\ShareErrorsFromSession->handle(Object(Illuminate\\Http\\Request), Object(Closure))
#20 C:\\OSPanel\\home\\guitar_prog\\vendor\\laravel\\framework\\src\\Illuminate\\Session\\Middleware\\StartSession.php(121): Illuminate\\Pipeline\\Pipeline->Illuminate\\Pipeline\\{closure}(Object(Illuminate\\Http\\Request))
#21 C:\\OSPanel\\home\\guitar_prog\\vendor\\laravel\\framework\\src\\Illuminate\\Session\\Middleware\\StartSession.php(64): Illuminate\\Session\\Middleware\\StartSession->handleStatefulRequest(Object(Illuminate\\Http\\Request), Object(Illuminate\\Session\\Store), Object(Closure))
#22 C:\\OSPanel\\home\\guitar_prog\\vendor\\laravel\\framework\\src\\Illuminate\\Pipeline\\Pipeline.php(209): Illuminate\\Session\\Middleware\\StartSession->handle(Object(Illuminate\\Http\\Request), Object(Closure))
#23 C:\\OSPanel\\home\\guitar_prog\\vendor\\laravel\\framework\\src\\Illuminate\\Cookie\\Middleware\\AddQueuedCookiesToResponse.php(37): Illuminate\\Pipeline\\Pipeline->Illuminate\\Pipeline\\{closure}(Object(Illuminate\\Http\\Request))
#24 C:\\OSPanel\\home\\guitar_prog\\vendor\\laravel\\framework\\src\\Illuminate\\Pipeline\\Pipeline.php(209): Illuminate\\Cookie\\Middleware\\AddQueuedCookiesToResponse->handle(Object(Illuminate\\Http\\Request), Object(Closure))
#25 C:\\OSPanel\\home\\guitar_prog\\vendor\\laravel\\framework\\src\\Illuminate\\Cookie\\Middleware\\EncryptCookies.php(75): Illuminate\\Pipeline\\Pipeline->Illuminate\\Pipeline\\{closure}(Object(Illuminate\\Http\\Request))
#26 C:\\OSPanel\\home\\guitar_prog\\vendor\\laravel\\framework\\src\\Illuminate\\Pipeline\\Pipeline.php(209): Illuminate\\Cookie\\Middleware\\EncryptCookies->handle(Object(Illuminate\\Http\\Request), Object(Closure))
#27 C:\\OSPanel\\home\\guitar_prog\\vendor\\laravel\\framework\\src\\Illuminate\\Pipeline\\Pipeline.php(127): Illuminate\\Pipeline\\Pipeline->Illuminate\\Pipeline\\{closure}(Object(Illuminate\\Http\\Request))
#28 C:\\OSPanel\\home\\guitar_prog\\vendor\\laravel\\framework\\src\\Illuminate\\Routing\\Router.php(807): Illuminate\\Pipeline\\Pipeline->then(Object(Closure))
#29 C:\\OSPanel\\home\\guitar_prog\\vendor\\laravel\\framework\\src\\Illuminate\\Routing\\Router.php(786): Illuminate\\Routing\\Router->runRouteWithinStack(Object(Illuminate\\Routing\\Route), Object(Illuminate\\Http\\Request))
#30 C:\\OSPanel\\home\\guitar_prog\\vendor\\laravel\\framework\\src\\Illuminate\\Routing\\Router.php(750): Illuminate\\Routing\\Router->runRoute(Object(Illuminate\\Http\\Request), Object(Illuminate\\Routing\\Route))
#31 C:\\OSPanel\\home\\guitar_prog\\vendor\\laravel\\framework\\src\\Illuminate\\Routing\\Router.php(739): Illuminate\\Routing\\Router->dispatchToRoute(Object(Illuminate\\Http\\Request))
#32 C:\\OSPanel\\home\\guitar_prog\\vendor\\laravel\\framework\\src\\Illuminate\\Foundation\\Http\\Kernel.php(201): Illuminate\\Routing\\Router->dispatch(Object(Illuminate\\Http\\Request))
#33 C:\\OSPanel\\home\\guitar_prog\\vendor\\laravel\\framework\\src\\Illuminate\\Pipeline\\Pipeline.php(170): Illuminate\\Foundation\\Http\\Kernel->Illuminate\\Foundation\\Http\\{closure}(Object(Illuminate\\Http\\Request))
#34 C:\\OSPanel\\home\\guitar_prog\\vendor\\livewire\\livewire\\src\\Features\\SupportDisablingBackButtonCache\\DisableBackButtonCacheMiddleware.php(19): Illuminate\\Pipeline\\Pipeline->Illuminate\\Pipeline\\{closure}(Object(Illuminate\\Http\\Request))
#35 C:\\OSPanel\\home\\guitar_prog\\vendor\\laravel\\framework\\src\\Illuminate\\Pipeline\\Pipeline.php(209): Livewire\\Features\\SupportDisablingBackButtonCache\\DisableBackButtonCacheMiddleware->handle(Object(Illuminate\\Http\\Request), Object(Closure))
#36 C:\\OSPanel\\home\\guitar_prog\\vendor\\laravel\\framework\\src\\Illuminate\\Foundation\\Http\\Middleware\\TransformsRequest.php(21): Illuminate\\Pipeline\\Pipeline->Illuminate\\Pipeline\\{closure}(Object(Illuminate\\Http\\Request))
#37 C:\\OSPanel\\home\\guitar_prog\\vendor\\laravel\\framework\\src\\Illuminate\\Foundation\\Http\\Middleware\\ConvertEmptyStringsToNull.php(31): Illuminate\\Foundation\\Http\\Middleware\\TransformsRequest->handle(Object(Illuminate\\Http\\Request), Object(Closure))
#38 C:\\OSPanel\\home\\guitar_prog\\vendor\\laravel\\framework\\src\\Illuminate\\Pipeline\\Pipeline.php(209): Illuminate\\Foundation\\Http\\Middleware\\ConvertEmptyStringsToNull->handle(Object(Illuminate\\Http\\Request), Object(Closure))
#39 C:\\OSPanel\\home\\guitar_prog\\vendor\\laravel\\framework\\src\\Illuminate\\Foundation\\Http\\Middleware\\TransformsRequest.php(21): Illuminate\\Pipeline\\Pipeline->Illuminate\\Pipeline\\{closure}(Object(Illuminate\\Http\\Request))
#40 C:\\OSPanel\\home\\guitar_prog\\vendor\\laravel\\framework\\src\\Illuminate\\Foundation\\Http\\Middleware\\TrimStrings.php(51): Illuminate\\Foundation\\Http\\Middleware\\TransformsRequest->handle(Object(Illuminate\\Http\\Request), Object(Closure))
#41 C:\\OSPanel\\home\\guitar_prog\\vendor\\laravel\\framework\\src\\Illuminate\\Pipeline\\Pipeline.php(209): Illuminate\\Foundation\\Http\\Middleware\\TrimStrings->handle(Object(Illuminate\\Http\\Request), Object(Closure))
#42 C:\\OSPanel\\home\\guitar_prog\\vendor\\laravel\\framework\\src\\Illuminate\\Http\\Middleware\\ValidatePostSize.php(27): Illuminate\\Pipeline\\Pipeline->Illuminate\\Pipeline\\{closure}(Object(Illuminate\\Http\\Request))
#43 C:\\OSPanel\\home\\guitar_prog\\vendor\\laravel\\framework\\src\\Illuminate\\Pipeline\\Pipeline.php(209): Illuminate\\Http\\Middleware\\ValidatePostSize->handle(Object(Illuminate\\Http\\Request), Object(Closure))
#44 C:\\OSPanel\\home\\guitar_prog\\vendor\\laravel\\framework\\src\\Illuminate\\Foundation\\Http\\Middleware\\PreventRequestsDuringMaintenance.php(110): Illuminate\\Pipeline\\Pipeline->Illuminate\\Pipeline\\{closure}(Object(Illuminate\\Http\\Request))
#45 C:\\OSPanel\\home\\guitar_prog\\vendor\\laravel\\framework\\src\\Illuminate\\Pipeline\\Pipeline.php(209): Illuminate\\Foundation\\Http\\Middleware\\PreventRequestsDuringMaintenance->handle(Object(Illuminate\\Http\\Request), Object(Closure))
#46 C:\\OSPanel\\home\\guitar_prog\\vendor\\laravel\\framework\\src\\Illuminate\\Http\\Middleware\\HandleCors.php(49): Illuminate\\Pipeline\\Pipeline->Illuminate\\Pipeline\\{closure}(Object(Illuminate\\Http\\Request))
#47 C:\\OSPanel\\home\\guitar_prog\\vendor\\laravel\\framework\\src\\Illuminate\\Pipeline\\Pipeline.php(209): Illuminate\\Http\\Middleware\\HandleCors->handle(Object(Illuminate\\Http\\Request), Object(Closure))
#48 C:\\OSPanel\\home\\guitar_prog\\vendor\\laravel\\framework\\src\\Illuminate\\Http\\Middleware\\TrustProxies.php(58): Illuminate\\Pipeline\\Pipeline->Illuminate\\Pipeline\\{closure}(Object(Illuminate\\Http\\Request))
#49 C:\\OSPanel\\home\\guitar_prog\\vendor\\laravel\\framework\\src\\Illuminate\\Pipeline\\Pipeline.php(209): Illuminate\\Http\\Middleware\\TrustProxies->handle(Object(Illuminate\\Http\\Request), Object(Closure))
#50 C:\\OSPanel\\home\\guitar_prog\\vendor\\laravel\\framework\\src\\Illuminate\\Foundation\\Http\\Middleware\\InvokeDeferredCallbacks.php(22): Illuminate\\Pipeline\\Pipeline->Illuminate\\Pipeline\\{closure}(Object(Illuminate\\Http\\Request))
#51 C:\\OSPanel\\home\\guitar_prog\\vendor\\laravel\\framework\\src\\Illuminate\\Pipeline\\Pipeline.php(209): Illuminate\\Foundation\\Http\\Middleware\\InvokeDeferredCallbacks->handle(Object(Illuminate\\Http\\Request), Object(Closure))
#52 C:\\OSPanel\\home\\guitar_prog\\vendor\\laravel\\framework\\src\\Illuminate\\Http\\Middleware\\ValidatePathEncoding.php(26): Illuminate\\Pipeline\\Pipeline->Illuminate\\Pipeline\\{closure}(Object(Illuminate\\Http\\Request))
#53 C:\\OSPanel\\home\\guitar_prog\\vendor\\laravel\\framework\\src\\Illuminate\\Pipeline\\Pipeline.php(209): Illuminate\\Http\\Middleware\\ValidatePathEncoding->handle(Object(Illuminate\\Http\\Request), Object(Closure))
#54 C:\\OSPanel\\home\\guitar_prog\\vendor\\laravel\\framework\\src\\Illuminate\\Pipeline\\Pipeline.php(127): Illuminate\\Pipeline\\Pipeline->Illuminate\\Pipeline\\{closure}(Object(Illuminate\\Http\\Request))
#55 C:\\OSPanel\\home\\guitar_prog\\vendor\\laravel\\framework\\src\\Illuminate\\Foundation\\Http\\Kernel.php(176): Illuminate\\Pipeline\\Pipeline->then(Object(Closure))
#56 C:\\OSPanel\\home\\guitar_prog\\vendor\\laravel\\framework\\src\\Illuminate\\Foundation\\Http\\Kernel.php(145): Illuminate\\Foundation\\Http\\Kernel->sendRequestThroughRouter(Object(Illuminate\\Http\\Request))
#57 C:\\OSPanel\\home\\guitar_prog\\vendor\\laravel\\framework\\src\\Illuminate\\Foundation\\Application.php(1220): Illuminate\\Foundation\\Http\\Kernel->handle(Object(Illuminate\\Http\\Request))
#58 C:\\OSPanel\\home\\guitar_prog\\public\\index.php(20): Illuminate\\Foundation\\Application->handleRequest(Object(Illuminate\\Http\\Request))
#59 C:\\OSPanel\\home\\guitar_prog\\vendor\\laravel\\framework\\src\\Illuminate\\Foundation\\resources\\server.php(23): require_once('C:\\\\OSPanel\\\\home...')
#60 {main}

[previous exception] [object] (Illuminate\\View\\ViewException(code: 0): Vite manifest not found at: C:\\OSPanel\\home\\guitar_prog\\public\\build/manifest.json (View: C:\\OSPanel\\home\\guitar_prog\\resources\\views\\layouts\\app.blade.php) at C:\\OSPanel\\home\\guitar_prog\\vendor\\laravel\\framework\\src\\Illuminate\\Foundation\\Vite.php:934)
[stacktrace]
#0 C:\\OSPanel\\home\\guitar_prog\\vendor\\livewire\\livewire\\src\\Mechanisms\\ExtendBlade\\ExtendedCompilerEngine.php(58): Illuminate\\View\\Engines\\CompilerEngine->handleViewException(Object(Illuminate\\Foundation\\ViteManifestNotFoundException), 2)
#1 C:\\OSPanel\\home\\guitar_prog\\vendor\\laravel\\framework\\src\\Illuminate\\View\\Engines\\PhpEngine.php(60): Livewire\\Mechanisms\\ExtendBlade\\ExtendedCompilerEngine->handleViewException(Object(Illuminate\\Foundation\\ViteManifestNotFoundException), 2)
#2 C:\\OSPanel\\home\\guitar_prog\\vendor\\livewire\\livewire\\src\\Mechanisms\\ExtendBlade\\ExtendedCompilerEngine.php(22): Illuminate\\View\\Engines\\PhpEngine->evaluatePath('C:\\\\OSPanel\\\\home...', Array)
#3 C:\\OSPanel\\home\\guitar_prog\\vendor\\laravel\\framework\\src\\Illuminate\\View\\Engines\\CompilerEngine.php(75): Livewire\\Mechanisms\\ExtendBlade\\ExtendedCompilerEngine->evaluatePath('C:\\\\OSPanel\\\\home...', Array)
#4 C:\\OSPanel\\home\\guitar_prog\\vendor\\livewire\\livewire\\src\\Mechanisms\\ExtendBlade\\ExtendedCompilerEngine.php(10): Illuminate\\View\\Engines\\CompilerEngine->get('C:\\\\OSPanel\\\\home...', Array)
#5 C:\\OSPanel\\home\\guitar_prog\\vendor\\laravel\\framework\\src\\Illuminate\\View\\View.php(209): Livewire\\Mechanisms\\ExtendBlade\\ExtendedCompilerEngine->get('C:\\\\OSPanel\\\\home...', Array)
#6 C:\\OSPanel\\home\\guitar_prog\\vendor\\laravel\\framework\\src\\Illuminate\\View\\View.php(192): Illuminate\\View\\View->getContents()
#7 C:\\OSPanel\\home\\guitar_prog\\vendor\\laravel\\framework\\src\\Illuminate\\View\\View.php(161): Illuminate\\View\\View->renderContents()
#8 C:\\OSPanel\\home\\guitar_prog\\storage\\framework\\views\\a8f91c5508662d84664e1a342f64a096.php(419): Illuminate\\View\\View->render()
#9 C:\\OSPanel\\home\\guitar_prog\\vendor\\laravel\\framework\\src\\Illuminate\\Filesystem\\Filesystem.php(123): require('C:\\\\OSPanel\\\\home...')
#10 C:\\OSPanel\\home\\guitar_prog\\vendor\\laravel\\framework\\src\\Illuminate\\Filesystem\\Filesystem.php(124): Illuminate\\Filesystem\\Filesystem::Illuminate\\Filesystem\\{closure}()
#11 C:\\OSPanel\\home\\guitar_prog\\vendor\\laravel\\framework\\src\\Illuminate\\View\\Engines\\PhpEngine.php(58): Illuminate\\Filesystem\\Filesystem->getRequire('C:\\\\OSPanel\\\\home...', Array)
#12 C:\\OSPanel\\home\\guitar_prog\\vendor\\livewire\\livewire\\src\\Mechanisms\\ExtendBlade\\ExtendedCompilerEngine.php(22): Illuminate\\View\\Engines\\PhpEngine->evaluatePath('C:\\\\OSPanel\\\\home...', Array)
#13 C:\\OSPanel\\home\\guitar_prog\\vendor\\laravel\\framework\\src\\Illuminate\\View\\Engines\\CompilerEngine.php(75): Livewire\\Mechanisms\\ExtendBlade\\ExtendedCompilerEngine->evaluatePath('C:\\\\OSPanel\\\\home...', Array)
#14 C:\\OSPanel\\home\\guitar_prog\\vendor\\livewire\\livewire\\src\\Mechanisms\\ExtendBlade\\ExtendedCompilerEngine.php(10): Illuminate\\View\\Engines\\CompilerEngine->get('C:\\\\OSPanel\\\\home...', Array)
#15 C:\\OSPanel\\home\\guitar_prog\\vendor\\laravel\\framework\\src\\Illuminate\\View\\View.php(209): Livewire\\Mechanisms\\ExtendBlade\\ExtendedCompilerEngine->get('C:\\\\OSPanel\\\\home...', Array)
#16 C:\\OSPanel\\home\\guitar_prog\\vendor\\laravel\\framework\\src\\Illuminate\\View\\View.php(192): Illuminate\\View\\View->getContents()
#17 C:\\OSPanel\\home\\guitar_prog\\vendor\\laravel\\framework\\src\\Illuminate\\View\\View.php(161): Illuminate\\View\\View->renderContents()
#18 C:\\OSPanel\\home\\guitar_prog\\vendor\\laravel\\framework\\src\\Illuminate\\Http\\Response.php(79): Illuminate\\View\\View->render()
#19 C:\\OSPanel\\home\\guitar_prog\\vendor\\laravel\\framework\\src\\Illuminate\\Http\\Response.php(35): Illuminate\\Http\\Response->setContent(Object(Illuminate\\View\\View))
#20 C:\\OSPanel\\home\\guitar_prog\\vendor\\laravel\\framework\\src\\Illuminate\\Routing\\Router.php(920): Illuminate\\Http\\Response->__construct(Object(Illuminate\\View\\View), 200, Array)
#21 C:\\OSPanel\\home\\guitar_prog\\vendor\\laravel\\framework\\src\\Illuminate\\Routing\\Router.php(887): Illuminate\\Routing\\Router::toResponse(Object(Illuminate\\Http\\Request), Object(Illuminate\\View\\View))
#22 C:\\OSPanel\\home\\guitar_prog\\vendor\\laravel\\framework\\src\\Illuminate\\Routing\\Router.php(807): Illuminate\\Routing\\Router->prepareResponse(Object(Illuminate\\Http\\Request), Object(Illuminate\\View\\View))
#23 C:\\OSPanel\\home\\guitar_prog\\vendor\\laravel\\framework\\src\\Illuminate\\Pipeline\\Pipeline.php(170): Illuminate\\Routing\\Router->Illuminate\\Routing\\{closure}(Object(Illuminate\\Http\\Request))
#24 C:\\OSPanel\\home\\guitar_prog\\vendor\\laravel\\framework\\src\\Illuminate\\Routing\\Middleware\\SubstituteBindings.php(51): Illuminate\\Pipeline\\Pipeline->Illuminate\\Pipeline\\{closure}(Object(Illuminate\\Http\\Request))
#25 C:\\OSPanel\\home\\guitar_prog\\vendor\\laravel\\framework\\src\\Illuminate\\Pipeline\\Pipeline.php(209): Illuminate\\Routing\\Middleware\\SubstituteBindings->handle(Object(Illuminate\\Http\\Request), Object(Closure))
#26 C:\\OSPanel\\home\\guitar_prog\\vendor\\laravel\\framework\\src\\Illuminate\\Foundation\\Http\\Middleware\\VerifyCsrfToken.php(88): Illuminate\\Pipeline\\Pipeline->Illuminate\\Pipeline\\{closure}(Object(Illuminate\\Http\\Request))
#27 C:\\OSPanel\\home\\guitar_prog\\vendor\\laravel\\framework\\src\\Illuminate\\Pipeline\\Pipeline.php(209): Illuminate\\Foundation\\Http\\Middleware\\VerifyCsrfToken->handle(Object(Illuminate\\Http\\Request), Object(Closure))
#28 C:\\OSPanel\\home\\guitar_prog\\vendor\\laravel\\framework\\src\\Illuminate\\View\\Middleware\\ShareErrorsFromSession.php(49): Illuminate\\Pipeline\\Pipeline->Illuminate\\Pipeline\\{closure}(Object(Illuminate\\Http\\Request))
#29 C:\\OSPanel\\home\\guitar_prog\\vendor\\laravel\\framework\\src\\Illuminate\\Pipeline\\Pipeline.php(209): Illuminate\\View\\Middleware\\ShareErrorsFromSession->handle(Object(Illuminate\\Http\\Request), Object(Closure))
#30 C:\\OSPanel\\home\\guitar_prog\\vendor\\laravel\\framework\\src\\Illuminate\\Session\\Middleware\\StartSession.php(121): Illuminate\\Pipeline\\Pipeline->Illuminate\\Pipeline\\{closure}(Object(Illuminate\\Http\\Request))
#31 C:\\OSPanel\\home\\guitar_prog\\vendor\\laravel\\framework\\src\\Illuminate\\Session\\Middleware\\StartSession.php(64): Illuminate\\Session\\Middleware\\StartSession->handleStatefulRequest(Object(Illuminate\\Http\\Request), Object(Illuminate\\Session\\Store), Object(Closure))
#32 C:\\OSPanel\\home\\guitar_prog\\vendor\\laravel\\framework\\src\\Illuminate\\Pipeline\\Pipeline.php(209): Illuminate\\Session\\Middleware\\StartSession->handle(Object(Illuminate\\Http\\Request), Object(Closure))
#33 C:\\OSPanel\\home\\guitar_prog\\vendor\\laravel\\framework\\src\\Illuminate\\Cookie\\Middleware\\AddQueuedCookiesToResponse.php(37): Illuminate\\Pipeline\\Pipeline->Illuminate\\Pipeline\\{closure}(Object(Illuminate\\Http\\Request))
#34 C:\\OSPanel\\home\\guitar_prog\\vendor\\laravel\\framework\\src\\Illuminate\\Pipeline\\Pipeline.php(209): Illuminate\\Cookie\\Middleware\\AddQueuedCookiesToResponse->handle(Object(Illuminate\\Http\\Request), Object(Closure))
#35 C:\\OSPanel\\home\\guitar_prog\\vendor\\laravel\\framework\\src\\Illuminate\\Cookie\\Middleware\\EncryptCookies.php(75): Illuminate\\Pipeline\\Pipeline->Illuminate\\Pipeline\\{closure}(Object(Illuminate\\Http\\Request))
#36 C:\\OSPanel\\home\\guitar_prog\\vendor\\laravel\\framework\\src\\Illuminate\\Pipeline\\Pipeline.php(209): Illuminate\\Cookie\\Middleware\\EncryptCookies->handle(Object(Illuminate\\Http\\Request), Object(Closure))
#37 C:\\OSPanel\\home\\guitar_prog\\vendor\\laravel\\framework\\src\\Illuminate\\Pipeline\\Pipeline.php(127): Illuminate\\Pipeline\\Pipeline->Illuminate\\Pipeline\\{closure}(Object(Illuminate\\Http\\Request))
#38 C:\\OSPanel\\home\\guitar_prog\\vendor\\laravel\\framework\\src\\Illuminate\\Routing\\Router.php(807): Illuminate\\Pipeline\\Pipeline->then(Object(Closure))
#39 C:\\OSPanel\\home\\guitar_prog\\vendor\\laravel\\framework\\src\\Illuminate\\Routing\\Router.php(786): Illuminate\\Routing\\Router->runRouteWithinStack(Object(Illuminate\\Routing\\Route), Object(Illuminate\\Http\\Request))
#40 C:\\OSPanel\\home\\guitar_prog\\vendor\\laravel\\framework\\src\\Illuminate\\Routing\\Router.php(750): Illuminate\\Routing\\Router->runRoute(Object(Illuminate\\Http\\Request), Object(Illuminate\\Routing\\Route))
#41 C:\\OSPanel\\home\\guitar_prog\\vendor\\laravel\\framework\\src\\Illuminate\\Routing\\Router.php(739): Illuminate\\Routing\\Router->dispatchToRoute(Object(Illuminate\\Http\\Request))
#42 C:\\OSPanel\\home\\guitar_prog\\vendor\\laravel\\framework\\src\\Illuminate\\Foundation\\Http\\Kernel.php(201): Illuminate\\Routing\\Router->dispatch(Object(Illuminate\\Http\\Request))
#43 C:\\OSPanel\\home\\guitar_prog\\vendor\\laravel\\framework\\src\\Illuminate\\Pipeline\\Pipeline.php(170): Illuminate\\Foundation\\Http\\Kernel->Illuminate\\Foundation\\Http\\{closure}(Object(Illuminate\\Http\\Request))
#44 C:\\OSPanel\\home\\guitar_prog\\vendor\\livewire\\livewire\\src\\Features\\SupportDisablingBackButtonCache\\DisableBackButtonCacheMiddleware.php(19): Illuminate\\Pipeline\\Pipeline->Illuminate\\Pipeline\\{closure}(Object(Illuminate\\Http\\Request))
#45 C:\\OSPanel\\home\\guitar_prog\\vendor\\laravel\\framework\\src\\Illuminate\\Pipeline\\Pipeline.php(209): Livewire\\Features\\SupportDisablingBackButtonCache\\DisableBackButtonCacheMiddleware->handle(Object(Illuminate\\Http\\Request), Object(Closure))
#46 C:\\OSPanel\\home\\guitar_prog\\vendor\\laravel\\framework\\src\\Illuminate\\Foundation\\Http\\Middleware\\TransformsRequest.php(21): Illuminate\\Pipeline\\Pipeline->Illuminate\\Pipeline\\{closure}(Object(Illuminate\\Http\\Request))
#47 C:\\OSPanel\\home\\guitar_prog\\vendor\\laravel\\framework\\src\\Illuminate\\Foundation\\Http\\Middleware\\ConvertEmptyStringsToNull.php(31): Illuminate\\Foundation\\Http\\Middleware\\TransformsRequest->handle(Object(Illuminate\\Http\\Request), Object(Closure))
#48 C:\\OSPanel\\home\\guitar_prog\\vendor\\laravel\\framework\\src\\Illuminate\\Pipeline\\Pipeline.php(209): Illuminate\\Foundation\\Http\\Middleware\\ConvertEmptyStringsToNull->handle(Object(Illuminate\\Http\\Request), Object(Closure))
#49 C:\\OSPanel\\home\\guitar_prog\\vendor\\laravel\\framework\\src\\Illuminate\\Foundation\\Http\\Middleware\\TransformsRequest.php(21): Illuminate\\Pipeline\\Pipeline->Illuminate\\Pipeline\\{closure}(Object(Illuminate\\Http\\Request))
#50 C:\\OSPanel\\home\\guitar_prog\\vendor\\laravel\\framework\\src\\Illuminate\\Foundation\\Http\\Middleware\\TrimStrings.php(51): Illuminate\\Foundation\\Http\\Middleware\\TransformsRequest->handle(Object(Illuminate\\Http\\Request), Object(Closure))
#51 C:\\OSPanel\\home\\guitar_prog\\vendor\\laravel\\framework\\src\\Illuminate\\Pipeline\\Pipeline.php(209): Illuminate\\Foundation\\Http\\Middleware\\TrimStrings->handle(Object(Illuminate\\Http\\Request), Object(Closure))
#52 C:\\OSPanel\\home\\guitar_prog\\vendor\\laravel\\framework\\src\\Illuminate\\Http\\Middleware\\ValidatePostSize.php(27): Illuminate\\Pipeline\\Pipeline->Illuminate\\Pipeline\\{closure}(Object(Illuminate\\Http\\Request))
#53 C:\\OSPanel\\home\\guitar_prog\\vendor\\laravel\\framework\\src\\Illuminate\\Pipeline\\Pipeline.php(209): Illuminate\\Http\\Middleware\\ValidatePostSize->handle(Object(Illuminate\\Http\\Request), Object(Closure))
#54 C:\\OSPanel\\home\\guitar_prog\\vendor\\laravel\\framework\\src\\Illuminate\\Foundation\\Http\\Middleware\\PreventRequestsDuringMaintenance.php(110): Illuminate\\Pipeline\\Pipeline->Illuminate\\Pipeline\\{closure}(Object(Illuminate\\Http\\Request))
#55 C:\\OSPanel\\home\\guitar_prog\\vendor\\laravel\\framework\\src\\Illuminate\\Pipeline\\Pipeline.php(209): Illuminate\\Foundation\\Http\\Middleware\\PreventRequestsDuringMaintenance->handle(Object(Illuminate\\Http\\Request), Object(Closure))
#56 C:\\OSPanel\\home\\guitar_prog\\vendor\\laravel\\framework\\src\\Illuminate\\Http\\Middleware\\HandleCors.php(49): Illuminate\\Pipeline\\Pipeline->Illuminate\\Pipeline\\{closure}(Object(Illuminate\\Http\\Request))
#57 C:\\OSPanel\\home\\guitar_prog\\vendor\\laravel\\framework\\src\\Illuminate\\Pipeline\\Pipeline.php(209): Illuminate\\Http\\Middleware\\HandleCors->handle(Object(Illuminate\\Http\\Request), Object(Closure))
#58 C:\\OSPanel\\home\\guitar_prog\\vendor\\laravel\\framework\\src\\Illuminate\\Http\\Middleware\\TrustProxies.php(58): Illuminate\\Pipeline\\Pipeline->Illuminate\\Pipeline\\{closure}(Object(Illuminate\\Http\\Request))
#59 C:\\OSPanel\\home\\guitar_prog\\vendor\\laravel\\framework\\src\\Illuminate\\Pipeline\\Pipeline.php(209): Illuminate\\Http\\Middleware\\TrustProxies->handle(Object(Illuminate\\Http\\Request), Object(Closure))
#60 C:\\OSPanel\\home\\guitar_prog\\vendor\\laravel\\framework\\src\\Illuminate\\Foundation\\Http\\Middleware\\InvokeDeferredCallbacks.php(22): Illuminate\\Pipeline\\Pipeline->Illuminate\\Pipeline\\{closure}(Object(Illuminate\\Http\\Request))
#61 C:\\OSPanel\\home\\guitar_prog\\vendor\\laravel\\framework\\src\\Illuminate\\Pipeline\\Pipeline.php(209): Illuminate\\Foundation\\Http\\Middleware\\InvokeDeferredCallbacks->handle(Object(Illuminate\\Http\\Request), Object(Closure))
#62 C:\\OSPanel\\home\\guitar_prog\\vendor\\laravel\\framework\\src\\Illuminate\\Http\\Middleware\\ValidatePathEncoding.php(26): Illuminate\\Pipeline\\Pipeline->Illuminate\\Pipeline\\{closure}(Object(Illuminate\\Http\\Request))
#63 C:\\OSPanel\\home\\guitar_prog\\vendor\\laravel\\framework\\src\\Illuminate\\Pipeline\\Pipeline.php(209): Illuminate\\Http\\Middleware\\ValidatePathEncoding->handle(Object(Illuminate\\Http\\Request), Object(Closure))
#64 C:\\OSPanel\\home\\guitar_prog\\vendor\\laravel\\framework\\src\\Illuminate\\Pipeline\\Pipeline.php(127): Illuminate\\Pipeline\\Pipeline->Illuminate\\Pipeline\\{closure}(Object(Illuminate\\Http\\Request))
#65 C:\\OSPanel\\home\\guitar_prog\\vendor\\laravel\\framework\\src\\Illuminate\\Foundation\\Http\\Kernel.php(176): Illuminate\\Pipeline\\Pipeline->then(Object(Closure))
#66 C:\\OSPanel\\home\\guitar_prog\\vendor\\laravel\\framework\\src\\Illuminate\\Foundation\\Http\\Kernel.php(145): Illuminate\\Foundation\\Http\\Kernel->sendRequestThroughRouter(Object(Illuminate\\Http\\Request))
#67 C:\\OSPanel\\home\\guitar_prog\\vendor\\laravel\\framework\\src\\Illuminate\\Foundation\\Application.php(1220): Illuminate\\Foundation\\Http\\Kernel->handle(Object(Illuminate\\Http\\Request))
#68 C:\\OSPanel\\home\\guitar_prog\\public\\index.php(20): Illuminate\\Foundation\\Application->handleRequest(Object(Illuminate\\Http\\Request))
#69 C:\\OSPanel\\home\\guitar_prog\\vendor\\laravel\\framework\\src\\Illuminate\\Foundation\\resources\\server.php(23): require_once('C:\\\\OSPanel\\\\home...')
#70 {main}

[previous exception] [object] (Illuminate\\Foundation\\ViteManifestNotFoundException(code: 0): Vite manifest not found at: C:\\OSPanel\\home\\guitar_prog\\public\\build/manifest.json at C:\\OSPanel\\home\\guitar_prog\\vendor\\laravel\\framework\\src\\Illuminate\\Foundation\\Vite.php:934)
[stacktrace]
#0 C:\\OSPanel\\home\\guitar_prog\\vendor\\laravel\\framework\\src\\Illuminate\\Foundation\\Vite.php(384): Illuminate\\Foundation\\Vite->manifest('build')
#1 C:\\OSPanel\\home\\guitar_prog\\storage\\framework\\views\\bf7b3c7586e745cfa58af21af1371e53.php(20): Illuminate\\Foundation\\Vite->__invoke(Object(Illuminate\\Support\\Collection))
#2 C:\\OSPanel\\home\\guitar_prog\\vendor\\laravel\\framework\\src\\Illuminate\\Filesystem\\Filesystem.php(123): require('C:\\\\OSPanel\\\\home...')
#3 C:\\OSPanel\\home\\guitar_prog\\vendor\\laravel\\framework\\src\\Illuminate\\Filesystem\\Filesystem.php(124): Illuminate\\Filesystem\\Filesystem::Illuminate\\Filesystem\\{closure}()
#4 C:\\OSPanel\\home\\guitar_prog\\vendor\\laravel\\framework\\src\\Illuminate\\View\\Engines\\PhpEngine.php(58): Illuminate\\Filesystem\\Filesystem->getRequire('C:\\\\OSPanel\\\\home...', Array)
#5 C:\\OSPanel\\home\\guitar_prog\\vendor\\livewire\\livewire\\src\\Mechanisms\\ExtendBlade\\ExtendedCompilerEngine.php(22): Illuminate\\View\\Engines\\PhpEngine->evaluatePath('C:\\\\OSPanel\\\\home...', Array)
#6 C:\\OSPanel\\home\\guitar_prog\\vendor\\laravel\\framework\\src\\Illuminate\\View\\Engines\\CompilerEngine.php(75): Livewire\\Mechanisms\\ExtendBlade\\ExtendedCompilerEngine->evaluatePath('C:\\\\OSPanel\\\\home...', Array)
#7 C:\\OSPanel\\home\\guitar_prog\\vendor\\livewire\\livewire\\src\\Mechanisms\\ExtendBlade\\ExtendedCompilerEngine.php(10): Illuminate\\View\\Engines\\CompilerEngine->get('C:\\\\OSPanel\\\\home...', Array)
#8 C:\\OSPanel\\home\\guitar_prog\\vendor\\laravel\\framework\\src\\Illuminate\\View\\View.php(209): Livewire\\Mechanisms\\ExtendBlade\\ExtendedCompilerEngine->get('C:\\\\OSPanel\\\\home...', Array)
#9 C:\\OSPanel\\home\\guitar_prog\\vendor\\laravel\\framework\\src\\Illuminate\\View\\View.php(192): Illuminate\\View\\View->getContents()
#10 C:\\OSPanel\\home\\guitar_prog\\vendor\\laravel\\framework\\src\\Illuminate\\View\\View.php(161): Illuminate\\View\\View->renderContents()
#11 C:\\OSPanel\\home\\guitar_prog\\storage\\framework\\views\\a8f91c5508662d84664e1a342f64a096.php(419): Illuminate\\View\\View->render()
#12 C:\\OSPanel\\home\\guitar_prog\\vendor\\laravel\\framework\\src\\Illuminate\\Filesystem\\Filesystem.php(123): require('C:\\\\OSPanel\\\\home...')
#13 C:\\OSPanel\\home\\guitar_prog\\vendor\\laravel\\framework\\src\\Illuminate\\Filesystem\\Filesystem.php(124): Illuminate\\Filesystem\\Filesystem::Illuminate\\Filesystem\\{closure}()
#14 C:\\OSPanel\\home\\guitar_prog\\vendor\\laravel\\framework\\src\\Illuminate\\View\\Engines\\PhpEngine.php(58): Illuminate\\Filesystem\\Filesystem->getRequire('C:\\\\OSPanel\\\\home...', Array)
#15 C:\\OSPanel\\home\\guitar_prog\\vendor\\livewire\\livewire\\src\\Mechanisms\\ExtendBlade\\ExtendedCompilerEngine.php(22): Illuminate\\View\\Engines\\PhpEngine->evaluatePath('C:\\\\OSPanel\\\\home...', Array)
#16 C:\\OSPanel\\home\\guitar_prog\\vendor\\laravel\\framework\\src\\Illuminate\\View\\Engines\\CompilerEngine.php(75): Livewire\\Mechanisms\\ExtendBlade\\ExtendedCompilerEngine->evaluatePath('C:\\\\OSPanel\\\\home...', Array)
#17 C:\\OSPanel\\home\\guitar_prog\\vendor\\livewire\\livewire\\src\\Mechanisms\\ExtendBlade\\ExtendedCompilerEngine.php(10): Illuminate\\View\\Engines\\CompilerEngine->get('C:\\\\OSPanel\\\\home...', Array)
#18 C:\\OSPanel\\home\\guitar_prog\\vendor\\laravel\\framework\\src\\Illuminate\\View\\View.php(209): Livewire\\Mechanisms\\ExtendBlade\\ExtendedCompilerEngine->get('C:\\\\OSPanel\\\\home...', Array)
#19 C:\\OSPanel\\home\\guitar_prog\\vendor\\laravel\\framework\\src\\Illuminate\\View\\View.php(192): Illuminate\\View\\View->getContents()
#20 C:\\OSPanel\\home\\guitar_prog\\vendor\\laravel\\framework\\src\\Illuminate\\View\\View.php(161): Illuminate\\View\\View->renderContents()
#21 C:\\OSPanel\\home\\guitar_prog\\vendor\\laravel\\framework\\src\\Illuminate\\Http\\Response.php(79): Illuminate\\View\\View->render()
#22 C:\\OSPanel\\home\\guitar_prog\\vendor\\laravel\\framework\\src\\Illuminate\\Http\\Response.php(35): Illuminate\\Http\\Response->setContent(Object(Illuminate\\View\\View))
#23 C:\\OSPanel\\home\\guitar_prog\\vendor\\laravel\\framework\\src\\Illuminate\\Routing\\Router.php(920): Illuminate\\Http\\Response->__construct(Object(Illuminate\\View\\View), 200, Array)
#24 C:\\OSPanel\\home\\guitar_prog\\vendor\\laravel\\framework\\src\\Illuminate\\Routing\\Router.php(887): Illuminate\\Routing\\Router::toResponse(Object(Illuminate\\Http\\Request), Object(Illuminate\\View\\View))
#25 C:\\OSPanel\\home\\guitar_prog\\vendor\\laravel\\framework\\src\\Illuminate\\Routing\\Router.php(807): Illuminate\\Routing\\Router->prepareResponse(Object(Illuminate\\Http\\Request), Object(Illuminate\\View\\View))
#26 C:\\OSPanel\\home\\guitar_prog\\vendor\\laravel\\framework\\src\\Illuminate\\Pipeline\\Pipeline.php(170): Illuminate\\Routing\\Router->Illuminate\\Routing\\{closure}(Object(Illuminate\\Http\\Request))
#27 C:\\OSPanel\\home\\guitar_prog\\vendor\\laravel\\framework\\src\\Illuminate\\Routing\\Middleware\\SubstituteBindings.php(51): Illuminate\\Pipeline\\Pipeline->Illuminate\\Pipeline\\{closure}(Object(Illuminate\\Http\\Request))
#28 C:\\OSPanel\\home\\guitar_prog\\vendor\\laravel\\framework\\src\\Illuminate\\Pipeline\\Pipeline.php(209): Illuminate\\Routing\\Middleware\\SubstituteBindings->handle(Object(Illuminate\\Http\\Request), Object(Closure))
#29 C:\\OSPanel\\home\\guitar_prog\\vendor\\laravel\\framework\\src\\Illuminate\\Foundation\\Http\\Middleware\\VerifyCsrfToken.php(88): Illuminate\\Pipeline\\Pipeline->Illuminate\\Pipeline\\{closure}(Object(Illuminate\\Http\\Request))
#30 C:\\OSPanel\\home\\guitar_prog\\vendor\\laravel\\framework\\src\\Illuminate\\Pipeline\\Pipeline.php(209): Illuminate\\Foundation\\Http\\Middleware\\VerifyCsrfToken->handle(Object(Illuminate\\Http\\Request), Object(Closure))
#31 C:\\OSPanel\\home\\guitar_prog\\vendor\\laravel\\framework\\src\\Illuminate\\View\\Middleware\\ShareErrorsFromSession.php(49): Illuminate\\Pipeline\\Pipeline->Illuminate\\Pipeline\\{closure}(Object(Illuminate\\Http\\Request))
#32 C:\\OSPanel\\home\\guitar_prog\\vendor\\laravel\\framework\\src\\Illuminate\\Pipeline\\Pipeline.php(209): Illuminate\\View\\Middleware\\ShareErrorsFromSession->handle(Object(Illuminate\\Http\\Request), Object(Closure))
#33 C:\\OSPanel\\home\\guitar_prog\\vendor\\laravel\\framework\\src\\Illuminate\\Session\\Middleware\\StartSession.php(121): Illuminate\\Pipeline\\Pipeline->Illuminate\\Pipeline\\{closure}(Object(Illuminate\\Http\\Request))
#34 C:\\OSPanel\\home\\guitar_prog\\vendor\\laravel\\framework\\src\\Illuminate\\Session\\Middleware\\StartSession.php(64): Illuminate\\Session\\Middleware\\StartSession->handleStatefulRequest(Object(Illuminate\\Http\\Request), Object(Illuminate\\Session\\Store), Object(Closure))
#35 C:\\OSPanel\\home\\guitar_prog\\vendor\\laravel\\framework\\src\\Illuminate\\Pipeline\\Pipeline.php(209): Illuminate\\Session\\Middleware\\StartSession->handle(Object(Illuminate\\Http\\Request), Object(Closure))
#36 C:\\OSPanel\\home\\guitar_prog\\vendor\\laravel\\framework\\src\\Illuminate\\Cookie\\Middleware\\AddQueuedCookiesToResponse.php(37): Illuminate\\Pipeline\\Pipeline->Illuminate\\Pipeline\\{closure}(Object(Illuminate\\Http\\Request))
#37 C:\\OSPanel\\home\\guitar_prog\\vendor\\laravel\\framework\\src\\Illuminate\\Pipeline\\Pipeline.php(209): Illuminate\\Cookie\\Middleware\\AddQueuedCookiesToResponse->handle(Object(Illuminate\\Http\\Request), Object(Closure))
#38 C:\\OSPanel\\home\\guitar_prog\\vendor\\laravel\\framework\\src\\Illuminate\\Cookie\\Middleware\\EncryptCookies.php(75): Illuminate\\Pipeline\\Pipeline->Illuminate\\Pipeline\\{closure}(Object(Illuminate\\Http\\Request))
#39 C:\\OSPanel\\home\\guitar_prog\\vendor\\laravel\\framework\\src\\Illuminate\\Pipeline\\Pipeline.php(209): Illuminate\\Cookie\\Middleware\\EncryptCookies->handle(Object(Illuminate\\Http\\Request), Object(Closure))
#40 C:\\OSPanel\\home\\guitar_prog\\vendor\\laravel\\framework\\src\\Illuminate\\Pipeline\\Pipeline.php(127): Illuminate\\Pipeline\\Pipeline->Illuminate\\Pipeline\\{closure}(Object(Illuminate\\Http\\Request))
#41 C:\\OSPanel\\home\\guitar_prog\\vendor\\laravel\\framework\\src\\Illuminate\\Routing\\Router.php(807): Illuminate\\Pipeline\\Pipeline->then(Object(Closure))
#42 C:\\OSPanel\\home\\guitar_prog\\vendor\\laravel\\framework\\src\\Illuminate\\Routing\\Router.php(786): Illuminate\\Routing\\Router->runRouteWithinStack(Object(Illuminate\\Routing\\Route), Object(Illuminate\\Http\\Request))
#43 C:\\OSPanel\\home\\guitar_prog\\vendor\\laravel\\framework\\src\\Illuminate\\Routing\\Router.php(750): Illuminate\\Routing\\Router->runRoute(Object(Illuminate\\Http\\Request), Object(Illuminate\\Routing\\Route))
#44 C:\\OSPanel\\home\\guitar_prog\\vendor\\laravel\\framework\\src\\Illuminate\\Routing\\Router.php(739): Illuminate\\Routing\\Router->dispatchToRoute(Object(Illuminate\\Http\\Request))
#45 C:\\OSPanel\\home\\guitar_prog\\vendor\\laravel\\framework\\src\\Illuminate\\Foundation\\Http\\Kernel.php(201): Illuminate\\Routing\\Router->dispatch(Object(Illuminate\\Http\\Request))
#46 C:\\OSPanel\\home\\guitar_prog\\vendor\\laravel\\framework\\src\\Illuminate\\Pipeline\\Pipeline.php(170): Illuminate\\Foundation\\Http\\Kernel->Illuminate\\Foundation\\Http\\{closure}(Object(Illuminate\\Http\\Request))
#47 C:\\OSPanel\\home\\guitar_prog\\vendor\\livewire\\livewire\\src\\Features\\SupportDisablingBackButtonCache\\DisableBackButtonCacheMiddleware.php(19): Illuminate\\Pipeline\\Pipeline->Illuminate\\Pipeline\\{closure}(Object(Illuminate\\Http\\Request))
#48 C:\\OSPanel\\home\\guitar_prog\\vendor\\laravel\\framework\\src\\Illuminate\\Pipeline\\Pipeline.php(209): Livewire\\Features\\SupportDisablingBackButtonCache\\DisableBackButtonCacheMiddleware->handle(Object(Illuminate\\Http\\Request), Object(Closure))
#49 C:\\OSPanel\\home\\guitar_prog\\vendor\\laravel\\framework\\src\\Illuminate\\Foundation\\Http\\Middleware\\TransformsRequest.php(21): Illuminate\\Pipeline\\Pipeline->Illuminate\\Pipeline\\{closure}(Object(Illuminate\\Http\\Request))
#50 C:\\OSPanel\\home\\guitar_prog\\vendor\\laravel\\framework\\src\\Illuminate\\Foundation\\Http\\Middleware\\ConvertEmptyStringsToNull.php(31): Illuminate\\Foundation\\Http\\Middleware\\TransformsRequest->handle(Object(Illuminate\\Http\\Request), Object(Closure))
#51 C:\\OSPanel\\home\\guitar_prog\\vendor\\laravel\\framework\\src\\Illuminate\\Pipeline\\Pipeline.php(209): Illuminate\\Foundation\\Http\\Middleware\\ConvertEmptyStringsToNull->handle(Object(Illuminate\\Http\\Request), Object(Closure))
#52 C:\\OSPanel\\home\\guitar_prog\\vendor\\laravel\\framework\\src\\Illuminate\\Foundation\\Http\\Middleware\\TransformsRequest.php(21): Illuminate\\Pipeline\\Pipeline->Illuminate\\Pipeline\\{closure}(Object(Illuminate\\Http\\Request))
#53 C:\\OSPanel\\home\\guitar_prog\\vendor\\laravel\\framework\\src\\Illuminate\\Foundation\\Http\\Middleware\\TrimStrings.php(51): Illuminate\\Foundation\\Http\\Middleware\\TransformsRequest->handle(Object(Illuminate\\Http\\Request), Object(Closure))
#54 C:\\OSPanel\\home\\guitar_prog\\vendor\\laravel\\framework\\src\\Illuminate\\Pipeline\\Pipeline.php(209): Illuminate\\Foundation\\Http\\Middleware\\TrimStrings->handle(Object(Illuminate\\Http\\Request), Object(Closure))
#55 C:\\OSPanel\\home\\guitar_prog\\vendor\\laravel\\framework\\src\\Illuminate\\Http\\Middleware\\ValidatePostSize.php(27): Illuminate\\Pipeline\\Pipeline->Illuminate\\Pipeline\\{closure}(Object(Illuminate\\Http\\Request))
#56 C:\\OSPanel\\home\\guitar_prog\\vendor\\laravel\\framework\\src\\Illuminate\\Pipeline\\Pipeline.php(209): Illuminate\\Http\\Middleware\\ValidatePostSize->handle(Object(Illuminate\\Http\\Request), Object(Closure))
#57 C:\\OSPanel\\home\\guitar_prog\\vendor\\laravel\\framework\\src\\Illuminate\\Foundation\\Http\\Middleware\\PreventRequestsDuringMaintenance.php(110): Illuminate\\Pipeline\\Pipeline->Illuminate\\Pipeline\\{closure}(Object(Illuminate\\Http\\Request))
#58 C:\\OSPanel\\home\\guitar_prog\\vendor\\laravel\\framework\\src\\Illuminate\\Pipeline\\Pipeline.php(209): Illuminate\\Foundation\\Http\\Middleware\\PreventRequestsDuringMaintenance->handle(Object(Illuminate\\Http\\Request), Object(Closure))
#59 C:\\OSPanel\\home\\guitar_prog\\vendor\\laravel\\framework\\src\\Illuminate\\Http\\Middleware\\HandleCors.php(49): Illuminate\\Pipeline\\Pipeline->Illuminate\\Pipeline\\{closure}(Object(Illuminate\\Http\\Request))
#60 C:\\OSPanel\\home\\guitar_prog\\vendor\\laravel\\framework\\src\\Illuminate\\Pipeline\\Pipeline.php(209): Illuminate\\Http\\Middleware\\HandleCors->handle(Object(Illuminate\\Http\\Request), Object(Closure))
#61 C:\\OSPanel\\home\\guitar_prog\\vendor\\laravel\\framework\\src\\Illuminate\\Http\\Middleware\\TrustProxies.php(58): Illuminate\\Pipeline\\Pipeline->Illuminate\\Pipeline\\{closure}(Object(Illuminate\\Http\\Request))
#62 C:\\OSPanel\\home\\guitar_prog\\vendor\\laravel\\framework\\src\\Illuminate\\Pipeline\\Pipeline.php(209): Illuminate\\Http\\Middleware\\TrustProxies->handle(Object(Illuminate\\Http\\Request), Object(Closure))
#63 C:\\OSPanel\\home\\guitar_prog\\vendor\\laravel\\framework\\src\\Illuminate\\Foundation\\Http\\Middleware\\InvokeDeferredCallbacks.php(22): Illuminate\\Pipeline\\Pipeline->Illuminate\\Pipeline\\{closure}(Object(Illuminate\\Http\\Request))
#64 C:\\OSPanel\\home\\guitar_prog\\vendor\\laravel\\framework\\src\\Illuminate\\Pipeline\\Pipeline.php(209): Illuminate\\Foundation\\Http\\Middleware\\InvokeDeferredCallbacks->handle(Object(Illuminate\\Http\\Request), Object(Closure))
#65 C:\\OSPanel\\home\\guitar_prog\\vendor\\laravel\\framework\\src\\Illuminate\\Http\\Middleware\\ValidatePathEncoding.php(26): Illuminate\\Pipeline\\Pipeline->Illuminate\\Pipeline\\{closure}(Object(Illuminate\\Http\\Request))
#66 C:\\OSPanel\\home\\guitar_prog\\vendor\\laravel\\framework\\src\\Illuminate\\Pipeline\\Pipeline.php(209): Illuminate\\Http\\Middleware\\ValidatePathEncoding->handle(Object(Illuminate\\Http\\Request), Object(Closure))
#67 C:\\OSPanel\\home\\guitar_prog\\vendor\\laravel\\framework\\src\\Illuminate\\Pipeline\\Pipeline.php(127): Illuminate\\Pipeline\\Pipeline->Illuminate\\Pipeline\\{closure}(Object(Illuminate\\Http\\Request))
#68 C:\\OSPanel\\home\\guitar_prog\\vendor\\laravel\\framework\\src\\Illuminate\\Foundation\\Http\\Kernel.php(176): Illuminate\\Pipeline\\Pipeline->then(Object(Closure))
#69 C:\\OSPanel\\home\\guitar_prog\\vendor\\laravel\\framework\\src\\Illuminate\\Foundation\\Http\\Kernel.php(145): Illuminate\\Foundation\\Http\\Kernel->sendRequestThroughRouter(Object(Illuminate\\Http\\Request))
#70 C:\\OSPanel\\home\\guitar_prog\\vendor\\laravel\\framework\\src\\Illuminate\\Foundation\\Application.php(1220): Illuminate\\Foundation\\Http\\Kernel->handle(Object(Illuminate\\Http\\Request))
#71 C:\\OSPanel\\home\\guitar_prog\\public\\index.php(20): Illuminate\\Foundation\\Application->handleRequest(Object(Illuminate\\Http\\Request))
#72 C:\\OSPanel\\home\\guitar_prog\\vendor\\laravel\\framework\\src\\Illuminate\\Foundation\\resources\\server.php(23): require_once('C:\\\\OSPanel\\\\home...')
#73 {main}
"} 
[2025-05-01 23:24:53] local.ERROR: file_put_contents(C:\OSPanel\home\guitar_prog1\storage\framework/cache/facade-1e06026dbe325cba543b2306bd7e55d66d31e4c1.php): Failed to open stream: No such file or directory {"userId":2,"exception":"[object] (ErrorException(code: 0): file_put_contents(C:\\OSPanel\\home\\guitar_prog1\\storage\\framework/cache/facade-1e06026dbe325cba543b2306bd7e55d66d31e4c1.php): Failed to open stream: No such file or directory at C:\\OSPanel\\home\\guitar_prog1\\vendor\\laravel\\framework\\src\\Illuminate\\Foundation\\AliasLoader.php:107)
[stacktrace]
#0 C:\\OSPanel\\home\\guitar_prog1\\vendor\\laravel\\framework\\src\\Illuminate\\Foundation\\Bootstrap\\HandleExceptions.php(256): Illuminate\\Foundation\\Bootstrap\\HandleExceptions->handleError(2, 'file_put_conten...', 'C:\\\\OSPanel\\\\home...', 107)
#1 [internal function]: Illuminate\\Foundation\\Bootstrap\\HandleExceptions->Illuminate\\Foundation\\Bootstrap\\{closure}(2, 'file_put_conten...', 'C:\\\\OSPanel\\\\home...', 107)
#2 C:\\OSPanel\\home\\guitar_prog1\\vendor\\laravel\\framework\\src\\Illuminate\\Foundation\\AliasLoader.php(107): file_put_contents('C:\\\\OSPanel\\\\home...', '<?php\\n\\nnamespac...')
#3 C:\\OSPanel\\home\\guitar_prog1\\vendor\\laravel\\framework\\src\\Illuminate\\Foundation\\AliasLoader.php(92): Illuminate\\Foundation\\AliasLoader->ensureFacadeExists('Facades\\\\Livewir...')
#4 C:\\OSPanel\\home\\guitar_prog1\\vendor\\laravel\\framework\\src\\Illuminate\\Foundation\\AliasLoader.php(74): Illuminate\\Foundation\\AliasLoader->loadFacade('Facades\\\\Livewir...')
#5 C:\\OSPanel\\home\\guitar_prog1\\vendor\\livewire\\livewire\\src\\Features\\SupportFileUploads\\WithFileUploads.php(25): Illuminate\\Foundation\\AliasLoader->load('Facades\\\\Livewir...')
#6 C:\\OSPanel\\home\\guitar_prog1\\vendor\\laravel\\framework\\src\\Illuminate\\Container\\BoundMethod.php(36): Filament\\Pages\\BasePage->_startUpload('data.logo.70305...', Array, false)
#7 C:\\OSPanel\\home\\guitar_prog1\\vendor\\laravel\\framework\\src\\Illuminate\\Container\\Util.php(43): Illuminate\\Container\\BoundMethod::Illuminate\\Container\\{closure}()
#8 C:\\OSPanel\\home\\guitar_prog1\\vendor\\laravel\\framework\\src\\Illuminate\\Container\\BoundMethod.php(96): Illuminate\\Container\\Util::unwrapIfClosure(Object(Closure))
#9 C:\\OSPanel\\home\\guitar_prog1\\vendor\\laravel\\framework\\src\\Illuminate\\Container\\BoundMethod.php(35): Illuminate\\Container\\BoundMethod::callBoundMethod(Object(Illuminate\\Foundation\\Application), Array, Object(Closure))
#10 C:\\OSPanel\\home\\guitar_prog1\\vendor\\livewire\\livewire\\src\\Wrapped.php(23): Illuminate\\Container\\BoundMethod::call(Object(Illuminate\\Foundation\\Application), Array, Array)
#11 C:\\OSPanel\\home\\guitar_prog1\\vendor\\livewire\\livewire\\src\\Mechanisms\\HandleComponents\\HandleComponents.php(474): Livewire\\Wrapped->__call('_startUpload', Array)
#12 C:\\OSPanel\\home\\guitar_prog1\\vendor\\livewire\\livewire\\src\\Mechanisms\\HandleComponents\\HandleComponents.php(101): Livewire\\Mechanisms\\HandleComponents\\HandleComponents->callMethods(Object(App\\Filament\\Resources\\BrandResource\\Pages\\CreateBrand), Array, Object(Livewire\\Mechanisms\\HandleComponents\\ComponentContext))
#13 C:\\OSPanel\\home\\guitar_prog1\\vendor\\livewire\\livewire\\src\\LivewireManager.php(102): Livewire\\Mechanisms\\HandleComponents\\HandleComponents->update(Array, Array, Array)
#14 C:\\OSPanel\\home\\guitar_prog1\\vendor\\livewire\\livewire\\src\\Mechanisms\\HandleRequests\\HandleRequests.php(94): Livewire\\LivewireManager->update(Array, Array, Array)
#15 C:\\OSPanel\\home\\guitar_prog1\\vendor\\laravel\\framework\\src\\Illuminate\\Routing\\ControllerDispatcher.php(47): Livewire\\Mechanisms\\HandleRequests\\HandleRequests->handleUpdate()
#16 C:\\OSPanel\\home\\guitar_prog1\\vendor\\laravel\\framework\\src\\Illuminate\\Routing\\Route.php(266): Illuminate\\Routing\\ControllerDispatcher->dispatch(Object(Illuminate\\Routing\\Route), Object(Livewire\\Mechanisms\\HandleRequests\\HandleRequests), 'handleUpdate')
#17 C:\\OSPanel\\home\\guitar_prog1\\vendor\\laravel\\framework\\src\\Illuminate\\Routing\\Route.php(212): Illuminate\\Routing\\Route->runController()
#18 C:\\OSPanel\\home\\guitar_prog1\\vendor\\laravel\\framework\\src\\Illuminate\\Routing\\Router.php(808): Illuminate\\Routing\\Route->run()
#19 C:\\OSPanel\\home\\guitar_prog1\\vendor\\laravel\\framework\\src\\Illuminate\\Pipeline\\Pipeline.php(170): Illuminate\\Routing\\Router->Illuminate\\Routing\\{closure}(Object(Illuminate\\Http\\Request))
#20 C:\\OSPanel\\home\\guitar_prog1\\vendor\\laravel\\framework\\src\\Illuminate\\Routing\\Middleware\\SubstituteBindings.php(51): Illuminate\\Pipeline\\Pipeline->Illuminate\\Pipeline\\{closure}(Object(Illuminate\\Http\\Request))
#21 C:\\OSPanel\\home\\guitar_prog1\\vendor\\laravel\\framework\\src\\Illuminate\\Pipeline\\Pipeline.php(209): Illuminate\\Routing\\Middleware\\SubstituteBindings->handle(Object(Illuminate\\Http\\Request), Object(Closure))
#22 C:\\OSPanel\\home\\guitar_prog1\\vendor\\laravel\\framework\\src\\Illuminate\\Foundation\\Http\\Middleware\\VerifyCsrfToken.php(88): Illuminate\\Pipeline\\Pipeline->Illuminate\\Pipeline\\{closure}(Object(Illuminate\\Http\\Request))
#23 C:\\OSPanel\\home\\guitar_prog1\\vendor\\laravel\\framework\\src\\Illuminate\\Pipeline\\Pipeline.php(209): Illuminate\\Foundation\\Http\\Middleware\\VerifyCsrfToken->handle(Object(Illuminate\\Http\\Request), Object(Closure))
#24 C:\\OSPanel\\home\\guitar_prog1\\vendor\\laravel\\framework\\src\\Illuminate\\View\\Middleware\\ShareErrorsFromSession.php(49): Illuminate\\Pipeline\\Pipeline->Illuminate\\Pipeline\\{closure}(Object(Illuminate\\Http\\Request))
#25 C:\\OSPanel\\home\\guitar_prog1\\vendor\\laravel\\framework\\src\\Illuminate\\Pipeline\\Pipeline.php(209): Illuminate\\View\\Middleware\\ShareErrorsFromSession->handle(Object(Illuminate\\Http\\Request), Object(Closure))
#26 C:\\OSPanel\\home\\guitar_prog1\\vendor\\laravel\\framework\\src\\Illuminate\\Session\\Middleware\\StartSession.php(121): Illuminate\\Pipeline\\Pipeline->Illuminate\\Pipeline\\{closure}(Object(Illuminate\\Http\\Request))
#27 C:\\OSPanel\\home\\guitar_prog1\\vendor\\laravel\\framework\\src\\Illuminate\\Session\\Middleware\\StartSession.php(64): Illuminate\\Session\\Middleware\\StartSession->handleStatefulRequest(Object(Illuminate\\Http\\Request), Object(Illuminate\\Session\\Store), Object(Closure))
#28 C:\\OSPanel\\home\\guitar_prog1\\vendor\\laravel\\framework\\src\\Illuminate\\Pipeline\\Pipeline.php(209): Illuminate\\Session\\Middleware\\StartSession->handle(Object(Illuminate\\Http\\Request), Object(Closure))
#29 C:\\OSPanel\\home\\guitar_prog1\\vendor\\laravel\\framework\\src\\Illuminate\\Cookie\\Middleware\\AddQueuedCookiesToResponse.php(37): Illuminate\\Pipeline\\Pipeline->Illuminate\\Pipeline\\{closure}(Object(Illuminate\\Http\\Request))
#30 C:\\OSPanel\\home\\guitar_prog1\\vendor\\laravel\\framework\\src\\Illuminate\\Pipeline\\Pipeline.php(209): Illuminate\\Cookie\\Middleware\\AddQueuedCookiesToResponse->handle(Object(Illuminate\\Http\\Request), Object(Closure))
#31 C:\\OSPanel\\home\\guitar_prog1\\vendor\\laravel\\framework\\src\\Illuminate\\Cookie\\Middleware\\EncryptCookies.php(75): Illuminate\\Pipeline\\Pipeline->Illuminate\\Pipeline\\{closure}(Object(Illuminate\\Http\\Request))
#32 C:\\OSPanel\\home\\guitar_prog1\\vendor\\laravel\\framework\\src\\Illuminate\\Pipeline\\Pipeline.php(209): Illuminate\\Cookie\\Middleware\\EncryptCookies->handle(Object(Illuminate\\Http\\Request), Object(Closure))
#33 C:\\OSPanel\\home\\guitar_prog1\\vendor\\laravel\\framework\\src\\Illuminate\\Pipeline\\Pipeline.php(127): Illuminate\\Pipeline\\Pipeline->Illuminate\\Pipeline\\{closure}(Object(Illuminate\\Http\\Request))
#34 C:\\OSPanel\\home\\guitar_prog1\\vendor\\laravel\\framework\\src\\Illuminate\\Routing\\Router.php(807): Illuminate\\Pipeline\\Pipeline->then(Object(Closure))
#35 C:\\OSPanel\\home\\guitar_prog1\\vendor\\laravel\\framework\\src\\Illuminate\\Routing\\Router.php(786): Illuminate\\Routing\\Router->runRouteWithinStack(Object(Illuminate\\Routing\\Route), Object(Illuminate\\Http\\Request))
#36 C:\\OSPanel\\home\\guitar_prog1\\vendor\\laravel\\framework\\src\\Illuminate\\Routing\\Router.php(750): Illuminate\\Routing\\Router->runRoute(Object(Illuminate\\Http\\Request), Object(Illuminate\\Routing\\Route))
#37 C:\\OSPanel\\home\\guitar_prog1\\vendor\\laravel\\framework\\src\\Illuminate\\Routing\\Router.php(739): Illuminate\\Routing\\Router->dispatchToRoute(Object(Illuminate\\Http\\Request))
#38 C:\\OSPanel\\home\\guitar_prog1\\vendor\\laravel\\framework\\src\\Illuminate\\Foundation\\Http\\Kernel.php(201): Illuminate\\Routing\\Router->dispatch(Object(Illuminate\\Http\\Request))
#39 C:\\OSPanel\\home\\guitar_prog1\\vendor\\laravel\\framework\\src\\Illuminate\\Pipeline\\Pipeline.php(170): Illuminate\\Foundation\\Http\\Kernel->Illuminate\\Foundation\\Http\\{closure}(Object(Illuminate\\Http\\Request))
#40 C:\\OSPanel\\home\\guitar_prog1\\vendor\\livewire\\livewire\\src\\Features\\SupportDisablingBackButtonCache\\DisableBackButtonCacheMiddleware.php(19): Illuminate\\Pipeline\\Pipeline->Illuminate\\Pipeline\\{closure}(Object(Illuminate\\Http\\Request))
#41 C:\\OSPanel\\home\\guitar_prog1\\vendor\\laravel\\framework\\src\\Illuminate\\Pipeline\\Pipeline.php(209): Livewire\\Features\\SupportDisablingBackButtonCache\\DisableBackButtonCacheMiddleware->handle(Object(Illuminate\\Http\\Request), Object(Closure))
#42 C:\\OSPanel\\home\\guitar_prog1\\vendor\\laravel\\framework\\src\\Illuminate\\Foundation\\Http\\Middleware\\ConvertEmptyStringsToNull.php(27): Illuminate\\Pipeline\\Pipeline->Illuminate\\Pipeline\\{closure}(Object(Illuminate\\Http\\Request))
#43 C:\\OSPanel\\home\\guitar_prog1\\vendor\\laravel\\framework\\src\\Illuminate\\Pipeline\\Pipeline.php(209): Illuminate\\Foundation\\Http\\Middleware\\ConvertEmptyStringsToNull->handle(Object(Illuminate\\Http\\Request), Object(Closure))
#44 C:\\OSPanel\\home\\guitar_prog1\\vendor\\laravel\\framework\\src\\Illuminate\\Foundation\\Http\\Middleware\\TrimStrings.php(47): Illuminate\\Pipeline\\Pipeline->Illuminate\\Pipeline\\{closure}(Object(Illuminate\\Http\\Request))
#45 C:\\OSPanel\\home\\guitar_prog1\\vendor\\laravel\\framework\\src\\Illuminate\\Pipeline\\Pipeline.php(209): Illuminate\\Foundation\\Http\\Middleware\\TrimStrings->handle(Object(Illuminate\\Http\\Request), Object(Closure))
#46 C:\\OSPanel\\home\\guitar_prog1\\vendor\\laravel\\framework\\src\\Illuminate\\Http\\Middleware\\ValidatePostSize.php(27): Illuminate\\Pipeline\\Pipeline->Illuminate\\Pipeline\\{closure}(Object(Illuminate\\Http\\Request))
#47 C:\\OSPanel\\home\\guitar_prog1\\vendor\\laravel\\framework\\src\\Illuminate\\Pipeline\\Pipeline.php(209): Illuminate\\Http\\Middleware\\ValidatePostSize->handle(Object(Illuminate\\Http\\Request), Object(Closure))
#48 C:\\OSPanel\\home\\guitar_prog1\\vendor\\laravel\\framework\\src\\Illuminate\\Foundation\\Http\\Middleware\\PreventRequestsDuringMaintenance.php(110): Illuminate\\Pipeline\\Pipeline->Illuminate\\Pipeline\\{closure}(Object(Illuminate\\Http\\Request))
#49 C:\\OSPanel\\home\\guitar_prog1\\vendor\\laravel\\framework\\src\\Illuminate\\Pipeline\\Pipeline.php(209): Illuminate\\Foundation\\Http\\Middleware\\PreventRequestsDuringMaintenance->handle(Object(Illuminate\\Http\\Request), Object(Closure))
#50 C:\\OSPanel\\home\\guitar_prog1\\vendor\\laravel\\framework\\src\\Illuminate\\Http\\Middleware\\HandleCors.php(49): Illuminate\\Pipeline\\Pipeline->Illuminate\\Pipeline\\{closure}(Object(Illuminate\\Http\\Request))
#51 C:\\OSPanel\\home\\guitar_prog1\\vendor\\laravel\\framework\\src\\Illuminate\\Pipeline\\Pipeline.php(209): Illuminate\\Http\\Middleware\\HandleCors->handle(Object(Illuminate\\Http\\Request), Object(Closure))
#52 C:\\OSPanel\\home\\guitar_prog1\\vendor\\laravel\\framework\\src\\Illuminate\\Http\\Middleware\\TrustProxies.php(58): Illuminate\\Pipeline\\Pipeline->Illuminate\\Pipeline\\{closure}(Object(Illuminate\\Http\\Request))
#53 C:\\OSPanel\\home\\guitar_prog1\\vendor\\laravel\\framework\\src\\Illuminate\\Pipeline\\Pipeline.php(209): Illuminate\\Http\\Middleware\\TrustProxies->handle(Object(Illuminate\\Http\\Request), Object(Closure))
#54 C:\\OSPanel\\home\\guitar_prog1\\vendor\\laravel\\framework\\src\\Illuminate\\Foundation\\Http\\Middleware\\InvokeDeferredCallbacks.php(22): Illuminate\\Pipeline\\Pipeline->Illuminate\\Pipeline\\{closure}(Object(Illuminate\\Http\\Request))
#55 C:\\OSPanel\\home\\guitar_prog1\\vendor\\laravel\\framework\\src\\Illuminate\\Pipeline\\Pipeline.php(209): Illuminate\\Foundation\\Http\\Middleware\\InvokeDeferredCallbacks->handle(Object(Illuminate\\Http\\Request), Object(Closure))
#56 C:\\OSPanel\\home\\guitar_prog1\\vendor\\laravel\\framework\\src\\Illuminate\\Http\\Middleware\\ValidatePathEncoding.php(26): Illuminate\\Pipeline\\Pipeline->Illuminate\\Pipeline\\{closure}(Object(Illuminate\\Http\\Request))
#57 C:\\OSPanel\\home\\guitar_prog1\\vendor\\laravel\\framework\\src\\Illuminate\\Pipeline\\Pipeline.php(209): Illuminate\\Http\\Middleware\\ValidatePathEncoding->handle(Object(Illuminate\\Http\\Request), Object(Closure))
#58 C:\\OSPanel\\home\\guitar_prog1\\vendor\\laravel\\framework\\src\\Illuminate\\Pipeline\\Pipeline.php(127): Illuminate\\Pipeline\\Pipeline->Illuminate\\Pipeline\\{closure}(Object(Illuminate\\Http\\Request))
#59 C:\\OSPanel\\home\\guitar_prog1\\vendor\\laravel\\framework\\src\\Illuminate\\Foundation\\Http\\Kernel.php(176): Illuminate\\Pipeline\\Pipeline->then(Object(Closure))
#60 C:\\OSPanel\\home\\guitar_prog1\\vendor\\laravel\\framework\\src\\Illuminate\\Foundation\\Http\\Kernel.php(145): Illuminate\\Foundation\\Http\\Kernel->sendRequestThroughRouter(Object(Illuminate\\Http\\Request))
#61 C:\\OSPanel\\home\\guitar_prog1\\vendor\\laravel\\framework\\src\\Illuminate\\Foundation\\Application.php(1220): Illuminate\\Foundation\\Http\\Kernel->handle(Object(Illuminate\\Http\\Request))
#62 C:\\OSPanel\\home\\guitar_prog1\\public\\index.php(20): Illuminate\\Foundation\\Application->handleRequest(Object(Illuminate\\Http\\Request))
#63 C:\\OSPanel\\home\\guitar_prog1\\vendor\\laravel\\framework\\src\\Illuminate\\Foundation\\resources\\server.php(23): require_once('C:\\\\OSPanel\\\\home...')
#64 {main}
"} 
[2025-05-01 23:25:36] local.ERROR: file_put_contents(C:\OSPanel\home\guitar_prog1\storage\framework/cache/facade-1e06026dbe325cba543b2306bd7e55d66d31e4c1.php): Failed to open stream: No such file or directory {"userId":2,"exception":"[object] (ErrorException(code: 0): file_put_contents(C:\\OSPanel\\home\\guitar_prog1\\storage\\framework/cache/facade-1e06026dbe325cba543b2306bd7e55d66d31e4c1.php): Failed to open stream: No such file or directory at C:\\OSPanel\\home\\guitar_prog1\\vendor\\laravel\\framework\\src\\Illuminate\\Foundation\\AliasLoader.php:107)
[stacktrace]
#0 C:\\OSPanel\\home\\guitar_prog1\\vendor\\laravel\\framework\\src\\Illuminate\\Foundation\\Bootstrap\\HandleExceptions.php(256): Illuminate\\Foundation\\Bootstrap\\HandleExceptions->handleError(2, 'file_put_conten...', 'C:\\\\OSPanel\\\\home...', 107)
#1 [internal function]: Illuminate\\Foundation\\Bootstrap\\HandleExceptions->Illuminate\\Foundation\\Bootstrap\\{closure}(2, 'file_put_conten...', 'C:\\\\OSPanel\\\\home...', 107)
#2 C:\\OSPanel\\home\\guitar_prog1\\vendor\\laravel\\framework\\src\\Illuminate\\Foundation\\AliasLoader.php(107): file_put_contents('C:\\\\OSPanel\\\\home...', '<?php\\n\\nnamespac...')
#3 C:\\OSPanel\\home\\guitar_prog1\\vendor\\laravel\\framework\\src\\Illuminate\\Foundation\\AliasLoader.php(92): Illuminate\\Foundation\\AliasLoader->ensureFacadeExists('Facades\\\\Livewir...')
#4 C:\\OSPanel\\home\\guitar_prog1\\vendor\\laravel\\framework\\src\\Illuminate\\Foundation\\AliasLoader.php(74): Illuminate\\Foundation\\AliasLoader->loadFacade('Facades\\\\Livewir...')
#5 C:\\OSPanel\\home\\guitar_prog1\\vendor\\livewire\\livewire\\src\\Features\\SupportFileUploads\\WithFileUploads.php(25): Illuminate\\Foundation\\AliasLoader->load('Facades\\\\Livewir...')
#6 C:\\OSPanel\\home\\guitar_prog1\\vendor\\laravel\\framework\\src\\Illuminate\\Container\\BoundMethod.php(36): Filament\\Pages\\BasePage->_startUpload('data.logo.c1fbe...', Array, false)
#7 C:\\OSPanel\\home\\guitar_prog1\\vendor\\laravel\\framework\\src\\Illuminate\\Container\\Util.php(43): Illuminate\\Container\\BoundMethod::Illuminate\\Container\\{closure}()
#8 C:\\OSPanel\\home\\guitar_prog1\\vendor\\laravel\\framework\\src\\Illuminate\\Container\\BoundMethod.php(96): Illuminate\\Container\\Util::unwrapIfClosure(Object(Closure))
#9 C:\\OSPanel\\home\\guitar_prog1\\vendor\\laravel\\framework\\src\\Illuminate\\Container\\BoundMethod.php(35): Illuminate\\Container\\BoundMethod::callBoundMethod(Object(Illuminate\\Foundation\\Application), Array, Object(Closure))
#10 C:\\OSPanel\\home\\guitar_prog1\\vendor\\livewire\\livewire\\src\\Wrapped.php(23): Illuminate\\Container\\BoundMethod::call(Object(Illuminate\\Foundation\\Application), Array, Array)
#11 C:\\OSPanel\\home\\guitar_prog1\\vendor\\livewire\\livewire\\src\\Mechanisms\\HandleComponents\\HandleComponents.php(474): Livewire\\Wrapped->__call('_startUpload', Array)
#12 C:\\OSPanel\\home\\guitar_prog1\\vendor\\livewire\\livewire\\src\\Mechanisms\\HandleComponents\\HandleComponents.php(101): Livewire\\Mechanisms\\HandleComponents\\HandleComponents->callMethods(Object(App\\Filament\\Resources\\BrandResource\\Pages\\CreateBrand), Array, Object(Livewire\\Mechanisms\\HandleComponents\\ComponentContext))
#13 C:\\OSPanel\\home\\guitar_prog1\\vendor\\livewire\\livewire\\src\\LivewireManager.php(102): Livewire\\Mechanisms\\HandleComponents\\HandleComponents->update(Array, Array, Array)
#14 C:\\OSPanel\\home\\guitar_prog1\\vendor\\livewire\\livewire\\src\\Mechanisms\\HandleRequests\\HandleRequests.php(94): Livewire\\LivewireManager->update(Array, Array, Array)
#15 C:\\OSPanel\\home\\guitar_prog1\\vendor\\laravel\\framework\\src\\Illuminate\\Routing\\ControllerDispatcher.php(47): Livewire\\Mechanisms\\HandleRequests\\HandleRequests->handleUpdate()
#16 C:\\OSPanel\\home\\guitar_prog1\\vendor\\laravel\\framework\\src\\Illuminate\\Routing\\Route.php(266): Illuminate\\Routing\\ControllerDispatcher->dispatch(Object(Illuminate\\Routing\\Route), Object(Livewire\\Mechanisms\\HandleRequests\\HandleRequests), 'handleUpdate')
#17 C:\\OSPanel\\home\\guitar_prog1\\vendor\\laravel\\framework\\src\\Illuminate\\Routing\\Route.php(212): Illuminate\\Routing\\Route->runController()
#18 C:\\OSPanel\\home\\guitar_prog1\\vendor\\laravel\\framework\\src\\Illuminate\\Routing\\Router.php(808): Illuminate\\Routing\\Route->run()
#19 C:\\OSPanel\\home\\guitar_prog1\\vendor\\laravel\\framework\\src\\Illuminate\\Pipeline\\Pipeline.php(170): Illuminate\\Routing\\Router->Illuminate\\Routing\\{closure}(Object(Illuminate\\Http\\Request))
#20 C:\\OSPanel\\home\\guitar_prog1\\vendor\\laravel\\framework\\src\\Illuminate\\Routing\\Middleware\\SubstituteBindings.php(51): Illuminate\\Pipeline\\Pipeline->Illuminate\\Pipeline\\{closure}(Object(Illuminate\\Http\\Request))
#21 C:\\OSPanel\\home\\guitar_prog1\\vendor\\laravel\\framework\\src\\Illuminate\\Pipeline\\Pipeline.php(209): Illuminate\\Routing\\Middleware\\SubstituteBindings->handle(Object(Illuminate\\Http\\Request), Object(Closure))
#22 C:\\OSPanel\\home\\guitar_prog1\\vendor\\laravel\\framework\\src\\Illuminate\\Foundation\\Http\\Middleware\\VerifyCsrfToken.php(88): Illuminate\\Pipeline\\Pipeline->Illuminate\\Pipeline\\{closure}(Object(Illuminate\\Http\\Request))
#23 C:\\OSPanel\\home\\guitar_prog1\\vendor\\laravel\\framework\\src\\Illuminate\\Pipeline\\Pipeline.php(209): Illuminate\\Foundation\\Http\\Middleware\\VerifyCsrfToken->handle(Object(Illuminate\\Http\\Request), Object(Closure))
#24 C:\\OSPanel\\home\\guitar_prog1\\vendor\\laravel\\framework\\src\\Illuminate\\View\\Middleware\\ShareErrorsFromSession.php(49): Illuminate\\Pipeline\\Pipeline->Illuminate\\Pipeline\\{closure}(Object(Illuminate\\Http\\Request))
#25 C:\\OSPanel\\home\\guitar_prog1\\vendor\\laravel\\framework\\src\\Illuminate\\Pipeline\\Pipeline.php(209): Illuminate\\View\\Middleware\\ShareErrorsFromSession->handle(Object(Illuminate\\Http\\Request), Object(Closure))
#26 C:\\OSPanel\\home\\guitar_prog1\\vendor\\laravel\\framework\\src\\Illuminate\\Session\\Middleware\\StartSession.php(121): Illuminate\\Pipeline\\Pipeline->Illuminate\\Pipeline\\{closure}(Object(Illuminate\\Http\\Request))
#27 C:\\OSPanel\\home\\guitar_prog1\\vendor\\laravel\\framework\\src\\Illuminate\\Session\\Middleware\\StartSession.php(64): Illuminate\\Session\\Middleware\\StartSession->handleStatefulRequest(Object(Illuminate\\Http\\Request), Object(Illuminate\\Session\\Store), Object(Closure))
#28 C:\\OSPanel\\home\\guitar_prog1\\vendor\\laravel\\framework\\src\\Illuminate\\Pipeline\\Pipeline.php(209): Illuminate\\Session\\Middleware\\StartSession->handle(Object(Illuminate\\Http\\Request), Object(Closure))
#29 C:\\OSPanel\\home\\guitar_prog1\\vendor\\laravel\\framework\\src\\Illuminate\\Cookie\\Middleware\\AddQueuedCookiesToResponse.php(37): Illuminate\\Pipeline\\Pipeline->Illuminate\\Pipeline\\{closure}(Object(Illuminate\\Http\\Request))
#30 C:\\OSPanel\\home\\guitar_prog1\\vendor\\laravel\\framework\\src\\Illuminate\\Pipeline\\Pipeline.php(209): Illuminate\\Cookie\\Middleware\\AddQueuedCookiesToResponse->handle(Object(Illuminate\\Http\\Request), Object(Closure))
#31 C:\\OSPanel\\home\\guitar_prog1\\vendor\\laravel\\framework\\src\\Illuminate\\Cookie\\Middleware\\EncryptCookies.php(75): Illuminate\\Pipeline\\Pipeline->Illuminate\\Pipeline\\{closure}(Object(Illuminate\\Http\\Request))
#32 C:\\OSPanel\\home\\guitar_prog1\\vendor\\laravel\\framework\\src\\Illuminate\\Pipeline\\Pipeline.php(209): Illuminate\\Cookie\\Middleware\\EncryptCookies->handle(Object(Illuminate\\Http\\Request), Object(Closure))
#33 C:\\OSPanel\\home\\guitar_prog1\\vendor\\laravel\\framework\\src\\Illuminate\\Pipeline\\Pipeline.php(127): Illuminate\\Pipeline\\Pipeline->Illuminate\\Pipeline\\{closure}(Object(Illuminate\\Http\\Request))
#34 C:\\OSPanel\\home\\guitar_prog1\\vendor\\laravel\\framework\\src\\Illuminate\\Routing\\Router.php(807): Illuminate\\Pipeline\\Pipeline->then(Object(Closure))
#35 C:\\OSPanel\\home\\guitar_prog1\\vendor\\laravel\\framework\\src\\Illuminate\\Routing\\Router.php(786): Illuminate\\Routing\\Router->runRouteWithinStack(Object(Illuminate\\Routing\\Route), Object(Illuminate\\Http\\Request))
#36 C:\\OSPanel\\home\\guitar_prog1\\vendor\\laravel\\framework\\src\\Illuminate\\Routing\\Router.php(750): Illuminate\\Routing\\Router->runRoute(Object(Illuminate\\Http\\Request), Object(Illuminate\\Routing\\Route))
#37 C:\\OSPanel\\home\\guitar_prog1\\vendor\\laravel\\framework\\src\\Illuminate\\Routing\\Router.php(739): Illuminate\\Routing\\Router->dispatchToRoute(Object(Illuminate\\Http\\Request))
#38 C:\\OSPanel\\home\\guitar_prog1\\vendor\\laravel\\framework\\src\\Illuminate\\Foundation\\Http\\Kernel.php(201): Illuminate\\Routing\\Router->dispatch(Object(Illuminate\\Http\\Request))
#39 C:\\OSPanel\\home\\guitar_prog1\\vendor\\laravel\\framework\\src\\Illuminate\\Pipeline\\Pipeline.php(170): Illuminate\\Foundation\\Http\\Kernel->Illuminate\\Foundation\\Http\\{closure}(Object(Illuminate\\Http\\Request))
#40 C:\\OSPanel\\home\\guitar_prog1\\vendor\\livewire\\livewire\\src\\Features\\SupportDisablingBackButtonCache\\DisableBackButtonCacheMiddleware.php(19): Illuminate\\Pipeline\\Pipeline->Illuminate\\Pipeline\\{closure}(Object(Illuminate\\Http\\Request))
#41 C:\\OSPanel\\home\\guitar_prog1\\vendor\\laravel\\framework\\src\\Illuminate\\Pipeline\\Pipeline.php(209): Livewire\\Features\\SupportDisablingBackButtonCache\\DisableBackButtonCacheMiddleware->handle(Object(Illuminate\\Http\\Request), Object(Closure))
#42 C:\\OSPanel\\home\\guitar_prog1\\vendor\\laravel\\framework\\src\\Illuminate\\Foundation\\Http\\Middleware\\ConvertEmptyStringsToNull.php(27): Illuminate\\Pipeline\\Pipeline->Illuminate\\Pipeline\\{closure}(Object(Illuminate\\Http\\Request))
#43 C:\\OSPanel\\home\\guitar_prog1\\vendor\\laravel\\framework\\src\\Illuminate\\Pipeline\\Pipeline.php(209): Illuminate\\Foundation\\Http\\Middleware\\ConvertEmptyStringsToNull->handle(Object(Illuminate\\Http\\Request), Object(Closure))
#44 C:\\OSPanel\\home\\guitar_prog1\\vendor\\laravel\\framework\\src\\Illuminate\\Foundation\\Http\\Middleware\\TrimStrings.php(47): Illuminate\\Pipeline\\Pipeline->Illuminate\\Pipeline\\{closure}(Object(Illuminate\\Http\\Request))
#45 C:\\OSPanel\\home\\guitar_prog1\\vendor\\laravel\\framework\\src\\Illuminate\\Pipeline\\Pipeline.php(209): Illuminate\\Foundation\\Http\\Middleware\\TrimStrings->handle(Object(Illuminate\\Http\\Request), Object(Closure))
#46 C:\\OSPanel\\home\\guitar_prog1\\vendor\\laravel\\framework\\src\\Illuminate\\Http\\Middleware\\ValidatePostSize.php(27): Illuminate\\Pipeline\\Pipeline->Illuminate\\Pipeline\\{closure}(Object(Illuminate\\Http\\Request))
#47 C:\\OSPanel\\home\\guitar_prog1\\vendor\\laravel\\framework\\src\\Illuminate\\Pipeline\\Pipeline.php(209): Illuminate\\Http\\Middleware\\ValidatePostSize->handle(Object(Illuminate\\Http\\Request), Object(Closure))
#48 C:\\OSPanel\\home\\guitar_prog1\\vendor\\laravel\\framework\\src\\Illuminate\\Foundation\\Http\\Middleware\\PreventRequestsDuringMaintenance.php(110): Illuminate\\Pipeline\\Pipeline->Illuminate\\Pipeline\\{closure}(Object(Illuminate\\Http\\Request))
#49 C:\\OSPanel\\home\\guitar_prog1\\vendor\\laravel\\framework\\src\\Illuminate\\Pipeline\\Pipeline.php(209): Illuminate\\Foundation\\Http\\Middleware\\PreventRequestsDuringMaintenance->handle(Object(Illuminate\\Http\\Request), Object(Closure))
#50 C:\\OSPanel\\home\\guitar_prog1\\vendor\\laravel\\framework\\src\\Illuminate\\Http\\Middleware\\HandleCors.php(49): Illuminate\\Pipeline\\Pipeline->Illuminate\\Pipeline\\{closure}(Object(Illuminate\\Http\\Request))
#51 C:\\OSPanel\\home\\guitar_prog1\\vendor\\laravel\\framework\\src\\Illuminate\\Pipeline\\Pipeline.php(209): Illuminate\\Http\\Middleware\\HandleCors->handle(Object(Illuminate\\Http\\Request), Object(Closure))
#52 C:\\OSPanel\\home\\guitar_prog1\\vendor\\laravel\\framework\\src\\Illuminate\\Http\\Middleware\\TrustProxies.php(58): Illuminate\\Pipeline\\Pipeline->Illuminate\\Pipeline\\{closure}(Object(Illuminate\\Http\\Request))
#53 C:\\OSPanel\\home\\guitar_prog1\\vendor\\laravel\\framework\\src\\Illuminate\\Pipeline\\Pipeline.php(209): Illuminate\\Http\\Middleware\\TrustProxies->handle(Object(Illuminate\\Http\\Request), Object(Closure))
#54 C:\\OSPanel\\home\\guitar_prog1\\vendor\\laravel\\framework\\src\\Illuminate\\Foundation\\Http\\Middleware\\InvokeDeferredCallbacks.php(22): Illuminate\\Pipeline\\Pipeline->Illuminate\\Pipeline\\{closure}(Object(Illuminate\\Http\\Request))
#55 C:\\OSPanel\\home\\guitar_prog1\\vendor\\laravel\\framework\\src\\Illuminate\\Pipeline\\Pipeline.php(209): Illuminate\\Foundation\\Http\\Middleware\\InvokeDeferredCallbacks->handle(Object(Illuminate\\Http\\Request), Object(Closure))
#56 C:\\OSPanel\\home\\guitar_prog1\\vendor\\laravel\\framework\\src\\Illuminate\\Http\\Middleware\\ValidatePathEncoding.php(26): Illuminate\\Pipeline\\Pipeline->Illuminate\\Pipeline\\{closure}(Object(Illuminate\\Http\\Request))
#57 C:\\OSPanel\\home\\guitar_prog1\\vendor\\laravel\\framework\\src\\Illuminate\\Pipeline\\Pipeline.php(209): Illuminate\\Http\\Middleware\\ValidatePathEncoding->handle(Object(Illuminate\\Http\\Request), Object(Closure))
#58 C:\\OSPanel\\home\\guitar_prog1\\vendor\\laravel\\framework\\src\\Illuminate\\Pipeline\\Pipeline.php(127): Illuminate\\Pipeline\\Pipeline->Illuminate\\Pipeline\\{closure}(Object(Illuminate\\Http\\Request))
#59 C:\\OSPanel\\home\\guitar_prog1\\vendor\\laravel\\framework\\src\\Illuminate\\Foundation\\Http\\Kernel.php(176): Illuminate\\Pipeline\\Pipeline->then(Object(Closure))
#60 C:\\OSPanel\\home\\guitar_prog1\\vendor\\laravel\\framework\\src\\Illuminate\\Foundation\\Http\\Kernel.php(145): Illuminate\\Foundation\\Http\\Kernel->sendRequestThroughRouter(Object(Illuminate\\Http\\Request))
#61 C:\\OSPanel\\home\\guitar_prog1\\vendor\\laravel\\framework\\src\\Illuminate\\Foundation\\Application.php(1220): Illuminate\\Foundation\\Http\\Kernel->handle(Object(Illuminate\\Http\\Request))
#62 C:\\OSPanel\\home\\guitar_prog1\\public\\index.php(20): Illuminate\\Foundation\\Application->handleRequest(Object(Illuminate\\Http\\Request))
#63 C:\\OSPanel\\home\\guitar_prog1\\vendor\\laravel\\framework\\src\\Illuminate\\Foundation\\resources\\server.php(23): require_once('C:\\\\OSPanel\\\\home...')
#64 {main}
"} 
[2025-05-01 23:36:12] local.ERROR: Undefined variable $popularProducts (View: C:\OSPanel\home\guitar_prog1\resources\views\products\index.blade.php) {"userId":2,"exception":"[object] (Illuminate\\View\\ViewException(code: 0): Undefined variable $popularProducts (View: C:\\OSPanel\\home\\guitar_prog1\\resources\\views\\products\\index.blade.php) at C:\\OSPanel\\home\\guitar_prog1\\storage\\framework\\views\\dd2b5aedd34c2b6b7daa78c17fdb74a1.php:21)
[stacktrace]
#0 C:\\OSPanel\\home\\guitar_prog1\\vendor\\livewire\\livewire\\src\\Mechanisms\\ExtendBlade\\ExtendedCompilerEngine.php(58): Illuminate\\View\\Engines\\CompilerEngine->handleViewException(Object(ErrorException), 1)
#1 C:\\OSPanel\\home\\guitar_prog1\\vendor\\laravel\\framework\\src\\Illuminate\\View\\Engines\\PhpEngine.php(60): Livewire\\Mechanisms\\ExtendBlade\\ExtendedCompilerEngine->handleViewException(Object(ErrorException), 1)
#2 C:\\OSPanel\\home\\guitar_prog1\\vendor\\livewire\\livewire\\src\\Mechanisms\\ExtendBlade\\ExtendedCompilerEngine.php(22): Illuminate\\View\\Engines\\PhpEngine->evaluatePath('C:\\\\OSPanel\\\\home...', Array)
#3 C:\\OSPanel\\home\\guitar_prog1\\vendor\\laravel\\framework\\src\\Illuminate\\View\\Engines\\CompilerEngine.php(75): Livewire\\Mechanisms\\ExtendBlade\\ExtendedCompilerEngine->evaluatePath('C:\\\\OSPanel\\\\home...', Array)
#4 C:\\OSPanel\\home\\guitar_prog1\\vendor\\livewire\\livewire\\src\\Mechanisms\\ExtendBlade\\ExtendedCompilerEngine.php(10): Illuminate\\View\\Engines\\CompilerEngine->get('C:\\\\OSPanel\\\\home...', Array)
#5 C:\\OSPanel\\home\\guitar_prog1\\vendor\\laravel\\framework\\src\\Illuminate\\View\\View.php(209): Livewire\\Mechanisms\\ExtendBlade\\ExtendedCompilerEngine->get('C:\\\\OSPanel\\\\home...', Array)
#6 C:\\OSPanel\\home\\guitar_prog1\\vendor\\laravel\\framework\\src\\Illuminate\\View\\View.php(192): Illuminate\\View\\View->getContents()
#7 C:\\OSPanel\\home\\guitar_prog1\\vendor\\laravel\\framework\\src\\Illuminate\\View\\View.php(161): Illuminate\\View\\View->renderContents()
#8 C:\\OSPanel\\home\\guitar_prog1\\vendor\\laravel\\framework\\src\\Illuminate\\Http\\Response.php(79): Illuminate\\View\\View->render()
#9 C:\\OSPanel\\home\\guitar_prog1\\vendor\\laravel\\framework\\src\\Illuminate\\Http\\Response.php(35): Illuminate\\Http\\Response->setContent(Object(Illuminate\\View\\View))
#10 C:\\OSPanel\\home\\guitar_prog1\\vendor\\laravel\\framework\\src\\Illuminate\\Routing\\Router.php(920): Illuminate\\Http\\Response->__construct(Object(Illuminate\\View\\View), 200, Array)
#11 C:\\OSPanel\\home\\guitar_prog1\\vendor\\laravel\\framework\\src\\Illuminate\\Routing\\Router.php(887): Illuminate\\Routing\\Router::toResponse(Object(Illuminate\\Http\\Request), Object(Illuminate\\View\\View))
#12 C:\\OSPanel\\home\\guitar_prog1\\vendor\\laravel\\framework\\src\\Illuminate\\Routing\\Router.php(807): Illuminate\\Routing\\Router->prepareResponse(Object(Illuminate\\Http\\Request), Object(Illuminate\\View\\View))
#13 C:\\OSPanel\\home\\guitar_prog1\\vendor\\laravel\\framework\\src\\Illuminate\\Pipeline\\Pipeline.php(170): Illuminate\\Routing\\Router->Illuminate\\Routing\\{closure}(Object(Illuminate\\Http\\Request))
#14 C:\\OSPanel\\home\\guitar_prog1\\vendor\\laravel\\framework\\src\\Illuminate\\Routing\\Middleware\\SubstituteBindings.php(51): Illuminate\\Pipeline\\Pipeline->Illuminate\\Pipeline\\{closure}(Object(Illuminate\\Http\\Request))
#15 C:\\OSPanel\\home\\guitar_prog1\\vendor\\laravel\\framework\\src\\Illuminate\\Pipeline\\Pipeline.php(209): Illuminate\\Routing\\Middleware\\SubstituteBindings->handle(Object(Illuminate\\Http\\Request), Object(Closure))
#16 C:\\OSPanel\\home\\guitar_prog1\\vendor\\laravel\\framework\\src\\Illuminate\\Foundation\\Http\\Middleware\\VerifyCsrfToken.php(88): Illuminate\\Pipeline\\Pipeline->Illuminate\\Pipeline\\{closure}(Object(Illuminate\\Http\\Request))
#17 C:\\OSPanel\\home\\guitar_prog1\\vendor\\laravel\\framework\\src\\Illuminate\\Pipeline\\Pipeline.php(209): Illuminate\\Foundation\\Http\\Middleware\\VerifyCsrfToken->handle(Object(Illuminate\\Http\\Request), Object(Closure))
#18 C:\\OSPanel\\home\\guitar_prog1\\vendor\\laravel\\framework\\src\\Illuminate\\View\\Middleware\\ShareErrorsFromSession.php(49): Illuminate\\Pipeline\\Pipeline->Illuminate\\Pipeline\\{closure}(Object(Illuminate\\Http\\Request))
#19 C:\\OSPanel\\home\\guitar_prog1\\vendor\\laravel\\framework\\src\\Illuminate\\Pipeline\\Pipeline.php(209): Illuminate\\View\\Middleware\\ShareErrorsFromSession->handle(Object(Illuminate\\Http\\Request), Object(Closure))
#20 C:\\OSPanel\\home\\guitar_prog1\\vendor\\laravel\\framework\\src\\Illuminate\\Session\\Middleware\\StartSession.php(121): Illuminate\\Pipeline\\Pipeline->Illuminate\\Pipeline\\{closure}(Object(Illuminate\\Http\\Request))
#21 C:\\OSPanel\\home\\guitar_prog1\\vendor\\laravel\\framework\\src\\Illuminate\\Session\\Middleware\\StartSession.php(64): Illuminate\\Session\\Middleware\\StartSession->handleStatefulRequest(Object(Illuminate\\Http\\Request), Object(Illuminate\\Session\\Store), Object(Closure))
#22 C:\\OSPanel\\home\\guitar_prog1\\vendor\\laravel\\framework\\src\\Illuminate\\Pipeline\\Pipeline.php(209): Illuminate\\Session\\Middleware\\StartSession->handle(Object(Illuminate\\Http\\Request), Object(Closure))
#23 C:\\OSPanel\\home\\guitar_prog1\\vendor\\laravel\\framework\\src\\Illuminate\\Cookie\\Middleware\\AddQueuedCookiesToResponse.php(37): Illuminate\\Pipeline\\Pipeline->Illuminate\\Pipeline\\{closure}(Object(Illuminate\\Http\\Request))
#24 C:\\OSPanel\\home\\guitar_prog1\\vendor\\laravel\\framework\\src\\Illuminate\\Pipeline\\Pipeline.php(209): Illuminate\\Cookie\\Middleware\\AddQueuedCookiesToResponse->handle(Object(Illuminate\\Http\\Request), Object(Closure))
#25 C:\\OSPanel\\home\\guitar_prog1\\vendor\\laravel\\framework\\src\\Illuminate\\Cookie\\Middleware\\EncryptCookies.php(75): Illuminate\\Pipeline\\Pipeline->Illuminate\\Pipeline\\{closure}(Object(Illuminate\\Http\\Request))
#26 C:\\OSPanel\\home\\guitar_prog1\\vendor\\laravel\\framework\\src\\Illuminate\\Pipeline\\Pipeline.php(209): Illuminate\\Cookie\\Middleware\\EncryptCookies->handle(Object(Illuminate\\Http\\Request), Object(Closure))
#27 C:\\OSPanel\\home\\guitar_prog1\\vendor\\laravel\\framework\\src\\Illuminate\\Pipeline\\Pipeline.php(127): Illuminate\\Pipeline\\Pipeline->Illuminate\\Pipeline\\{closure}(Object(Illuminate\\Http\\Request))
#28 C:\\OSPanel\\home\\guitar_prog1\\vendor\\laravel\\framework\\src\\Illuminate\\Routing\\Router.php(807): Illuminate\\Pipeline\\Pipeline->then(Object(Closure))
#29 C:\\OSPanel\\home\\guitar_prog1\\vendor\\laravel\\framework\\src\\Illuminate\\Routing\\Router.php(786): Illuminate\\Routing\\Router->runRouteWithinStack(Object(Illuminate\\Routing\\Route), Object(Illuminate\\Http\\Request))
#30 C:\\OSPanel\\home\\guitar_prog1\\vendor\\laravel\\framework\\src\\Illuminate\\Routing\\Router.php(750): Illuminate\\Routing\\Router->runRoute(Object(Illuminate\\Http\\Request), Object(Illuminate\\Routing\\Route))
#31 C:\\OSPanel\\home\\guitar_prog1\\vendor\\laravel\\framework\\src\\Illuminate\\Routing\\Router.php(739): Illuminate\\Routing\\Router->dispatchToRoute(Object(Illuminate\\Http\\Request))
#32 C:\\OSPanel\\home\\guitar_prog1\\vendor\\laravel\\framework\\src\\Illuminate\\Foundation\\Http\\Kernel.php(201): Illuminate\\Routing\\Router->dispatch(Object(Illuminate\\Http\\Request))
#33 C:\\OSPanel\\home\\guitar_prog1\\vendor\\laravel\\framework\\src\\Illuminate\\Pipeline\\Pipeline.php(170): Illuminate\\Foundation\\Http\\Kernel->Illuminate\\Foundation\\Http\\{closure}(Object(Illuminate\\Http\\Request))
#34 C:\\OSPanel\\home\\guitar_prog1\\vendor\\livewire\\livewire\\src\\Features\\SupportDisablingBackButtonCache\\DisableBackButtonCacheMiddleware.php(19): Illuminate\\Pipeline\\Pipeline->Illuminate\\Pipeline\\{closure}(Object(Illuminate\\Http\\Request))
#35 C:\\OSPanel\\home\\guitar_prog1\\vendor\\laravel\\framework\\src\\Illuminate\\Pipeline\\Pipeline.php(209): Livewire\\Features\\SupportDisablingBackButtonCache\\DisableBackButtonCacheMiddleware->handle(Object(Illuminate\\Http\\Request), Object(Closure))
#36 C:\\OSPanel\\home\\guitar_prog1\\vendor\\laravel\\framework\\src\\Illuminate\\Foundation\\Http\\Middleware\\TransformsRequest.php(21): Illuminate\\Pipeline\\Pipeline->Illuminate\\Pipeline\\{closure}(Object(Illuminate\\Http\\Request))
#37 C:\\OSPanel\\home\\guitar_prog1\\vendor\\laravel\\framework\\src\\Illuminate\\Foundation\\Http\\Middleware\\ConvertEmptyStringsToNull.php(31): Illuminate\\Foundation\\Http\\Middleware\\TransformsRequest->handle(Object(Illuminate\\Http\\Request), Object(Closure))
#38 C:\\OSPanel\\home\\guitar_prog1\\vendor\\laravel\\framework\\src\\Illuminate\\Pipeline\\Pipeline.php(209): Illuminate\\Foundation\\Http\\Middleware\\ConvertEmptyStringsToNull->handle(Object(Illuminate\\Http\\Request), Object(Closure))
#39 C:\\OSPanel\\home\\guitar_prog1\\vendor\\laravel\\framework\\src\\Illuminate\\Foundation\\Http\\Middleware\\TransformsRequest.php(21): Illuminate\\Pipeline\\Pipeline->Illuminate\\Pipeline\\{closure}(Object(Illuminate\\Http\\Request))
#40 C:\\OSPanel\\home\\guitar_prog1\\vendor\\laravel\\framework\\src\\Illuminate\\Foundation\\Http\\Middleware\\TrimStrings.php(51): Illuminate\\Foundation\\Http\\Middleware\\TransformsRequest->handle(Object(Illuminate\\Http\\Request), Object(Closure))
#41 C:\\OSPanel\\home\\guitar_prog1\\vendor\\laravel\\framework\\src\\Illuminate\\Pipeline\\Pipeline.php(209): Illuminate\\Foundation\\Http\\Middleware\\TrimStrings->handle(Object(Illuminate\\Http\\Request), Object(Closure))
#42 C:\\OSPanel\\home\\guitar_prog1\\vendor\\laravel\\framework\\src\\Illuminate\\Http\\Middleware\\ValidatePostSize.php(27): Illuminate\\Pipeline\\Pipeline->Illuminate\\Pipeline\\{closure}(Object(Illuminate\\Http\\Request))
#43 C:\\OSPanel\\home\\guitar_prog1\\vendor\\laravel\\framework\\src\\Illuminate\\Pipeline\\Pipeline.php(209): Illuminate\\Http\\Middleware\\ValidatePostSize->handle(Object(Illuminate\\Http\\Request), Object(Closure))
#44 C:\\OSPanel\\home\\guitar_prog1\\vendor\\laravel\\framework\\src\\Illuminate\\Foundation\\Http\\Middleware\\PreventRequestsDuringMaintenance.php(110): Illuminate\\Pipeline\\Pipeline->Illuminate\\Pipeline\\{closure}(Object(Illuminate\\Http\\Request))
#45 C:\\OSPanel\\home\\guitar_prog1\\vendor\\laravel\\framework\\src\\Illuminate\\Pipeline\\Pipeline.php(209): Illuminate\\Foundation\\Http\\Middleware\\PreventRequestsDuringMaintenance->handle(Object(Illuminate\\Http\\Request), Object(Closure))
#46 C:\\OSPanel\\home\\guitar_prog1\\vendor\\laravel\\framework\\src\\Illuminate\\Http\\Middleware\\HandleCors.php(49): Illuminate\\Pipeline\\Pipeline->Illuminate\\Pipeline\\{closure}(Object(Illuminate\\Http\\Request))
#47 C:\\OSPanel\\home\\guitar_prog1\\vendor\\laravel\\framework\\src\\Illuminate\\Pipeline\\Pipeline.php(209): Illuminate\\Http\\Middleware\\HandleCors->handle(Object(Illuminate\\Http\\Request), Object(Closure))
#48 C:\\OSPanel\\home\\guitar_prog1\\vendor\\laravel\\framework\\src\\Illuminate\\Http\\Middleware\\TrustProxies.php(58): Illuminate\\Pipeline\\Pipeline->Illuminate\\Pipeline\\{closure}(Object(Illuminate\\Http\\Request))
#49 C:\\OSPanel\\home\\guitar_prog1\\vendor\\laravel\\framework\\src\\Illuminate\\Pipeline\\Pipeline.php(209): Illuminate\\Http\\Middleware\\TrustProxies->handle(Object(Illuminate\\Http\\Request), Object(Closure))
#50 C:\\OSPanel\\home\\guitar_prog1\\vendor\\laravel\\framework\\src\\Illuminate\\Foundation\\Http\\Middleware\\InvokeDeferredCallbacks.php(22): Illuminate\\Pipeline\\Pipeline->Illuminate\\Pipeline\\{closure}(Object(Illuminate\\Http\\Request))
#51 C:\\OSPanel\\home\\guitar_prog1\\vendor\\laravel\\framework\\src\\Illuminate\\Pipeline\\Pipeline.php(209): Illuminate\\Foundation\\Http\\Middleware\\InvokeDeferredCallbacks->handle(Object(Illuminate\\Http\\Request), Object(Closure))
#52 C:\\OSPanel\\home\\guitar_prog1\\vendor\\laravel\\framework\\src\\Illuminate\\Http\\Middleware\\ValidatePathEncoding.php(26): Illuminate\\Pipeline\\Pipeline->Illuminate\\Pipeline\\{closure}(Object(Illuminate\\Http\\Request))
#53 C:\\OSPanel\\home\\guitar_prog1\\vendor\\laravel\\framework\\src\\Illuminate\\Pipeline\\Pipeline.php(209): Illuminate\\Http\\Middleware\\ValidatePathEncoding->handle(Object(Illuminate\\Http\\Request), Object(Closure))
#54 C:\\OSPanel\\home\\guitar_prog1\\vendor\\laravel\\framework\\src\\Illuminate\\Pipeline\\Pipeline.php(127): Illuminate\\Pipeline\\Pipeline->Illuminate\\Pipeline\\{closure}(Object(Illuminate\\Http\\Request))
#55 C:\\OSPanel\\home\\guitar_prog1\\vendor\\laravel\\framework\\src\\Illuminate\\Foundation\\Http\\Kernel.php(176): Illuminate\\Pipeline\\Pipeline->then(Object(Closure))
#56 C:\\OSPanel\\home\\guitar_prog1\\vendor\\laravel\\framework\\src\\Illuminate\\Foundation\\Http\\Kernel.php(145): Illuminate\\Foundation\\Http\\Kernel->sendRequestThroughRouter(Object(Illuminate\\Http\\Request))
#57 C:\\OSPanel\\home\\guitar_prog1\\vendor\\laravel\\framework\\src\\Illuminate\\Foundation\\Application.php(1220): Illuminate\\Foundation\\Http\\Kernel->handle(Object(Illuminate\\Http\\Request))
#58 C:\\OSPanel\\home\\guitar_prog1\\public\\index.php(20): Illuminate\\Foundation\\Application->handleRequest(Object(Illuminate\\Http\\Request))
#59 C:\\OSPanel\\home\\guitar_prog1\\vendor\\laravel\\framework\\src\\Illuminate\\Foundation\\resources\\server.php(23): require_once('C:\\\\OSPanel\\\\home...')
#60 {main}

[previous exception] [object] (ErrorException(code: 0): Undefined variable $popularProducts at C:\\OSPanel\\home\\guitar_prog1\\storage\\framework\\views\\dd2b5aedd34c2b6b7daa78c17fdb74a1.php:21)
[stacktrace]
#0 C:\\OSPanel\\home\\guitar_prog1\\vendor\\laravel\\framework\\src\\Illuminate\\Foundation\\Bootstrap\\HandleExceptions.php(256): Illuminate\\Foundation\\Bootstrap\\HandleExceptions->handleError(2, 'Undefined varia...', 'C:\\\\OSPanel\\\\home...', 21)
#1 C:\\OSPanel\\home\\guitar_prog1\\storage\\framework\\views\\dd2b5aedd34c2b6b7daa78c17fdb74a1.php(21): Illuminate\\Foundation\\Bootstrap\\HandleExceptions->Illuminate\\Foundation\\Bootstrap\\{closure}(2, 'Undefined varia...', 'C:\\\\OSPanel\\\\home...', 21)
#2 C:\\OSPanel\\home\\guitar_prog1\\vendor\\laravel\\framework\\src\\Illuminate\\Filesystem\\Filesystem.php(123): require('C:\\\\OSPanel\\\\home...')
#3 C:\\OSPanel\\home\\guitar_prog1\\vendor\\laravel\\framework\\src\\Illuminate\\Filesystem\\Filesystem.php(124): Illuminate\\Filesystem\\Filesystem::Illuminate\\Filesystem\\{closure}()
#4 C:\\OSPanel\\home\\guitar_prog1\\vendor\\laravel\\framework\\src\\Illuminate\\View\\Engines\\PhpEngine.php(58): Illuminate\\Filesystem\\Filesystem->getRequire('C:\\\\OSPanel\\\\home...', Array)
#5 C:\\OSPanel\\home\\guitar_prog1\\vendor\\livewire\\livewire\\src\\Mechanisms\\ExtendBlade\\ExtendedCompilerEngine.php(22): Illuminate\\View\\Engines\\PhpEngine->evaluatePath('C:\\\\OSPanel\\\\home...', Array)
#6 C:\\OSPanel\\home\\guitar_prog1\\vendor\\laravel\\framework\\src\\Illuminate\\View\\Engines\\CompilerEngine.php(75): Livewire\\Mechanisms\\ExtendBlade\\ExtendedCompilerEngine->evaluatePath('C:\\\\OSPanel\\\\home...', Array)
#7 C:\\OSPanel\\home\\guitar_prog1\\vendor\\livewire\\livewire\\src\\Mechanisms\\ExtendBlade\\ExtendedCompilerEngine.php(10): Illuminate\\View\\Engines\\CompilerEngine->get('C:\\\\OSPanel\\\\home...', Array)
#8 C:\\OSPanel\\home\\guitar_prog1\\vendor\\laravel\\framework\\src\\Illuminate\\View\\View.php(209): Livewire\\Mechanisms\\ExtendBlade\\ExtendedCompilerEngine->get('C:\\\\OSPanel\\\\home...', Array)
#9 C:\\OSPanel\\home\\guitar_prog1\\vendor\\laravel\\framework\\src\\Illuminate\\View\\View.php(192): Illuminate\\View\\View->getContents()
#10 C:\\OSPanel\\home\\guitar_prog1\\vendor\\laravel\\framework\\src\\Illuminate\\View\\View.php(161): Illuminate\\View\\View->renderContents()
#11 C:\\OSPanel\\home\\guitar_prog1\\vendor\\laravel\\framework\\src\\Illuminate\\Http\\Response.php(79): Illuminate\\View\\View->render()
#12 C:\\OSPanel\\home\\guitar_prog1\\vendor\\laravel\\framework\\src\\Illuminate\\Http\\Response.php(35): Illuminate\\Http\\Response->setContent(Object(Illuminate\\View\\View))
#13 C:\\OSPanel\\home\\guitar_prog1\\vendor\\laravel\\framework\\src\\Illuminate\\Routing\\Router.php(920): Illuminate\\Http\\Response->__construct(Object(Illuminate\\View\\View), 200, Array)
#14 C:\\OSPanel\\home\\guitar_prog1\\vendor\\laravel\\framework\\src\\Illuminate\\Routing\\Router.php(887): Illuminate\\Routing\\Router::toResponse(Object(Illuminate\\Http\\Request), Object(Illuminate\\View\\View))
#15 C:\\OSPanel\\home\\guitar_prog1\\vendor\\laravel\\framework\\src\\Illuminate\\Routing\\Router.php(807): Illuminate\\Routing\\Router->prepareResponse(Object(Illuminate\\Http\\Request), Object(Illuminate\\View\\View))
#16 C:\\OSPanel\\home\\guitar_prog1\\vendor\\laravel\\framework\\src\\Illuminate\\Pipeline\\Pipeline.php(170): Illuminate\\Routing\\Router->Illuminate\\Routing\\{closure}(Object(Illuminate\\Http\\Request))
#17 C:\\OSPanel\\home\\guitar_prog1\\vendor\\laravel\\framework\\src\\Illuminate\\Routing\\Middleware\\SubstituteBindings.php(51): Illuminate\\Pipeline\\Pipeline->Illuminate\\Pipeline\\{closure}(Object(Illuminate\\Http\\Request))
#18 C:\\OSPanel\\home\\guitar_prog1\\vendor\\laravel\\framework\\src\\Illuminate\\Pipeline\\Pipeline.php(209): Illuminate\\Routing\\Middleware\\SubstituteBindings->handle(Object(Illuminate\\Http\\Request), Object(Closure))
#19 C:\\OSPanel\\home\\guitar_prog1\\vendor\\laravel\\framework\\src\\Illuminate\\Foundation\\Http\\Middleware\\VerifyCsrfToken.php(88): Illuminate\\Pipeline\\Pipeline->Illuminate\\Pipeline\\{closure}(Object(Illuminate\\Http\\Request))
#20 C:\\OSPanel\\home\\guitar_prog1\\vendor\\laravel\\framework\\src\\Illuminate\\Pipeline\\Pipeline.php(209): Illuminate\\Foundation\\Http\\Middleware\\VerifyCsrfToken->handle(Object(Illuminate\\Http\\Request), Object(Closure))
#21 C:\\OSPanel\\home\\guitar_prog1\\vendor\\laravel\\framework\\src\\Illuminate\\View\\Middleware\\ShareErrorsFromSession.php(49): Illuminate\\Pipeline\\Pipeline->Illuminate\\Pipeline\\{closure}(Object(Illuminate\\Http\\Request))
#22 C:\\OSPanel\\home\\guitar_prog1\\vendor\\laravel\\framework\\src\\Illuminate\\Pipeline\\Pipeline.php(209): Illuminate\\View\\Middleware\\ShareErrorsFromSession->handle(Object(Illuminate\\Http\\Request), Object(Closure))
#23 C:\\OSPanel\\home\\guitar_prog1\\vendor\\laravel\\framework\\src\\Illuminate\\Session\\Middleware\\StartSession.php(121): Illuminate\\Pipeline\\Pipeline->Illuminate\\Pipeline\\{closure}(Object(Illuminate\\Http\\Request))
#24 C:\\OSPanel\\home\\guitar_prog1\\vendor\\laravel\\framework\\src\\Illuminate\\Session\\Middleware\\StartSession.php(64): Illuminate\\Session\\Middleware\\StartSession->handleStatefulRequest(Object(Illuminate\\Http\\Request), Object(Illuminate\\Session\\Store), Object(Closure))
#25 C:\\OSPanel\\home\\guitar_prog1\\vendor\\laravel\\framework\\src\\Illuminate\\Pipeline\\Pipeline.php(209): Illuminate\\Session\\Middleware\\StartSession->handle(Object(Illuminate\\Http\\Request), Object(Closure))
#26 C:\\OSPanel\\home\\guitar_prog1\\vendor\\laravel\\framework\\src\\Illuminate\\Cookie\\Middleware\\AddQueuedCookiesToResponse.php(37): Illuminate\\Pipeline\\Pipeline->Illuminate\\Pipeline\\{closure}(Object(Illuminate\\Http\\Request))
#27 C:\\OSPanel\\home\\guitar_prog1\\vendor\\laravel\\framework\\src\\Illuminate\\Pipeline\\Pipeline.php(209): Illuminate\\Cookie\\Middleware\\AddQueuedCookiesToResponse->handle(Object(Illuminate\\Http\\Request), Object(Closure))
#28 C:\\OSPanel\\home\\guitar_prog1\\vendor\\laravel\\framework\\src\\Illuminate\\Cookie\\Middleware\\EncryptCookies.php(75): Illuminate\\Pipeline\\Pipeline->Illuminate\\Pipeline\\{closure}(Object(Illuminate\\Http\\Request))
#29 C:\\OSPanel\\home\\guitar_prog1\\vendor\\laravel\\framework\\src\\Illuminate\\Pipeline\\Pipeline.php(209): Illuminate\\Cookie\\Middleware\\EncryptCookies->handle(Object(Illuminate\\Http\\Request), Object(Closure))
#30 C:\\OSPanel\\home\\guitar_prog1\\vendor\\laravel\\framework\\src\\Illuminate\\Pipeline\\Pipeline.php(127): Illuminate\\Pipeline\\Pipeline->Illuminate\\Pipeline\\{closure}(Object(Illuminate\\Http\\Request))
#31 C:\\OSPanel\\home\\guitar_prog1\\vendor\\laravel\\framework\\src\\Illuminate\\Routing\\Router.php(807): Illuminate\\Pipeline\\Pipeline->then(Object(Closure))
#32 C:\\OSPanel\\home\\guitar_prog1\\vendor\\laravel\\framework\\src\\Illuminate\\Routing\\Router.php(786): Illuminate\\Routing\\Router->runRouteWithinStack(Object(Illuminate\\Routing\\Route), Object(Illuminate\\Http\\Request))
#33 C:\\OSPanel\\home\\guitar_prog1\\vendor\\laravel\\framework\\src\\Illuminate\\Routing\\Router.php(750): Illuminate\\Routing\\Router->runRoute(Object(Illuminate\\Http\\Request), Object(Illuminate\\Routing\\Route))
#34 C:\\OSPanel\\home\\guitar_prog1\\vendor\\laravel\\framework\\src\\Illuminate\\Routing\\Router.php(739): Illuminate\\Routing\\Router->dispatchToRoute(Object(Illuminate\\Http\\Request))
#35 C:\\OSPanel\\home\\guitar_prog1\\vendor\\laravel\\framework\\src\\Illuminate\\Foundation\\Http\\Kernel.php(201): Illuminate\\Routing\\Router->dispatch(Object(Illuminate\\Http\\Request))
#36 C:\\OSPanel\\home\\guitar_prog1\\vendor\\laravel\\framework\\src\\Illuminate\\Pipeline\\Pipeline.php(170): Illuminate\\Foundation\\Http\\Kernel->Illuminate\\Foundation\\Http\\{closure}(Object(Illuminate\\Http\\Request))
#37 C:\\OSPanel\\home\\guitar_prog1\\vendor\\livewire\\livewire\\src\\Features\\SupportDisablingBackButtonCache\\DisableBackButtonCacheMiddleware.php(19): Illuminate\\Pipeline\\Pipeline->Illuminate\\Pipeline\\{closure}(Object(Illuminate\\Http\\Request))
#38 C:\\OSPanel\\home\\guitar_prog1\\vendor\\laravel\\framework\\src\\Illuminate\\Pipeline\\Pipeline.php(209): Livewire\\Features\\SupportDisablingBackButtonCache\\DisableBackButtonCacheMiddleware->handle(Object(Illuminate\\Http\\Request), Object(Closure))
#39 C:\\OSPanel\\home\\guitar_prog1\\vendor\\laravel\\framework\\src\\Illuminate\\Foundation\\Http\\Middleware\\TransformsRequest.php(21): Illuminate\\Pipeline\\Pipeline->Illuminate\\Pipeline\\{closure}(Object(Illuminate\\Http\\Request))
#40 C:\\OSPanel\\home\\guitar_prog1\\vendor\\laravel\\framework\\src\\Illuminate\\Foundation\\Http\\Middleware\\ConvertEmptyStringsToNull.php(31): Illuminate\\Foundation\\Http\\Middleware\\TransformsRequest->handle(Object(Illuminate\\Http\\Request), Object(Closure))
#41 C:\\OSPanel\\home\\guitar_prog1\\vendor\\laravel\\framework\\src\\Illuminate\\Pipeline\\Pipeline.php(209): Illuminate\\Foundation\\Http\\Middleware\\ConvertEmptyStringsToNull->handle(Object(Illuminate\\Http\\Request), Object(Closure))
#42 C:\\OSPanel\\home\\guitar_prog1\\vendor\\laravel\\framework\\src\\Illuminate\\Foundation\\Http\\Middleware\\TransformsRequest.php(21): Illuminate\\Pipeline\\Pipeline->Illuminate\\Pipeline\\{closure}(Object(Illuminate\\Http\\Request))
#43 C:\\OSPanel\\home\\guitar_prog1\\vendor\\laravel\\framework\\src\\Illuminate\\Foundation\\Http\\Middleware\\TrimStrings.php(51): Illuminate\\Foundation\\Http\\Middleware\\TransformsRequest->handle(Object(Illuminate\\Http\\Request), Object(Closure))
#44 C:\\OSPanel\\home\\guitar_prog1\\vendor\\laravel\\framework\\src\\Illuminate\\Pipeline\\Pipeline.php(209): Illuminate\\Foundation\\Http\\Middleware\\TrimStrings->handle(Object(Illuminate\\Http\\Request), Object(Closure))
#45 C:\\OSPanel\\home\\guitar_prog1\\vendor\\laravel\\framework\\src\\Illuminate\\Http\\Middleware\\ValidatePostSize.php(27): Illuminate\\Pipeline\\Pipeline->Illuminate\\Pipeline\\{closure}(Object(Illuminate\\Http\\Request))
#46 C:\\OSPanel\\home\\guitar_prog1\\vendor\\laravel\\framework\\src\\Illuminate\\Pipeline\\Pipeline.php(209): Illuminate\\Http\\Middleware\\ValidatePostSize->handle(Object(Illuminate\\Http\\Request), Object(Closure))
#47 C:\\OSPanel\\home\\guitar_prog1\\vendor\\laravel\\framework\\src\\Illuminate\\Foundation\\Http\\Middleware\\PreventRequestsDuringMaintenance.php(110): Illuminate\\Pipeline\\Pipeline->Illuminate\\Pipeline\\{closure}(Object(Illuminate\\Http\\Request))
#48 C:\\OSPanel\\home\\guitar_prog1\\vendor\\laravel\\framework\\src\\Illuminate\\Pipeline\\Pipeline.php(209): Illuminate\\Foundation\\Http\\Middleware\\PreventRequestsDuringMaintenance->handle(Object(Illuminate\\Http\\Request), Object(Closure))
#49 C:\\OSPanel\\home\\guitar_prog1\\vendor\\laravel\\framework\\src\\Illuminate\\Http\\Middleware\\HandleCors.php(49): Illuminate\\Pipeline\\Pipeline->Illuminate\\Pipeline\\{closure}(Object(Illuminate\\Http\\Request))
#50 C:\\OSPanel\\home\\guitar_prog1\\vendor\\laravel\\framework\\src\\Illuminate\\Pipeline\\Pipeline.php(209): Illuminate\\Http\\Middleware\\HandleCors->handle(Object(Illuminate\\Http\\Request), Object(Closure))
#51 C:\\OSPanel\\home\\guitar_prog1\\vendor\\laravel\\framework\\src\\Illuminate\\Http\\Middleware\\TrustProxies.php(58): Illuminate\\Pipeline\\Pipeline->Illuminate\\Pipeline\\{closure}(Object(Illuminate\\Http\\Request))
#52 C:\\OSPanel\\home\\guitar_prog1\\vendor\\laravel\\framework\\src\\Illuminate\\Pipeline\\Pipeline.php(209): Illuminate\\Http\\Middleware\\TrustProxies->handle(Object(Illuminate\\Http\\Request), Object(Closure))
#53 C:\\OSPanel\\home\\guitar_prog1\\vendor\\laravel\\framework\\src\\Illuminate\\Foundation\\Http\\Middleware\\InvokeDeferredCallbacks.php(22): Illuminate\\Pipeline\\Pipeline->Illuminate\\Pipeline\\{closure}(Object(Illuminate\\Http\\Request))
#54 C:\\OSPanel\\home\\guitar_prog1\\vendor\\laravel\\framework\\src\\Illuminate\\Pipeline\\Pipeline.php(209): Illuminate\\Foundation\\Http\\Middleware\\InvokeDeferredCallbacks->handle(Object(Illuminate\\Http\\Request), Object(Closure))
#55 C:\\OSPanel\\home\\guitar_prog1\\vendor\\laravel\\framework\\src\\Illuminate\\Http\\Middleware\\ValidatePathEncoding.php(26): Illuminate\\Pipeline\\Pipeline->Illuminate\\Pipeline\\{closure}(Object(Illuminate\\Http\\Request))
#56 C:\\OSPanel\\home\\guitar_prog1\\vendor\\laravel\\framework\\src\\Illuminate\\Pipeline\\Pipeline.php(209): Illuminate\\Http\\Middleware\\ValidatePathEncoding->handle(Object(Illuminate\\Http\\Request), Object(Closure))
#57 C:\\OSPanel\\home\\guitar_prog1\\vendor\\laravel\\framework\\src\\Illuminate\\Pipeline\\Pipeline.php(127): Illuminate\\Pipeline\\Pipeline->Illuminate\\Pipeline\\{closure}(Object(Illuminate\\Http\\Request))
#58 C:\\OSPanel\\home\\guitar_prog1\\vendor\\laravel\\framework\\src\\Illuminate\\Foundation\\Http\\Kernel.php(176): Illuminate\\Pipeline\\Pipeline->then(Object(Closure))
#59 C:\\OSPanel\\home\\guitar_prog1\\vendor\\laravel\\framework\\src\\Illuminate\\Foundation\\Http\\Kernel.php(145): Illuminate\\Foundation\\Http\\Kernel->sendRequestThroughRouter(Object(Illuminate\\Http\\Request))
#60 C:\\OSPanel\\home\\guitar_prog1\\vendor\\laravel\\framework\\src\\Illuminate\\Foundation\\Application.php(1220): Illuminate\\Foundation\\Http\\Kernel->handle(Object(Illuminate\\Http\\Request))
#61 C:\\OSPanel\\home\\guitar_prog1\\public\\index.php(20): Illuminate\\Foundation\\Application->handleRequest(Object(Illuminate\\Http\\Request))
#62 C:\\OSPanel\\home\\guitar_prog1\\vendor\\laravel\\framework\\src\\Illuminate\\Foundation\\resources\\server.php(23): require_once('C:\\\\OSPanel\\\\home...')
#63 {main}
"} 
[2025-05-01 23:36:36] local.ERROR: Undefined variable $popularProducts (View: C:\OSPanel\home\guitar_prog1\resources\views\products\index.blade.php) {"userId":2,"exception":"[object] (Illuminate\\View\\ViewException(code: 0): Undefined variable $popularProducts (View: C:\\OSPanel\\home\\guitar_prog1\\resources\\views\\products\\index.blade.php) at C:\\OSPanel\\home\\guitar_prog1\\storage\\framework\\views\\dd2b5aedd34c2b6b7daa78c17fdb74a1.php:21)
[stacktrace]
#0 C:\\OSPanel\\home\\guitar_prog1\\vendor\\livewire\\livewire\\src\\Mechanisms\\ExtendBlade\\ExtendedCompilerEngine.php(58): Illuminate\\View\\Engines\\CompilerEngine->handleViewException(Object(ErrorException), 1)
#1 C:\\OSPanel\\home\\guitar_prog1\\vendor\\laravel\\framework\\src\\Illuminate\\View\\Engines\\PhpEngine.php(60): Livewire\\Mechanisms\\ExtendBlade\\ExtendedCompilerEngine->handleViewException(Object(ErrorException), 1)
#2 C:\\OSPanel\\home\\guitar_prog1\\vendor\\livewire\\livewire\\src\\Mechanisms\\ExtendBlade\\ExtendedCompilerEngine.php(22): Illuminate\\View\\Engines\\PhpEngine->evaluatePath('C:\\\\OSPanel\\\\home...', Array)
#3 C:\\OSPanel\\home\\guitar_prog1\\vendor\\laravel\\framework\\src\\Illuminate\\View\\Engines\\CompilerEngine.php(75): Livewire\\Mechanisms\\ExtendBlade\\ExtendedCompilerEngine->evaluatePath('C:\\\\OSPanel\\\\home...', Array)
#4 C:\\OSPanel\\home\\guitar_prog1\\vendor\\livewire\\livewire\\src\\Mechanisms\\ExtendBlade\\ExtendedCompilerEngine.php(10): Illuminate\\View\\Engines\\CompilerEngine->get('C:\\\\OSPanel\\\\home...', Array)
#5 C:\\OSPanel\\home\\guitar_prog1\\vendor\\laravel\\framework\\src\\Illuminate\\View\\View.php(209): Livewire\\Mechanisms\\ExtendBlade\\ExtendedCompilerEngine->get('C:\\\\OSPanel\\\\home...', Array)
#6 C:\\OSPanel\\home\\guitar_prog1\\vendor\\laravel\\framework\\src\\Illuminate\\View\\View.php(192): Illuminate\\View\\View->getContents()
#7 C:\\OSPanel\\home\\guitar_prog1\\vendor\\laravel\\framework\\src\\Illuminate\\View\\View.php(161): Illuminate\\View\\View->renderContents()
#8 C:\\OSPanel\\home\\guitar_prog1\\vendor\\laravel\\framework\\src\\Illuminate\\Http\\Response.php(79): Illuminate\\View\\View->render()
#9 C:\\OSPanel\\home\\guitar_prog1\\vendor\\laravel\\framework\\src\\Illuminate\\Http\\Response.php(35): Illuminate\\Http\\Response->setContent(Object(Illuminate\\View\\View))
#10 C:\\OSPanel\\home\\guitar_prog1\\vendor\\laravel\\framework\\src\\Illuminate\\Routing\\Router.php(920): Illuminate\\Http\\Response->__construct(Object(Illuminate\\View\\View), 200, Array)
#11 C:\\OSPanel\\home\\guitar_prog1\\vendor\\laravel\\framework\\src\\Illuminate\\Routing\\Router.php(887): Illuminate\\Routing\\Router::toResponse(Object(Illuminate\\Http\\Request), Object(Illuminate\\View\\View))
#12 C:\\OSPanel\\home\\guitar_prog1\\vendor\\laravel\\framework\\src\\Illuminate\\Routing\\Router.php(807): Illuminate\\Routing\\Router->prepareResponse(Object(Illuminate\\Http\\Request), Object(Illuminate\\View\\View))
#13 C:\\OSPanel\\home\\guitar_prog1\\vendor\\laravel\\framework\\src\\Illuminate\\Pipeline\\Pipeline.php(170): Illuminate\\Routing\\Router->Illuminate\\Routing\\{closure}(Object(Illuminate\\Http\\Request))
#14 C:\\OSPanel\\home\\guitar_prog1\\vendor\\laravel\\framework\\src\\Illuminate\\Routing\\Middleware\\SubstituteBindings.php(51): Illuminate\\Pipeline\\Pipeline->Illuminate\\Pipeline\\{closure}(Object(Illuminate\\Http\\Request))
#15 C:\\OSPanel\\home\\guitar_prog1\\vendor\\laravel\\framework\\src\\Illuminate\\Pipeline\\Pipeline.php(209): Illuminate\\Routing\\Middleware\\SubstituteBindings->handle(Object(Illuminate\\Http\\Request), Object(Closure))
#16 C:\\OSPanel\\home\\guitar_prog1\\vendor\\laravel\\framework\\src\\Illuminate\\Foundation\\Http\\Middleware\\VerifyCsrfToken.php(88): Illuminate\\Pipeline\\Pipeline->Illuminate\\Pipeline\\{closure}(Object(Illuminate\\Http\\Request))
#17 C:\\OSPanel\\home\\guitar_prog1\\vendor\\laravel\\framework\\src\\Illuminate\\Pipeline\\Pipeline.php(209): Illuminate\\Foundation\\Http\\Middleware\\VerifyCsrfToken->handle(Object(Illuminate\\Http\\Request), Object(Closure))
#18 C:\\OSPanel\\home\\guitar_prog1\\vendor\\laravel\\framework\\src\\Illuminate\\View\\Middleware\\ShareErrorsFromSession.php(49): Illuminate\\Pipeline\\Pipeline->Illuminate\\Pipeline\\{closure}(Object(Illuminate\\Http\\Request))
#19 C:\\OSPanel\\home\\guitar_prog1\\vendor\\laravel\\framework\\src\\Illuminate\\Pipeline\\Pipeline.php(209): Illuminate\\View\\Middleware\\ShareErrorsFromSession->handle(Object(Illuminate\\Http\\Request), Object(Closure))
#20 C:\\OSPanel\\home\\guitar_prog1\\vendor\\laravel\\framework\\src\\Illuminate\\Session\\Middleware\\StartSession.php(121): Illuminate\\Pipeline\\Pipeline->Illuminate\\Pipeline\\{closure}(Object(Illuminate\\Http\\Request))
#21 C:\\OSPanel\\home\\guitar_prog1\\vendor\\laravel\\framework\\src\\Illuminate\\Session\\Middleware\\StartSession.php(64): Illuminate\\Session\\Middleware\\StartSession->handleStatefulRequest(Object(Illuminate\\Http\\Request), Object(Illuminate\\Session\\Store), Object(Closure))
#22 C:\\OSPanel\\home\\guitar_prog1\\vendor\\laravel\\framework\\src\\Illuminate\\Pipeline\\Pipeline.php(209): Illuminate\\Session\\Middleware\\StartSession->handle(Object(Illuminate\\Http\\Request), Object(Closure))
#23 C:\\OSPanel\\home\\guitar_prog1\\vendor\\laravel\\framework\\src\\Illuminate\\Cookie\\Middleware\\AddQueuedCookiesToResponse.php(37): Illuminate\\Pipeline\\Pipeline->Illuminate\\Pipeline\\{closure}(Object(Illuminate\\Http\\Request))
#24 C:\\OSPanel\\home\\guitar_prog1\\vendor\\laravel\\framework\\src\\Illuminate\\Pipeline\\Pipeline.php(209): Illuminate\\Cookie\\Middleware\\AddQueuedCookiesToResponse->handle(Object(Illuminate\\Http\\Request), Object(Closure))
#25 C:\\OSPanel\\home\\guitar_prog1\\vendor\\laravel\\framework\\src\\Illuminate\\Cookie\\Middleware\\EncryptCookies.php(75): Illuminate\\Pipeline\\Pipeline->Illuminate\\Pipeline\\{closure}(Object(Illuminate\\Http\\Request))
#26 C:\\OSPanel\\home\\guitar_prog1\\vendor\\laravel\\framework\\src\\Illuminate\\Pipeline\\Pipeline.php(209): Illuminate\\Cookie\\Middleware\\EncryptCookies->handle(Object(Illuminate\\Http\\Request), Object(Closure))
#27 C:\\OSPanel\\home\\guitar_prog1\\vendor\\laravel\\framework\\src\\Illuminate\\Pipeline\\Pipeline.php(127): Illuminate\\Pipeline\\Pipeline->Illuminate\\Pipeline\\{closure}(Object(Illuminate\\Http\\Request))
#28 C:\\OSPanel\\home\\guitar_prog1\\vendor\\laravel\\framework\\src\\Illuminate\\Routing\\Router.php(807): Illuminate\\Pipeline\\Pipeline->then(Object(Closure))
#29 C:\\OSPanel\\home\\guitar_prog1\\vendor\\laravel\\framework\\src\\Illuminate\\Routing\\Router.php(786): Illuminate\\Routing\\Router->runRouteWithinStack(Object(Illuminate\\Routing\\Route), Object(Illuminate\\Http\\Request))
#30 C:\\OSPanel\\home\\guitar_prog1\\vendor\\laravel\\framework\\src\\Illuminate\\Routing\\Router.php(750): Illuminate\\Routing\\Router->runRoute(Object(Illuminate\\Http\\Request), Object(Illuminate\\Routing\\Route))
#31 C:\\OSPanel\\home\\guitar_prog1\\vendor\\laravel\\framework\\src\\Illuminate\\Routing\\Router.php(739): Illuminate\\Routing\\Router->dispatchToRoute(Object(Illuminate\\Http\\Request))
#32 C:\\OSPanel\\home\\guitar_prog1\\vendor\\laravel\\framework\\src\\Illuminate\\Foundation\\Http\\Kernel.php(201): Illuminate\\Routing\\Router->dispatch(Object(Illuminate\\Http\\Request))
#33 C:\\OSPanel\\home\\guitar_prog1\\vendor\\laravel\\framework\\src\\Illuminate\\Pipeline\\Pipeline.php(170): Illuminate\\Foundation\\Http\\Kernel->Illuminate\\Foundation\\Http\\{closure}(Object(Illuminate\\Http\\Request))
#34 C:\\OSPanel\\home\\guitar_prog1\\vendor\\livewire\\livewire\\src\\Features\\SupportDisablingBackButtonCache\\DisableBackButtonCacheMiddleware.php(19): Illuminate\\Pipeline\\Pipeline->Illuminate\\Pipeline\\{closure}(Object(Illuminate\\Http\\Request))
#35 C:\\OSPanel\\home\\guitar_prog1\\vendor\\laravel\\framework\\src\\Illuminate\\Pipeline\\Pipeline.php(209): Livewire\\Features\\SupportDisablingBackButtonCache\\DisableBackButtonCacheMiddleware->handle(Object(Illuminate\\Http\\Request), Object(Closure))
#36 C:\\OSPanel\\home\\guitar_prog1\\vendor\\laravel\\framework\\src\\Illuminate\\Foundation\\Http\\Middleware\\TransformsRequest.php(21): Illuminate\\Pipeline\\Pipeline->Illuminate\\Pipeline\\{closure}(Object(Illuminate\\Http\\Request))
#37 C:\\OSPanel\\home\\guitar_prog1\\vendor\\laravel\\framework\\src\\Illuminate\\Foundation\\Http\\Middleware\\ConvertEmptyStringsToNull.php(31): Illuminate\\Foundation\\Http\\Middleware\\TransformsRequest->handle(Object(Illuminate\\Http\\Request), Object(Closure))
#38 C:\\OSPanel\\home\\guitar_prog1\\vendor\\laravel\\framework\\src\\Illuminate\\Pipeline\\Pipeline.php(209): Illuminate\\Foundation\\Http\\Middleware\\ConvertEmptyStringsToNull->handle(Object(Illuminate\\Http\\Request), Object(Closure))
#39 C:\\OSPanel\\home\\guitar_prog1\\vendor\\laravel\\framework\\src\\Illuminate\\Foundation\\Http\\Middleware\\TransformsRequest.php(21): Illuminate\\Pipeline\\Pipeline->Illuminate\\Pipeline\\{closure}(Object(Illuminate\\Http\\Request))
#40 C:\\OSPanel\\home\\guitar_prog1\\vendor\\laravel\\framework\\src\\Illuminate\\Foundation\\Http\\Middleware\\TrimStrings.php(51): Illuminate\\Foundation\\Http\\Middleware\\TransformsRequest->handle(Object(Illuminate\\Http\\Request), Object(Closure))
#41 C:\\OSPanel\\home\\guitar_prog1\\vendor\\laravel\\framework\\src\\Illuminate\\Pipeline\\Pipeline.php(209): Illuminate\\Foundation\\Http\\Middleware\\TrimStrings->handle(Object(Illuminate\\Http\\Request), Object(Closure))
#42 C:\\OSPanel\\home\\guitar_prog1\\vendor\\laravel\\framework\\src\\Illuminate\\Http\\Middleware\\ValidatePostSize.php(27): Illuminate\\Pipeline\\Pipeline->Illuminate\\Pipeline\\{closure}(Object(Illuminate\\Http\\Request))
#43 C:\\OSPanel\\home\\guitar_prog1\\vendor\\laravel\\framework\\src\\Illuminate\\Pipeline\\Pipeline.php(209): Illuminate\\Http\\Middleware\\ValidatePostSize->handle(Object(Illuminate\\Http\\Request), Object(Closure))
#44 C:\\OSPanel\\home\\guitar_prog1\\vendor\\laravel\\framework\\src\\Illuminate\\Foundation\\Http\\Middleware\\PreventRequestsDuringMaintenance.php(110): Illuminate\\Pipeline\\Pipeline->Illuminate\\Pipeline\\{closure}(Object(Illuminate\\Http\\Request))
#45 C:\\OSPanel\\home\\guitar_prog1\\vendor\\laravel\\framework\\src\\Illuminate\\Pipeline\\Pipeline.php(209): Illuminate\\Foundation\\Http\\Middleware\\PreventRequestsDuringMaintenance->handle(Object(Illuminate\\Http\\Request), Object(Closure))
#46 C:\\OSPanel\\home\\guitar_prog1\\vendor\\laravel\\framework\\src\\Illuminate\\Http\\Middleware\\HandleCors.php(49): Illuminate\\Pipeline\\Pipeline->Illuminate\\Pipeline\\{closure}(Object(Illuminate\\Http\\Request))
#47 C:\\OSPanel\\home\\guitar_prog1\\vendor\\laravel\\framework\\src\\Illuminate\\Pipeline\\Pipeline.php(209): Illuminate\\Http\\Middleware\\HandleCors->handle(Object(Illuminate\\Http\\Request), Object(Closure))
#48 C:\\OSPanel\\home\\guitar_prog1\\vendor\\laravel\\framework\\src\\Illuminate\\Http\\Middleware\\TrustProxies.php(58): Illuminate\\Pipeline\\Pipeline->Illuminate\\Pipeline\\{closure}(Object(Illuminate\\Http\\Request))
#49 C:\\OSPanel\\home\\guitar_prog1\\vendor\\laravel\\framework\\src\\Illuminate\\Pipeline\\Pipeline.php(209): Illuminate\\Http\\Middleware\\TrustProxies->handle(Object(Illuminate\\Http\\Request), Object(Closure))
#50 C:\\OSPanel\\home\\guitar_prog1\\vendor\\laravel\\framework\\src\\Illuminate\\Foundation\\Http\\Middleware\\InvokeDeferredCallbacks.php(22): Illuminate\\Pipeline\\Pipeline->Illuminate\\Pipeline\\{closure}(Object(Illuminate\\Http\\Request))
#51 C:\\OSPanel\\home\\guitar_prog1\\vendor\\laravel\\framework\\src\\Illuminate\\Pipeline\\Pipeline.php(209): Illuminate\\Foundation\\Http\\Middleware\\InvokeDeferredCallbacks->handle(Object(Illuminate\\Http\\Request), Object(Closure))
#52 C:\\OSPanel\\home\\guitar_prog1\\vendor\\laravel\\framework\\src\\Illuminate\\Http\\Middleware\\ValidatePathEncoding.php(26): Illuminate\\Pipeline\\Pipeline->Illuminate\\Pipeline\\{closure}(Object(Illuminate\\Http\\Request))
#53 C:\\OSPanel\\home\\guitar_prog1\\vendor\\laravel\\framework\\src\\Illuminate\\Pipeline\\Pipeline.php(209): Illuminate\\Http\\Middleware\\ValidatePathEncoding->handle(Object(Illuminate\\Http\\Request), Object(Closure))
#54 C:\\OSPanel\\home\\guitar_prog1\\vendor\\laravel\\framework\\src\\Illuminate\\Pipeline\\Pipeline.php(127): Illuminate\\Pipeline\\Pipeline->Illuminate\\Pipeline\\{closure}(Object(Illuminate\\Http\\Request))
#55 C:\\OSPanel\\home\\guitar_prog1\\vendor\\laravel\\framework\\src\\Illuminate\\Foundation\\Http\\Kernel.php(176): Illuminate\\Pipeline\\Pipeline->then(Object(Closure))
#56 C:\\OSPanel\\home\\guitar_prog1\\vendor\\laravel\\framework\\src\\Illuminate\\Foundation\\Http\\Kernel.php(145): Illuminate\\Foundation\\Http\\Kernel->sendRequestThroughRouter(Object(Illuminate\\Http\\Request))
#57 C:\\OSPanel\\home\\guitar_prog1\\vendor\\laravel\\framework\\src\\Illuminate\\Foundation\\Application.php(1220): Illuminate\\Foundation\\Http\\Kernel->handle(Object(Illuminate\\Http\\Request))
#58 C:\\OSPanel\\home\\guitar_prog1\\public\\index.php(20): Illuminate\\Foundation\\Application->handleRequest(Object(Illuminate\\Http\\Request))
#59 C:\\OSPanel\\home\\guitar_prog1\\vendor\\laravel\\framework\\src\\Illuminate\\Foundation\\resources\\server.php(23): require_once('C:\\\\OSPanel\\\\home...')
#60 {main}

[previous exception] [object] (ErrorException(code: 0): Undefined variable $popularProducts at C:\\OSPanel\\home\\guitar_prog1\\storage\\framework\\views\\dd2b5aedd34c2b6b7daa78c17fdb74a1.php:21)
[stacktrace]
#0 C:\\OSPanel\\home\\guitar_prog1\\vendor\\laravel\\framework\\src\\Illuminate\\Foundation\\Bootstrap\\HandleExceptions.php(256): Illuminate\\Foundation\\Bootstrap\\HandleExceptions->handleError(2, 'Undefined varia...', 'C:\\\\OSPanel\\\\home...', 21)
#1 C:\\OSPanel\\home\\guitar_prog1\\storage\\framework\\views\\dd2b5aedd34c2b6b7daa78c17fdb74a1.php(21): Illuminate\\Foundation\\Bootstrap\\HandleExceptions->Illuminate\\Foundation\\Bootstrap\\{closure}(2, 'Undefined varia...', 'C:\\\\OSPanel\\\\home...', 21)
#2 C:\\OSPanel\\home\\guitar_prog1\\vendor\\laravel\\framework\\src\\Illuminate\\Filesystem\\Filesystem.php(123): require('C:\\\\OSPanel\\\\home...')
#3 C:\\OSPanel\\home\\guitar_prog1\\vendor\\laravel\\framework\\src\\Illuminate\\Filesystem\\Filesystem.php(124): Illuminate\\Filesystem\\Filesystem::Illuminate\\Filesystem\\{closure}()
#4 C:\\OSPanel\\home\\guitar_prog1\\vendor\\laravel\\framework\\src\\Illuminate\\View\\Engines\\PhpEngine.php(58): Illuminate\\Filesystem\\Filesystem->getRequire('C:\\\\OSPanel\\\\home...', Array)
#5 C:\\OSPanel\\home\\guitar_prog1\\vendor\\livewire\\livewire\\src\\Mechanisms\\ExtendBlade\\ExtendedCompilerEngine.php(22): Illuminate\\View\\Engines\\PhpEngine->evaluatePath('C:\\\\OSPanel\\\\home...', Array)
#6 C:\\OSPanel\\home\\guitar_prog1\\vendor\\laravel\\framework\\src\\Illuminate\\View\\Engines\\CompilerEngine.php(75): Livewire\\Mechanisms\\ExtendBlade\\ExtendedCompilerEngine->evaluatePath('C:\\\\OSPanel\\\\home...', Array)
#7 C:\\OSPanel\\home\\guitar_prog1\\vendor\\livewire\\livewire\\src\\Mechanisms\\ExtendBlade\\ExtendedCompilerEngine.php(10): Illuminate\\View\\Engines\\CompilerEngine->get('C:\\\\OSPanel\\\\home...', Array)
#8 C:\\OSPanel\\home\\guitar_prog1\\vendor\\laravel\\framework\\src\\Illuminate\\View\\View.php(209): Livewire\\Mechanisms\\ExtendBlade\\ExtendedCompilerEngine->get('C:\\\\OSPanel\\\\home...', Array)
#9 C:\\OSPanel\\home\\guitar_prog1\\vendor\\laravel\\framework\\src\\Illuminate\\View\\View.php(192): Illuminate\\View\\View->getContents()
#10 C:\\OSPanel\\home\\guitar_prog1\\vendor\\laravel\\framework\\src\\Illuminate\\View\\View.php(161): Illuminate\\View\\View->renderContents()
#11 C:\\OSPanel\\home\\guitar_prog1\\vendor\\laravel\\framework\\src\\Illuminate\\Http\\Response.php(79): Illuminate\\View\\View->render()
#12 C:\\OSPanel\\home\\guitar_prog1\\vendor\\laravel\\framework\\src\\Illuminate\\Http\\Response.php(35): Illuminate\\Http\\Response->setContent(Object(Illuminate\\View\\View))
#13 C:\\OSPanel\\home\\guitar_prog1\\vendor\\laravel\\framework\\src\\Illuminate\\Routing\\Router.php(920): Illuminate\\Http\\Response->__construct(Object(Illuminate\\View\\View), 200, Array)
#14 C:\\OSPanel\\home\\guitar_prog1\\vendor\\laravel\\framework\\src\\Illuminate\\Routing\\Router.php(887): Illuminate\\Routing\\Router::toResponse(Object(Illuminate\\Http\\Request), Object(Illuminate\\View\\View))
#15 C:\\OSPanel\\home\\guitar_prog1\\vendor\\laravel\\framework\\src\\Illuminate\\Routing\\Router.php(807): Illuminate\\Routing\\Router->prepareResponse(Object(Illuminate\\Http\\Request), Object(Illuminate\\View\\View))
#16 C:\\OSPanel\\home\\guitar_prog1\\vendor\\laravel\\framework\\src\\Illuminate\\Pipeline\\Pipeline.php(170): Illuminate\\Routing\\Router->Illuminate\\Routing\\{closure}(Object(Illuminate\\Http\\Request))
#17 C:\\OSPanel\\home\\guitar_prog1\\vendor\\laravel\\framework\\src\\Illuminate\\Routing\\Middleware\\SubstituteBindings.php(51): Illuminate\\Pipeline\\Pipeline->Illuminate\\Pipeline\\{closure}(Object(Illuminate\\Http\\Request))
#18 C:\\OSPanel\\home\\guitar_prog1\\vendor\\laravel\\framework\\src\\Illuminate\\Pipeline\\Pipeline.php(209): Illuminate\\Routing\\Middleware\\SubstituteBindings->handle(Object(Illuminate\\Http\\Request), Object(Closure))
#19 C:\\OSPanel\\home\\guitar_prog1\\vendor\\laravel\\framework\\src\\Illuminate\\Foundation\\Http\\Middleware\\VerifyCsrfToken.php(88): Illuminate\\Pipeline\\Pipeline->Illuminate\\Pipeline\\{closure}(Object(Illuminate\\Http\\Request))
#20 C:\\OSPanel\\home\\guitar_prog1\\vendor\\laravel\\framework\\src\\Illuminate\\Pipeline\\Pipeline.php(209): Illuminate\\Foundation\\Http\\Middleware\\VerifyCsrfToken->handle(Object(Illuminate\\Http\\Request), Object(Closure))
#21 C:\\OSPanel\\home\\guitar_prog1\\vendor\\laravel\\framework\\src\\Illuminate\\View\\Middleware\\ShareErrorsFromSession.php(49): Illuminate\\Pipeline\\Pipeline->Illuminate\\Pipeline\\{closure}(Object(Illuminate\\Http\\Request))
#22 C:\\OSPanel\\home\\guitar_prog1\\vendor\\laravel\\framework\\src\\Illuminate\\Pipeline\\Pipeline.php(209): Illuminate\\View\\Middleware\\ShareErrorsFromSession->handle(Object(Illuminate\\Http\\Request), Object(Closure))
#23 C:\\OSPanel\\home\\guitar_prog1\\vendor\\laravel\\framework\\src\\Illuminate\\Session\\Middleware\\StartSession.php(121): Illuminate\\Pipeline\\Pipeline->Illuminate\\Pipeline\\{closure}(Object(Illuminate\\Http\\Request))
#24 C:\\OSPanel\\home\\guitar_prog1\\vendor\\laravel\\framework\\src\\Illuminate\\Session\\Middleware\\StartSession.php(64): Illuminate\\Session\\Middleware\\StartSession->handleStatefulRequest(Object(Illuminate\\Http\\Request), Object(Illuminate\\Session\\Store), Object(Closure))
#25 C:\\OSPanel\\home\\guitar_prog1\\vendor\\laravel\\framework\\src\\Illuminate\\Pipeline\\Pipeline.php(209): Illuminate\\Session\\Middleware\\StartSession->handle(Object(Illuminate\\Http\\Request), Object(Closure))
#26 C:\\OSPanel\\home\\guitar_prog1\\vendor\\laravel\\framework\\src\\Illuminate\\Cookie\\Middleware\\AddQueuedCookiesToResponse.php(37): Illuminate\\Pipeline\\Pipeline->Illuminate\\Pipeline\\{closure}(Object(Illuminate\\Http\\Request))
#27 C:\\OSPanel\\home\\guitar_prog1\\vendor\\laravel\\framework\\src\\Illuminate\\Pipeline\\Pipeline.php(209): Illuminate\\Cookie\\Middleware\\AddQueuedCookiesToResponse->handle(Object(Illuminate\\Http\\Request), Object(Closure))
#28 C:\\OSPanel\\home\\guitar_prog1\\vendor\\laravel\\framework\\src\\Illuminate\\Cookie\\Middleware\\EncryptCookies.php(75): Illuminate\\Pipeline\\Pipeline->Illuminate\\Pipeline\\{closure}(Object(Illuminate\\Http\\Request))
#29 C:\\OSPanel\\home\\guitar_prog1\\vendor\\laravel\\framework\\src\\Illuminate\\Pipeline\\Pipeline.php(209): Illuminate\\Cookie\\Middleware\\EncryptCookies->handle(Object(Illuminate\\Http\\Request), Object(Closure))
#30 C:\\OSPanel\\home\\guitar_prog1\\vendor\\laravel\\framework\\src\\Illuminate\\Pipeline\\Pipeline.php(127): Illuminate\\Pipeline\\Pipeline->Illuminate\\Pipeline\\{closure}(Object(Illuminate\\Http\\Request))
#31 C:\\OSPanel\\home\\guitar_prog1\\vendor\\laravel\\framework\\src\\Illuminate\\Routing\\Router.php(807): Illuminate\\Pipeline\\Pipeline->then(Object(Closure))
#32 C:\\OSPanel\\home\\guitar_prog1\\vendor\\laravel\\framework\\src\\Illuminate\\Routing\\Router.php(786): Illuminate\\Routing\\Router->runRouteWithinStack(Object(Illuminate\\Routing\\Route), Object(Illuminate\\Http\\Request))
#33 C:\\OSPanel\\home\\guitar_prog1\\vendor\\laravel\\framework\\src\\Illuminate\\Routing\\Router.php(750): Illuminate\\Routing\\Router->runRoute(Object(Illuminate\\Http\\Request), Object(Illuminate\\Routing\\Route))
#34 C:\\OSPanel\\home\\guitar_prog1\\vendor\\laravel\\framework\\src\\Illuminate\\Routing\\Router.php(739): Illuminate\\Routing\\Router->dispatchToRoute(Object(Illuminate\\Http\\Request))
#35 C:\\OSPanel\\home\\guitar_prog1\\vendor\\laravel\\framework\\src\\Illuminate\\Foundation\\Http\\Kernel.php(201): Illuminate\\Routing\\Router->dispatch(Object(Illuminate\\Http\\Request))
#36 C:\\OSPanel\\home\\guitar_prog1\\vendor\\laravel\\framework\\src\\Illuminate\\Pipeline\\Pipeline.php(170): Illuminate\\Foundation\\Http\\Kernel->Illuminate\\Foundation\\Http\\{closure}(Object(Illuminate\\Http\\Request))
#37 C:\\OSPanel\\home\\guitar_prog1\\vendor\\livewire\\livewire\\src\\Features\\SupportDisablingBackButtonCache\\DisableBackButtonCacheMiddleware.php(19): Illuminate\\Pipeline\\Pipeline->Illuminate\\Pipeline\\{closure}(Object(Illuminate\\Http\\Request))
#38 C:\\OSPanel\\home\\guitar_prog1\\vendor\\laravel\\framework\\src\\Illuminate\\Pipeline\\Pipeline.php(209): Livewire\\Features\\SupportDisablingBackButtonCache\\DisableBackButtonCacheMiddleware->handle(Object(Illuminate\\Http\\Request), Object(Closure))
#39 C:\\OSPanel\\home\\guitar_prog1\\vendor\\laravel\\framework\\src\\Illuminate\\Foundation\\Http\\Middleware\\TransformsRequest.php(21): Illuminate\\Pipeline\\Pipeline->Illuminate\\Pipeline\\{closure}(Object(Illuminate\\Http\\Request))
#40 C:\\OSPanel\\home\\guitar_prog1\\vendor\\laravel\\framework\\src\\Illuminate\\Foundation\\Http\\Middleware\\ConvertEmptyStringsToNull.php(31): Illuminate\\Foundation\\Http\\Middleware\\TransformsRequest->handle(Object(Illuminate\\Http\\Request), Object(Closure))
#41 C:\\OSPanel\\home\\guitar_prog1\\vendor\\laravel\\framework\\src\\Illuminate\\Pipeline\\Pipeline.php(209): Illuminate\\Foundation\\Http\\Middleware\\ConvertEmptyStringsToNull->handle(Object(Illuminate\\Http\\Request), Object(Closure))
#42 C:\\OSPanel\\home\\guitar_prog1\\vendor\\laravel\\framework\\src\\Illuminate\\Foundation\\Http\\Middleware\\TransformsRequest.php(21): Illuminate\\Pipeline\\Pipeline->Illuminate\\Pipeline\\{closure}(Object(Illuminate\\Http\\Request))
#43 C:\\OSPanel\\home\\guitar_prog1\\vendor\\laravel\\framework\\src\\Illuminate\\Foundation\\Http\\Middleware\\TrimStrings.php(51): Illuminate\\Foundation\\Http\\Middleware\\TransformsRequest->handle(Object(Illuminate\\Http\\Request), Object(Closure))
#44 C:\\OSPanel\\home\\guitar_prog1\\vendor\\laravel\\framework\\src\\Illuminate\\Pipeline\\Pipeline.php(209): Illuminate\\Foundation\\Http\\Middleware\\TrimStrings->handle(Object(Illuminate\\Http\\Request), Object(Closure))
#45 C:\\OSPanel\\home\\guitar_prog1\\vendor\\laravel\\framework\\src\\Illuminate\\Http\\Middleware\\ValidatePostSize.php(27): Illuminate\\Pipeline\\Pipeline->Illuminate\\Pipeline\\{closure}(Object(Illuminate\\Http\\Request))
#46 C:\\OSPanel\\home\\guitar_prog1\\vendor\\laravel\\framework\\src\\Illuminate\\Pipeline\\Pipeline.php(209): Illuminate\\Http\\Middleware\\ValidatePostSize->handle(Object(Illuminate\\Http\\Request), Object(Closure))
#47 C:\\OSPanel\\home\\guitar_prog1\\vendor\\laravel\\framework\\src\\Illuminate\\Foundation\\Http\\Middleware\\PreventRequestsDuringMaintenance.php(110): Illuminate\\Pipeline\\Pipeline->Illuminate\\Pipeline\\{closure}(Object(Illuminate\\Http\\Request))
#48 C:\\OSPanel\\home\\guitar_prog1\\vendor\\laravel\\framework\\src\\Illuminate\\Pipeline\\Pipeline.php(209): Illuminate\\Foundation\\Http\\Middleware\\PreventRequestsDuringMaintenance->handle(Object(Illuminate\\Http\\Request), Object(Closure))
#49 C:\\OSPanel\\home\\guitar_prog1\\vendor\\laravel\\framework\\src\\Illuminate\\Http\\Middleware\\HandleCors.php(49): Illuminate\\Pipeline\\Pipeline->Illuminate\\Pipeline\\{closure}(Object(Illuminate\\Http\\Request))
#50 C:\\OSPanel\\home\\guitar_prog1\\vendor\\laravel\\framework\\src\\Illuminate\\Pipeline\\Pipeline.php(209): Illuminate\\Http\\Middleware\\HandleCors->handle(Object(Illuminate\\Http\\Request), Object(Closure))
#51 C:\\OSPanel\\home\\guitar_prog1\\vendor\\laravel\\framework\\src\\Illuminate\\Http\\Middleware\\TrustProxies.php(58): Illuminate\\Pipeline\\Pipeline->Illuminate\\Pipeline\\{closure}(Object(Illuminate\\Http\\Request))
#52 C:\\OSPanel\\home\\guitar_prog1\\vendor\\laravel\\framework\\src\\Illuminate\\Pipeline\\Pipeline.php(209): Illuminate\\Http\\Middleware\\TrustProxies->handle(Object(Illuminate\\Http\\Request), Object(Closure))
#53 C:\\OSPanel\\home\\guitar_prog1\\vendor\\laravel\\framework\\src\\Illuminate\\Foundation\\Http\\Middleware\\InvokeDeferredCallbacks.php(22): Illuminate\\Pipeline\\Pipeline->Illuminate\\Pipeline\\{closure}(Object(Illuminate\\Http\\Request))
#54 C:\\OSPanel\\home\\guitar_prog1\\vendor\\laravel\\framework\\src\\Illuminate\\Pipeline\\Pipeline.php(209): Illuminate\\Foundation\\Http\\Middleware\\InvokeDeferredCallbacks->handle(Object(Illuminate\\Http\\Request), Object(Closure))
#55 C:\\OSPanel\\home\\guitar_prog1\\vendor\\laravel\\framework\\src\\Illuminate\\Http\\Middleware\\ValidatePathEncoding.php(26): Illuminate\\Pipeline\\Pipeline->Illuminate\\Pipeline\\{closure}(Object(Illuminate\\Http\\Request))
#56 C:\\OSPanel\\home\\guitar_prog1\\vendor\\laravel\\framework\\src\\Illuminate\\Pipeline\\Pipeline.php(209): Illuminate\\Http\\Middleware\\ValidatePathEncoding->handle(Object(Illuminate\\Http\\Request), Object(Closure))
#57 C:\\OSPanel\\home\\guitar_prog1\\vendor\\laravel\\framework\\src\\Illuminate\\Pipeline\\Pipeline.php(127): Illuminate\\Pipeline\\Pipeline->Illuminate\\Pipeline\\{closure}(Object(Illuminate\\Http\\Request))
#58 C:\\OSPanel\\home\\guitar_prog1\\vendor\\laravel\\framework\\src\\Illuminate\\Foundation\\Http\\Kernel.php(176): Illuminate\\Pipeline\\Pipeline->then(Object(Closure))
#59 C:\\OSPanel\\home\\guitar_prog1\\vendor\\laravel\\framework\\src\\Illuminate\\Foundation\\Http\\Kernel.php(145): Illuminate\\Foundation\\Http\\Kernel->sendRequestThroughRouter(Object(Illuminate\\Http\\Request))
#60 C:\\OSPanel\\home\\guitar_prog1\\vendor\\laravel\\framework\\src\\Illuminate\\Foundation\\Application.php(1220): Illuminate\\Foundation\\Http\\Kernel->handle(Object(Illuminate\\Http\\Request))
#61 C:\\OSPanel\\home\\guitar_prog1\\public\\index.php(20): Illuminate\\Foundation\\Application->handleRequest(Object(Illuminate\\Http\\Request))
#62 C:\\OSPanel\\home\\guitar_prog1\\vendor\\laravel\\framework\\src\\Illuminate\\Foundation\\resources\\server.php(23): require_once('C:\\\\OSPanel\\\\home...')
#63 {main}
"} 
[2025-05-01 23:39:36] local.ERROR: Undefined variable $popularProducts (View: C:\OSPanel\home\guitar_prog1\resources\views\products\index.blade.php) {"userId":2,"exception":"[object] (Illuminate\\View\\ViewException(code: 0): Undefined variable $popularProducts (View: C:\\OSPanel\\home\\guitar_prog1\\resources\\views\\products\\index.blade.php) at C:\\OSPanel\\home\\guitar_prog1\\storage\\framework\\views\\dd2b5aedd34c2b6b7daa78c17fdb74a1.php:21)
[stacktrace]
#0 C:\\OSPanel\\home\\guitar_prog1\\vendor\\livewire\\livewire\\src\\Mechanisms\\ExtendBlade\\ExtendedCompilerEngine.php(58): Illuminate\\View\\Engines\\CompilerEngine->handleViewException(Object(ErrorException), 1)
#1 C:\\OSPanel\\home\\guitar_prog1\\vendor\\laravel\\framework\\src\\Illuminate\\View\\Engines\\PhpEngine.php(60): Livewire\\Mechanisms\\ExtendBlade\\ExtendedCompilerEngine->handleViewException(Object(ErrorException), 1)
#2 C:\\OSPanel\\home\\guitar_prog1\\vendor\\livewire\\livewire\\src\\Mechanisms\\ExtendBlade\\ExtendedCompilerEngine.php(22): Illuminate\\View\\Engines\\PhpEngine->evaluatePath('C:\\\\OSPanel\\\\home...', Array)
#3 C:\\OSPanel\\home\\guitar_prog1\\vendor\\laravel\\framework\\src\\Illuminate\\View\\Engines\\CompilerEngine.php(75): Livewire\\Mechanisms\\ExtendBlade\\ExtendedCompilerEngine->evaluatePath('C:\\\\OSPanel\\\\home...', Array)
#4 C:\\OSPanel\\home\\guitar_prog1\\vendor\\livewire\\livewire\\src\\Mechanisms\\ExtendBlade\\ExtendedCompilerEngine.php(10): Illuminate\\View\\Engines\\CompilerEngine->get('C:\\\\OSPanel\\\\home...', Array)
#5 C:\\OSPanel\\home\\guitar_prog1\\vendor\\laravel\\framework\\src\\Illuminate\\View\\View.php(209): Livewire\\Mechanisms\\ExtendBlade\\ExtendedCompilerEngine->get('C:\\\\OSPanel\\\\home...', Array)
#6 C:\\OSPanel\\home\\guitar_prog1\\vendor\\laravel\\framework\\src\\Illuminate\\View\\View.php(192): Illuminate\\View\\View->getContents()
#7 C:\\OSPanel\\home\\guitar_prog1\\vendor\\laravel\\framework\\src\\Illuminate\\View\\View.php(161): Illuminate\\View\\View->renderContents()
#8 C:\\OSPanel\\home\\guitar_prog1\\vendor\\laravel\\framework\\src\\Illuminate\\Http\\Response.php(79): Illuminate\\View\\View->render()
#9 C:\\OSPanel\\home\\guitar_prog1\\vendor\\laravel\\framework\\src\\Illuminate\\Http\\Response.php(35): Illuminate\\Http\\Response->setContent(Object(Illuminate\\View\\View))
#10 C:\\OSPanel\\home\\guitar_prog1\\vendor\\laravel\\framework\\src\\Illuminate\\Routing\\Router.php(920): Illuminate\\Http\\Response->__construct(Object(Illuminate\\View\\View), 200, Array)
#11 C:\\OSPanel\\home\\guitar_prog1\\vendor\\laravel\\framework\\src\\Illuminate\\Routing\\Router.php(887): Illuminate\\Routing\\Router::toResponse(Object(Illuminate\\Http\\Request), Object(Illuminate\\View\\View))
#12 C:\\OSPanel\\home\\guitar_prog1\\vendor\\laravel\\framework\\src\\Illuminate\\Routing\\Router.php(807): Illuminate\\Routing\\Router->prepareResponse(Object(Illuminate\\Http\\Request), Object(Illuminate\\View\\View))
#13 C:\\OSPanel\\home\\guitar_prog1\\vendor\\laravel\\framework\\src\\Illuminate\\Pipeline\\Pipeline.php(170): Illuminate\\Routing\\Router->Illuminate\\Routing\\{closure}(Object(Illuminate\\Http\\Request))
#14 C:\\OSPanel\\home\\guitar_prog1\\vendor\\laravel\\framework\\src\\Illuminate\\Routing\\Middleware\\SubstituteBindings.php(51): Illuminate\\Pipeline\\Pipeline->Illuminate\\Pipeline\\{closure}(Object(Illuminate\\Http\\Request))
#15 C:\\OSPanel\\home\\guitar_prog1\\vendor\\laravel\\framework\\src\\Illuminate\\Pipeline\\Pipeline.php(209): Illuminate\\Routing\\Middleware\\SubstituteBindings->handle(Object(Illuminate\\Http\\Request), Object(Closure))
#16 C:\\OSPanel\\home\\guitar_prog1\\vendor\\laravel\\framework\\src\\Illuminate\\Foundation\\Http\\Middleware\\VerifyCsrfToken.php(88): Illuminate\\Pipeline\\Pipeline->Illuminate\\Pipeline\\{closure}(Object(Illuminate\\Http\\Request))
#17 C:\\OSPanel\\home\\guitar_prog1\\vendor\\laravel\\framework\\src\\Illuminate\\Pipeline\\Pipeline.php(209): Illuminate\\Foundation\\Http\\Middleware\\VerifyCsrfToken->handle(Object(Illuminate\\Http\\Request), Object(Closure))
#18 C:\\OSPanel\\home\\guitar_prog1\\vendor\\laravel\\framework\\src\\Illuminate\\View\\Middleware\\ShareErrorsFromSession.php(49): Illuminate\\Pipeline\\Pipeline->Illuminate\\Pipeline\\{closure}(Object(Illuminate\\Http\\Request))
#19 C:\\OSPanel\\home\\guitar_prog1\\vendor\\laravel\\framework\\src\\Illuminate\\Pipeline\\Pipeline.php(209): Illuminate\\View\\Middleware\\ShareErrorsFromSession->handle(Object(Illuminate\\Http\\Request), Object(Closure))
#20 C:\\OSPanel\\home\\guitar_prog1\\vendor\\laravel\\framework\\src\\Illuminate\\Session\\Middleware\\StartSession.php(121): Illuminate\\Pipeline\\Pipeline->Illuminate\\Pipeline\\{closure}(Object(Illuminate\\Http\\Request))
#21 C:\\OSPanel\\home\\guitar_prog1\\vendor\\laravel\\framework\\src\\Illuminate\\Session\\Middleware\\StartSession.php(64): Illuminate\\Session\\Middleware\\StartSession->handleStatefulRequest(Object(Illuminate\\Http\\Request), Object(Illuminate\\Session\\Store), Object(Closure))
#22 C:\\OSPanel\\home\\guitar_prog1\\vendor\\laravel\\framework\\src\\Illuminate\\Pipeline\\Pipeline.php(209): Illuminate\\Session\\Middleware\\StartSession->handle(Object(Illuminate\\Http\\Request), Object(Closure))
#23 C:\\OSPanel\\home\\guitar_prog1\\vendor\\laravel\\framework\\src\\Illuminate\\Cookie\\Middleware\\AddQueuedCookiesToResponse.php(37): Illuminate\\Pipeline\\Pipeline->Illuminate\\Pipeline\\{closure}(Object(Illuminate\\Http\\Request))
#24 C:\\OSPanel\\home\\guitar_prog1\\vendor\\laravel\\framework\\src\\Illuminate\\Pipeline\\Pipeline.php(209): Illuminate\\Cookie\\Middleware\\AddQueuedCookiesToResponse->handle(Object(Illuminate\\Http\\Request), Object(Closure))
#25 C:\\OSPanel\\home\\guitar_prog1\\vendor\\laravel\\framework\\src\\Illuminate\\Cookie\\Middleware\\EncryptCookies.php(75): Illuminate\\Pipeline\\Pipeline->Illuminate\\Pipeline\\{closure}(Object(Illuminate\\Http\\Request))
#26 C:\\OSPanel\\home\\guitar_prog1\\vendor\\laravel\\framework\\src\\Illuminate\\Pipeline\\Pipeline.php(209): Illuminate\\Cookie\\Middleware\\EncryptCookies->handle(Object(Illuminate\\Http\\Request), Object(Closure))
#27 C:\\OSPanel\\home\\guitar_prog1\\vendor\\laravel\\framework\\src\\Illuminate\\Pipeline\\Pipeline.php(127): Illuminate\\Pipeline\\Pipeline->Illuminate\\Pipeline\\{closure}(Object(Illuminate\\Http\\Request))
#28 C:\\OSPanel\\home\\guitar_prog1\\vendor\\laravel\\framework\\src\\Illuminate\\Routing\\Router.php(807): Illuminate\\Pipeline\\Pipeline->then(Object(Closure))
#29 C:\\OSPanel\\home\\guitar_prog1\\vendor\\laravel\\framework\\src\\Illuminate\\Routing\\Router.php(786): Illuminate\\Routing\\Router->runRouteWithinStack(Object(Illuminate\\Routing\\Route), Object(Illuminate\\Http\\Request))
#30 C:\\OSPanel\\home\\guitar_prog1\\vendor\\laravel\\framework\\src\\Illuminate\\Routing\\Router.php(750): Illuminate\\Routing\\Router->runRoute(Object(Illuminate\\Http\\Request), Object(Illuminate\\Routing\\Route))
#31 C:\\OSPanel\\home\\guitar_prog1\\vendor\\laravel\\framework\\src\\Illuminate\\Routing\\Router.php(739): Illuminate\\Routing\\Router->dispatchToRoute(Object(Illuminate\\Http\\Request))
#32 C:\\OSPanel\\home\\guitar_prog1\\vendor\\laravel\\framework\\src\\Illuminate\\Foundation\\Http\\Kernel.php(201): Illuminate\\Routing\\Router->dispatch(Object(Illuminate\\Http\\Request))
#33 C:\\OSPanel\\home\\guitar_prog1\\vendor\\laravel\\framework\\src\\Illuminate\\Pipeline\\Pipeline.php(170): Illuminate\\Foundation\\Http\\Kernel->Illuminate\\Foundation\\Http\\{closure}(Object(Illuminate\\Http\\Request))
#34 C:\\OSPanel\\home\\guitar_prog1\\vendor\\livewire\\livewire\\src\\Features\\SupportDisablingBackButtonCache\\DisableBackButtonCacheMiddleware.php(19): Illuminate\\Pipeline\\Pipeline->Illuminate\\Pipeline\\{closure}(Object(Illuminate\\Http\\Request))
#35 C:\\OSPanel\\home\\guitar_prog1\\vendor\\laravel\\framework\\src\\Illuminate\\Pipeline\\Pipeline.php(209): Livewire\\Features\\SupportDisablingBackButtonCache\\DisableBackButtonCacheMiddleware->handle(Object(Illuminate\\Http\\Request), Object(Closure))
#36 C:\\OSPanel\\home\\guitar_prog1\\vendor\\laravel\\framework\\src\\Illuminate\\Foundation\\Http\\Middleware\\TransformsRequest.php(21): Illuminate\\Pipeline\\Pipeline->Illuminate\\Pipeline\\{closure}(Object(Illuminate\\Http\\Request))
#37 C:\\OSPanel\\home\\guitar_prog1\\vendor\\laravel\\framework\\src\\Illuminate\\Foundation\\Http\\Middleware\\ConvertEmptyStringsToNull.php(31): Illuminate\\Foundation\\Http\\Middleware\\TransformsRequest->handle(Object(Illuminate\\Http\\Request), Object(Closure))
#38 C:\\OSPanel\\home\\guitar_prog1\\vendor\\laravel\\framework\\src\\Illuminate\\Pipeline\\Pipeline.php(209): Illuminate\\Foundation\\Http\\Middleware\\ConvertEmptyStringsToNull->handle(Object(Illuminate\\Http\\Request), Object(Closure))
#39 C:\\OSPanel\\home\\guitar_prog1\\vendor\\laravel\\framework\\src\\Illuminate\\Foundation\\Http\\Middleware\\TransformsRequest.php(21): Illuminate\\Pipeline\\Pipeline->Illuminate\\Pipeline\\{closure}(Object(Illuminate\\Http\\Request))
#40 C:\\OSPanel\\home\\guitar_prog1\\vendor\\laravel\\framework\\src\\Illuminate\\Foundation\\Http\\Middleware\\TrimStrings.php(51): Illuminate\\Foundation\\Http\\Middleware\\TransformsRequest->handle(Object(Illuminate\\Http\\Request), Object(Closure))
#41 C:\\OSPanel\\home\\guitar_prog1\\vendor\\laravel\\framework\\src\\Illuminate\\Pipeline\\Pipeline.php(209): Illuminate\\Foundation\\Http\\Middleware\\TrimStrings->handle(Object(Illuminate\\Http\\Request), Object(Closure))
#42 C:\\OSPanel\\home\\guitar_prog1\\vendor\\laravel\\framework\\src\\Illuminate\\Http\\Middleware\\ValidatePostSize.php(27): Illuminate\\Pipeline\\Pipeline->Illuminate\\Pipeline\\{closure}(Object(Illuminate\\Http\\Request))
#43 C:\\OSPanel\\home\\guitar_prog1\\vendor\\laravel\\framework\\src\\Illuminate\\Pipeline\\Pipeline.php(209): Illuminate\\Http\\Middleware\\ValidatePostSize->handle(Object(Illuminate\\Http\\Request), Object(Closure))
#44 C:\\OSPanel\\home\\guitar_prog1\\vendor\\laravel\\framework\\src\\Illuminate\\Foundation\\Http\\Middleware\\PreventRequestsDuringMaintenance.php(110): Illuminate\\Pipeline\\Pipeline->Illuminate\\Pipeline\\{closure}(Object(Illuminate\\Http\\Request))
#45 C:\\OSPanel\\home\\guitar_prog1\\vendor\\laravel\\framework\\src\\Illuminate\\Pipeline\\Pipeline.php(209): Illuminate\\Foundation\\Http\\Middleware\\PreventRequestsDuringMaintenance->handle(Object(Illuminate\\Http\\Request), Object(Closure))
#46 C:\\OSPanel\\home\\guitar_prog1\\vendor\\laravel\\framework\\src\\Illuminate\\Http\\Middleware\\HandleCors.php(49): Illuminate\\Pipeline\\Pipeline->Illuminate\\Pipeline\\{closure}(Object(Illuminate\\Http\\Request))
#47 C:\\OSPanel\\home\\guitar_prog1\\vendor\\laravel\\framework\\src\\Illuminate\\Pipeline\\Pipeline.php(209): Illuminate\\Http\\Middleware\\HandleCors->handle(Object(Illuminate\\Http\\Request), Object(Closure))
#48 C:\\OSPanel\\home\\guitar_prog1\\vendor\\laravel\\framework\\src\\Illuminate\\Http\\Middleware\\TrustProxies.php(58): Illuminate\\Pipeline\\Pipeline->Illuminate\\Pipeline\\{closure}(Object(Illuminate\\Http\\Request))
#49 C:\\OSPanel\\home\\guitar_prog1\\vendor\\laravel\\framework\\src\\Illuminate\\Pipeline\\Pipeline.php(209): Illuminate\\Http\\Middleware\\TrustProxies->handle(Object(Illuminate\\Http\\Request), Object(Closure))
#50 C:\\OSPanel\\home\\guitar_prog1\\vendor\\laravel\\framework\\src\\Illuminate\\Foundation\\Http\\Middleware\\InvokeDeferredCallbacks.php(22): Illuminate\\Pipeline\\Pipeline->Illuminate\\Pipeline\\{closure}(Object(Illuminate\\Http\\Request))
#51 C:\\OSPanel\\home\\guitar_prog1\\vendor\\laravel\\framework\\src\\Illuminate\\Pipeline\\Pipeline.php(209): Illuminate\\Foundation\\Http\\Middleware\\InvokeDeferredCallbacks->handle(Object(Illuminate\\Http\\Request), Object(Closure))
#52 C:\\OSPanel\\home\\guitar_prog1\\vendor\\laravel\\framework\\src\\Illuminate\\Http\\Middleware\\ValidatePathEncoding.php(26): Illuminate\\Pipeline\\Pipeline->Illuminate\\Pipeline\\{closure}(Object(Illuminate\\Http\\Request))
#53 C:\\OSPanel\\home\\guitar_prog1\\vendor\\laravel\\framework\\src\\Illuminate\\Pipeline\\Pipeline.php(209): Illuminate\\Http\\Middleware\\ValidatePathEncoding->handle(Object(Illuminate\\Http\\Request), Object(Closure))
#54 C:\\OSPanel\\home\\guitar_prog1\\vendor\\laravel\\framework\\src\\Illuminate\\Pipeline\\Pipeline.php(127): Illuminate\\Pipeline\\Pipeline->Illuminate\\Pipeline\\{closure}(Object(Illuminate\\Http\\Request))
#55 C:\\OSPanel\\home\\guitar_prog1\\vendor\\laravel\\framework\\src\\Illuminate\\Foundation\\Http\\Kernel.php(176): Illuminate\\Pipeline\\Pipeline->then(Object(Closure))
#56 C:\\OSPanel\\home\\guitar_prog1\\vendor\\laravel\\framework\\src\\Illuminate\\Foundation\\Http\\Kernel.php(145): Illuminate\\Foundation\\Http\\Kernel->sendRequestThroughRouter(Object(Illuminate\\Http\\Request))
#57 C:\\OSPanel\\home\\guitar_prog1\\vendor\\laravel\\framework\\src\\Illuminate\\Foundation\\Application.php(1220): Illuminate\\Foundation\\Http\\Kernel->handle(Object(Illuminate\\Http\\Request))
#58 C:\\OSPanel\\home\\guitar_prog1\\public\\index.php(20): Illuminate\\Foundation\\Application->handleRequest(Object(Illuminate\\Http\\Request))
#59 C:\\OSPanel\\home\\guitar_prog1\\vendor\\laravel\\framework\\src\\Illuminate\\Foundation\\resources\\server.php(23): require_once('C:\\\\OSPanel\\\\home...')
#60 {main}

[previous exception] [object] (ErrorException(code: 0): Undefined variable $popularProducts at C:\\OSPanel\\home\\guitar_prog1\\storage\\framework\\views\\dd2b5aedd34c2b6b7daa78c17fdb74a1.php:21)
[stacktrace]
#0 C:\\OSPanel\\home\\guitar_prog1\\vendor\\laravel\\framework\\src\\Illuminate\\Foundation\\Bootstrap\\HandleExceptions.php(256): Illuminate\\Foundation\\Bootstrap\\HandleExceptions->handleError(2, 'Undefined varia...', 'C:\\\\OSPanel\\\\home...', 21)
#1 C:\\OSPanel\\home\\guitar_prog1\\storage\\framework\\views\\dd2b5aedd34c2b6b7daa78c17fdb74a1.php(21): Illuminate\\Foundation\\Bootstrap\\HandleExceptions->Illuminate\\Foundation\\Bootstrap\\{closure}(2, 'Undefined varia...', 'C:\\\\OSPanel\\\\home...', 21)
#2 C:\\OSPanel\\home\\guitar_prog1\\vendor\\laravel\\framework\\src\\Illuminate\\Filesystem\\Filesystem.php(123): require('C:\\\\OSPanel\\\\home...')
#3 C:\\OSPanel\\home\\guitar_prog1\\vendor\\laravel\\framework\\src\\Illuminate\\Filesystem\\Filesystem.php(124): Illuminate\\Filesystem\\Filesystem::Illuminate\\Filesystem\\{closure}()
#4 C:\\OSPanel\\home\\guitar_prog1\\vendor\\laravel\\framework\\src\\Illuminate\\View\\Engines\\PhpEngine.php(58): Illuminate\\Filesystem\\Filesystem->getRequire('C:\\\\OSPanel\\\\home...', Array)
#5 C:\\OSPanel\\home\\guitar_prog1\\vendor\\livewire\\livewire\\src\\Mechanisms\\ExtendBlade\\ExtendedCompilerEngine.php(22): Illuminate\\View\\Engines\\PhpEngine->evaluatePath('C:\\\\OSPanel\\\\home...', Array)
#6 C:\\OSPanel\\home\\guitar_prog1\\vendor\\laravel\\framework\\src\\Illuminate\\View\\Engines\\CompilerEngine.php(75): Livewire\\Mechanisms\\ExtendBlade\\ExtendedCompilerEngine->evaluatePath('C:\\\\OSPanel\\\\home...', Array)
#7 C:\\OSPanel\\home\\guitar_prog1\\vendor\\livewire\\livewire\\src\\Mechanisms\\ExtendBlade\\ExtendedCompilerEngine.php(10): Illuminate\\View\\Engines\\CompilerEngine->get('C:\\\\OSPanel\\\\home...', Array)
#8 C:\\OSPanel\\home\\guitar_prog1\\vendor\\laravel\\framework\\src\\Illuminate\\View\\View.php(209): Livewire\\Mechanisms\\ExtendBlade\\ExtendedCompilerEngine->get('C:\\\\OSPanel\\\\home...', Array)
#9 C:\\OSPanel\\home\\guitar_prog1\\vendor\\laravel\\framework\\src\\Illuminate\\View\\View.php(192): Illuminate\\View\\View->getContents()
#10 C:\\OSPanel\\home\\guitar_prog1\\vendor\\laravel\\framework\\src\\Illuminate\\View\\View.php(161): Illuminate\\View\\View->renderContents()
#11 C:\\OSPanel\\home\\guitar_prog1\\vendor\\laravel\\framework\\src\\Illuminate\\Http\\Response.php(79): Illuminate\\View\\View->render()
#12 C:\\OSPanel\\home\\guitar_prog1\\vendor\\laravel\\framework\\src\\Illuminate\\Http\\Response.php(35): Illuminate\\Http\\Response->setContent(Object(Illuminate\\View\\View))
#13 C:\\OSPanel\\home\\guitar_prog1\\vendor\\laravel\\framework\\src\\Illuminate\\Routing\\Router.php(920): Illuminate\\Http\\Response->__construct(Object(Illuminate\\View\\View), 200, Array)
#14 C:\\OSPanel\\home\\guitar_prog1\\vendor\\laravel\\framework\\src\\Illuminate\\Routing\\Router.php(887): Illuminate\\Routing\\Router::toResponse(Object(Illuminate\\Http\\Request), Object(Illuminate\\View\\View))
#15 C:\\OSPanel\\home\\guitar_prog1\\vendor\\laravel\\framework\\src\\Illuminate\\Routing\\Router.php(807): Illuminate\\Routing\\Router->prepareResponse(Object(Illuminate\\Http\\Request), Object(Illuminate\\View\\View))
#16 C:\\OSPanel\\home\\guitar_prog1\\vendor\\laravel\\framework\\src\\Illuminate\\Pipeline\\Pipeline.php(170): Illuminate\\Routing\\Router->Illuminate\\Routing\\{closure}(Object(Illuminate\\Http\\Request))
#17 C:\\OSPanel\\home\\guitar_prog1\\vendor\\laravel\\framework\\src\\Illuminate\\Routing\\Middleware\\SubstituteBindings.php(51): Illuminate\\Pipeline\\Pipeline->Illuminate\\Pipeline\\{closure}(Object(Illuminate\\Http\\Request))
#18 C:\\OSPanel\\home\\guitar_prog1\\vendor\\laravel\\framework\\src\\Illuminate\\Pipeline\\Pipeline.php(209): Illuminate\\Routing\\Middleware\\SubstituteBindings->handle(Object(Illuminate\\Http\\Request), Object(Closure))
#19 C:\\OSPanel\\home\\guitar_prog1\\vendor\\laravel\\framework\\src\\Illuminate\\Foundation\\Http\\Middleware\\VerifyCsrfToken.php(88): Illuminate\\Pipeline\\Pipeline->Illuminate\\Pipeline\\{closure}(Object(Illuminate\\Http\\Request))
#20 C:\\OSPanel\\home\\guitar_prog1\\vendor\\laravel\\framework\\src\\Illuminate\\Pipeline\\Pipeline.php(209): Illuminate\\Foundation\\Http\\Middleware\\VerifyCsrfToken->handle(Object(Illuminate\\Http\\Request), Object(Closure))
#21 C:\\OSPanel\\home\\guitar_prog1\\vendor\\laravel\\framework\\src\\Illuminate\\View\\Middleware\\ShareErrorsFromSession.php(49): Illuminate\\Pipeline\\Pipeline->Illuminate\\Pipeline\\{closure}(Object(Illuminate\\Http\\Request))
#22 C:\\OSPanel\\home\\guitar_prog1\\vendor\\laravel\\framework\\src\\Illuminate\\Pipeline\\Pipeline.php(209): Illuminate\\View\\Middleware\\ShareErrorsFromSession->handle(Object(Illuminate\\Http\\Request), Object(Closure))
#23 C:\\OSPanel\\home\\guitar_prog1\\vendor\\laravel\\framework\\src\\Illuminate\\Session\\Middleware\\StartSession.php(121): Illuminate\\Pipeline\\Pipeline->Illuminate\\Pipeline\\{closure}(Object(Illuminate\\Http\\Request))
#24 C:\\OSPanel\\home\\guitar_prog1\\vendor\\laravel\\framework\\src\\Illuminate\\Session\\Middleware\\StartSession.php(64): Illuminate\\Session\\Middleware\\StartSession->handleStatefulRequest(Object(Illuminate\\Http\\Request), Object(Illuminate\\Session\\Store), Object(Closure))
#25 C:\\OSPanel\\home\\guitar_prog1\\vendor\\laravel\\framework\\src\\Illuminate\\Pipeline\\Pipeline.php(209): Illuminate\\Session\\Middleware\\StartSession->handle(Object(Illuminate\\Http\\Request), Object(Closure))
#26 C:\\OSPanel\\home\\guitar_prog1\\vendor\\laravel\\framework\\src\\Illuminate\\Cookie\\Middleware\\AddQueuedCookiesToResponse.php(37): Illuminate\\Pipeline\\Pipeline->Illuminate\\Pipeline\\{closure}(Object(Illuminate\\Http\\Request))
#27 C:\\OSPanel\\home\\guitar_prog1\\vendor\\laravel\\framework\\src\\Illuminate\\Pipeline\\Pipeline.php(209): Illuminate\\Cookie\\Middleware\\AddQueuedCookiesToResponse->handle(Object(Illuminate\\Http\\Request), Object(Closure))
#28 C:\\OSPanel\\home\\guitar_prog1\\vendor\\laravel\\framework\\src\\Illuminate\\Cookie\\Middleware\\EncryptCookies.php(75): Illuminate\\Pipeline\\Pipeline->Illuminate\\Pipeline\\{closure}(Object(Illuminate\\Http\\Request))
#29 C:\\OSPanel\\home\\guitar_prog1\\vendor\\laravel\\framework\\src\\Illuminate\\Pipeline\\Pipeline.php(209): Illuminate\\Cookie\\Middleware\\EncryptCookies->handle(Object(Illuminate\\Http\\Request), Object(Closure))
#30 C:\\OSPanel\\home\\guitar_prog1\\vendor\\laravel\\framework\\src\\Illuminate\\Pipeline\\Pipeline.php(127): Illuminate\\Pipeline\\Pipeline->Illuminate\\Pipeline\\{closure}(Object(Illuminate\\Http\\Request))
#31 C:\\OSPanel\\home\\guitar_prog1\\vendor\\laravel\\framework\\src\\Illuminate\\Routing\\Router.php(807): Illuminate\\Pipeline\\Pipeline->then(Object(Closure))
#32 C:\\OSPanel\\home\\guitar_prog1\\vendor\\laravel\\framework\\src\\Illuminate\\Routing\\Router.php(786): Illuminate\\Routing\\Router->runRouteWithinStack(Object(Illuminate\\Routing\\Route), Object(Illuminate\\Http\\Request))
#33 C:\\OSPanel\\home\\guitar_prog1\\vendor\\laravel\\framework\\src\\Illuminate\\Routing\\Router.php(750): Illuminate\\Routing\\Router->runRoute(Object(Illuminate\\Http\\Request), Object(Illuminate\\Routing\\Route))
#34 C:\\OSPanel\\home\\guitar_prog1\\vendor\\laravel\\framework\\src\\Illuminate\\Routing\\Router.php(739): Illuminate\\Routing\\Router->dispatchToRoute(Object(Illuminate\\Http\\Request))
#35 C:\\OSPanel\\home\\guitar_prog1\\vendor\\laravel\\framework\\src\\Illuminate\\Foundation\\Http\\Kernel.php(201): Illuminate\\Routing\\Router->dispatch(Object(Illuminate\\Http\\Request))
#36 C:\\OSPanel\\home\\guitar_prog1\\vendor\\laravel\\framework\\src\\Illuminate\\Pipeline\\Pipeline.php(170): Illuminate\\Foundation\\Http\\Kernel->Illuminate\\Foundation\\Http\\{closure}(Object(Illuminate\\Http\\Request))
#37 C:\\OSPanel\\home\\guitar_prog1\\vendor\\livewire\\livewire\\src\\Features\\SupportDisablingBackButtonCache\\DisableBackButtonCacheMiddleware.php(19): Illuminate\\Pipeline\\Pipeline->Illuminate\\Pipeline\\{closure}(Object(Illuminate\\Http\\Request))
#38 C:\\OSPanel\\home\\guitar_prog1\\vendor\\laravel\\framework\\src\\Illuminate\\Pipeline\\Pipeline.php(209): Livewire\\Features\\SupportDisablingBackButtonCache\\DisableBackButtonCacheMiddleware->handle(Object(Illuminate\\Http\\Request), Object(Closure))
#39 C:\\OSPanel\\home\\guitar_prog1\\vendor\\laravel\\framework\\src\\Illuminate\\Foundation\\Http\\Middleware\\TransformsRequest.php(21): Illuminate\\Pipeline\\Pipeline->Illuminate\\Pipeline\\{closure}(Object(Illuminate\\Http\\Request))
#40 C:\\OSPanel\\home\\guitar_prog1\\vendor\\laravel\\framework\\src\\Illuminate\\Foundation\\Http\\Middleware\\ConvertEmptyStringsToNull.php(31): Illuminate\\Foundation\\Http\\Middleware\\TransformsRequest->handle(Object(Illuminate\\Http\\Request), Object(Closure))
#41 C:\\OSPanel\\home\\guitar_prog1\\vendor\\laravel\\framework\\src\\Illuminate\\Pipeline\\Pipeline.php(209): Illuminate\\Foundation\\Http\\Middleware\\ConvertEmptyStringsToNull->handle(Object(Illuminate\\Http\\Request), Object(Closure))
#42 C:\\OSPanel\\home\\guitar_prog1\\vendor\\laravel\\framework\\src\\Illuminate\\Foundation\\Http\\Middleware\\TransformsRequest.php(21): Illuminate\\Pipeline\\Pipeline->Illuminate\\Pipeline\\{closure}(Object(Illuminate\\Http\\Request))
#43 C:\\OSPanel\\home\\guitar_prog1\\vendor\\laravel\\framework\\src\\Illuminate\\Foundation\\Http\\Middleware\\TrimStrings.php(51): Illuminate\\Foundation\\Http\\Middleware\\TransformsRequest->handle(Object(Illuminate\\Http\\Request), Object(Closure))
#44 C:\\OSPanel\\home\\guitar_prog1\\vendor\\laravel\\framework\\src\\Illuminate\\Pipeline\\Pipeline.php(209): Illuminate\\Foundation\\Http\\Middleware\\TrimStrings->handle(Object(Illuminate\\Http\\Request), Object(Closure))
#45 C:\\OSPanel\\home\\guitar_prog1\\vendor\\laravel\\framework\\src\\Illuminate\\Http\\Middleware\\ValidatePostSize.php(27): Illuminate\\Pipeline\\Pipeline->Illuminate\\Pipeline\\{closure}(Object(Illuminate\\Http\\Request))
#46 C:\\OSPanel\\home\\guitar_prog1\\vendor\\laravel\\framework\\src\\Illuminate\\Pipeline\\Pipeline.php(209): Illuminate\\Http\\Middleware\\ValidatePostSize->handle(Object(Illuminate\\Http\\Request), Object(Closure))
#47 C:\\OSPanel\\home\\guitar_prog1\\vendor\\laravel\\framework\\src\\Illuminate\\Foundation\\Http\\Middleware\\PreventRequestsDuringMaintenance.php(110): Illuminate\\Pipeline\\Pipeline->Illuminate\\Pipeline\\{closure}(Object(Illuminate\\Http\\Request))
#48 C:\\OSPanel\\home\\guitar_prog1\\vendor\\laravel\\framework\\src\\Illuminate\\Pipeline\\Pipeline.php(209): Illuminate\\Foundation\\Http\\Middleware\\PreventRequestsDuringMaintenance->handle(Object(Illuminate\\Http\\Request), Object(Closure))
#49 C:\\OSPanel\\home\\guitar_prog1\\vendor\\laravel\\framework\\src\\Illuminate\\Http\\Middleware\\HandleCors.php(49): Illuminate\\Pipeline\\Pipeline->Illuminate\\Pipeline\\{closure}(Object(Illuminate\\Http\\Request))
#50 C:\\OSPanel\\home\\guitar_prog1\\vendor\\laravel\\framework\\src\\Illuminate\\Pipeline\\Pipeline.php(209): Illuminate\\Http\\Middleware\\HandleCors->handle(Object(Illuminate\\Http\\Request), Object(Closure))
#51 C:\\OSPanel\\home\\guitar_prog1\\vendor\\laravel\\framework\\src\\Illuminate\\Http\\Middleware\\TrustProxies.php(58): Illuminate\\Pipeline\\Pipeline->Illuminate\\Pipeline\\{closure}(Object(Illuminate\\Http\\Request))
#52 C:\\OSPanel\\home\\guitar_prog1\\vendor\\laravel\\framework\\src\\Illuminate\\Pipeline\\Pipeline.php(209): Illuminate\\Http\\Middleware\\TrustProxies->handle(Object(Illuminate\\Http\\Request), Object(Closure))
#53 C:\\OSPanel\\home\\guitar_prog1\\vendor\\laravel\\framework\\src\\Illuminate\\Foundation\\Http\\Middleware\\InvokeDeferredCallbacks.php(22): Illuminate\\Pipeline\\Pipeline->Illuminate\\Pipeline\\{closure}(Object(Illuminate\\Http\\Request))
#54 C:\\OSPanel\\home\\guitar_prog1\\vendor\\laravel\\framework\\src\\Illuminate\\Pipeline\\Pipeline.php(209): Illuminate\\Foundation\\Http\\Middleware\\InvokeDeferredCallbacks->handle(Object(Illuminate\\Http\\Request), Object(Closure))
#55 C:\\OSPanel\\home\\guitar_prog1\\vendor\\laravel\\framework\\src\\Illuminate\\Http\\Middleware\\ValidatePathEncoding.php(26): Illuminate\\Pipeline\\Pipeline->Illuminate\\Pipeline\\{closure}(Object(Illuminate\\Http\\Request))
#56 C:\\OSPanel\\home\\guitar_prog1\\vendor\\laravel\\framework\\src\\Illuminate\\Pipeline\\Pipeline.php(209): Illuminate\\Http\\Middleware\\ValidatePathEncoding->handle(Object(Illuminate\\Http\\Request), Object(Closure))
#57 C:\\OSPanel\\home\\guitar_prog1\\vendor\\laravel\\framework\\src\\Illuminate\\Pipeline\\Pipeline.php(127): Illuminate\\Pipeline\\Pipeline->Illuminate\\Pipeline\\{closure}(Object(Illuminate\\Http\\Request))
#58 C:\\OSPanel\\home\\guitar_prog1\\vendor\\laravel\\framework\\src\\Illuminate\\Foundation\\Http\\Kernel.php(176): Illuminate\\Pipeline\\Pipeline->then(Object(Closure))
#59 C:\\OSPanel\\home\\guitar_prog1\\vendor\\laravel\\framework\\src\\Illuminate\\Foundation\\Http\\Kernel.php(145): Illuminate\\Foundation\\Http\\Kernel->sendRequestThroughRouter(Object(Illuminate\\Http\\Request))
#60 C:\\OSPanel\\home\\guitar_prog1\\vendor\\laravel\\framework\\src\\Illuminate\\Foundation\\Application.php(1220): Illuminate\\Foundation\\Http\\Kernel->handle(Object(Illuminate\\Http\\Request))
#61 C:\\OSPanel\\home\\guitar_prog1\\public\\index.php(20): Illuminate\\Foundation\\Application->handleRequest(Object(Illuminate\\Http\\Request))
#62 C:\\OSPanel\\home\\guitar_prog1\\vendor\\laravel\\framework\\src\\Illuminate\\Foundation\\resources\\server.php(23): require_once('C:\\\\OSPanel\\\\home...')
#63 {main}
"} 
[2025-05-01 23:40:40] local.ERROR: Undefined variable $popularProducts (View: C:\OSPanel\home\guitar_prog1\resources\views\products\index.blade.php) {"userId":2,"exception":"[object] (Illuminate\\View\\ViewException(code: 0): Undefined variable $popularProducts (View: C:\\OSPanel\\home\\guitar_prog1\\resources\\views\\products\\index.blade.php) at C:\\OSPanel\\home\\guitar_prog1\\storage\\framework\\views\\dd2b5aedd34c2b6b7daa78c17fdb74a1.php:21)
[stacktrace]
#0 C:\\OSPanel\\home\\guitar_prog1\\vendor\\livewire\\livewire\\src\\Mechanisms\\ExtendBlade\\ExtendedCompilerEngine.php(58): Illuminate\\View\\Engines\\CompilerEngine->handleViewException(Object(ErrorException), 1)
#1 C:\\OSPanel\\home\\guitar_prog1\\vendor\\laravel\\framework\\src\\Illuminate\\View\\Engines\\PhpEngine.php(60): Livewire\\Mechanisms\\ExtendBlade\\ExtendedCompilerEngine->handleViewException(Object(ErrorException), 1)
#2 C:\\OSPanel\\home\\guitar_prog1\\vendor\\livewire\\livewire\\src\\Mechanisms\\ExtendBlade\\ExtendedCompilerEngine.php(22): Illuminate\\View\\Engines\\PhpEngine->evaluatePath('C:\\\\OSPanel\\\\home...', Array)
#3 C:\\OSPanel\\home\\guitar_prog1\\vendor\\laravel\\framework\\src\\Illuminate\\View\\Engines\\CompilerEngine.php(75): Livewire\\Mechanisms\\ExtendBlade\\ExtendedCompilerEngine->evaluatePath('C:\\\\OSPanel\\\\home...', Array)
#4 C:\\OSPanel\\home\\guitar_prog1\\vendor\\livewire\\livewire\\src\\Mechanisms\\ExtendBlade\\ExtendedCompilerEngine.php(10): Illuminate\\View\\Engines\\CompilerEngine->get('C:\\\\OSPanel\\\\home...', Array)
#5 C:\\OSPanel\\home\\guitar_prog1\\vendor\\laravel\\framework\\src\\Illuminate\\View\\View.php(209): Livewire\\Mechanisms\\ExtendBlade\\ExtendedCompilerEngine->get('C:\\\\OSPanel\\\\home...', Array)
#6 C:\\OSPanel\\home\\guitar_prog1\\vendor\\laravel\\framework\\src\\Illuminate\\View\\View.php(192): Illuminate\\View\\View->getContents()
#7 C:\\OSPanel\\home\\guitar_prog1\\vendor\\laravel\\framework\\src\\Illuminate\\View\\View.php(161): Illuminate\\View\\View->renderContents()
#8 C:\\OSPanel\\home\\guitar_prog1\\vendor\\laravel\\framework\\src\\Illuminate\\Http\\Response.php(79): Illuminate\\View\\View->render()
#9 C:\\OSPanel\\home\\guitar_prog1\\vendor\\laravel\\framework\\src\\Illuminate\\Http\\Response.php(35): Illuminate\\Http\\Response->setContent(Object(Illuminate\\View\\View))
#10 C:\\OSPanel\\home\\guitar_prog1\\vendor\\laravel\\framework\\src\\Illuminate\\Routing\\Router.php(920): Illuminate\\Http\\Response->__construct(Object(Illuminate\\View\\View), 200, Array)
#11 C:\\OSPanel\\home\\guitar_prog1\\vendor\\laravel\\framework\\src\\Illuminate\\Routing\\Router.php(887): Illuminate\\Routing\\Router::toResponse(Object(Illuminate\\Http\\Request), Object(Illuminate\\View\\View))
#12 C:\\OSPanel\\home\\guitar_prog1\\vendor\\laravel\\framework\\src\\Illuminate\\Routing\\Router.php(807): Illuminate\\Routing\\Router->prepareResponse(Object(Illuminate\\Http\\Request), Object(Illuminate\\View\\View))
#13 C:\\OSPanel\\home\\guitar_prog1\\vendor\\laravel\\framework\\src\\Illuminate\\Pipeline\\Pipeline.php(170): Illuminate\\Routing\\Router->Illuminate\\Routing\\{closure}(Object(Illuminate\\Http\\Request))
#14 C:\\OSPanel\\home\\guitar_prog1\\vendor\\laravel\\framework\\src\\Illuminate\\Routing\\Middleware\\SubstituteBindings.php(51): Illuminate\\Pipeline\\Pipeline->Illuminate\\Pipeline\\{closure}(Object(Illuminate\\Http\\Request))
#15 C:\\OSPanel\\home\\guitar_prog1\\vendor\\laravel\\framework\\src\\Illuminate\\Pipeline\\Pipeline.php(209): Illuminate\\Routing\\Middleware\\SubstituteBindings->handle(Object(Illuminate\\Http\\Request), Object(Closure))
#16 C:\\OSPanel\\home\\guitar_prog1\\vendor\\laravel\\framework\\src\\Illuminate\\Foundation\\Http\\Middleware\\VerifyCsrfToken.php(88): Illuminate\\Pipeline\\Pipeline->Illuminate\\Pipeline\\{closure}(Object(Illuminate\\Http\\Request))
#17 C:\\OSPanel\\home\\guitar_prog1\\vendor\\laravel\\framework\\src\\Illuminate\\Pipeline\\Pipeline.php(209): Illuminate\\Foundation\\Http\\Middleware\\VerifyCsrfToken->handle(Object(Illuminate\\Http\\Request), Object(Closure))
#18 C:\\OSPanel\\home\\guitar_prog1\\vendor\\laravel\\framework\\src\\Illuminate\\View\\Middleware\\ShareErrorsFromSession.php(49): Illuminate\\Pipeline\\Pipeline->Illuminate\\Pipeline\\{closure}(Object(Illuminate\\Http\\Request))
#19 C:\\OSPanel\\home\\guitar_prog1\\vendor\\laravel\\framework\\src\\Illuminate\\Pipeline\\Pipeline.php(209): Illuminate\\View\\Middleware\\ShareErrorsFromSession->handle(Object(Illuminate\\Http\\Request), Object(Closure))
#20 C:\\OSPanel\\home\\guitar_prog1\\vendor\\laravel\\framework\\src\\Illuminate\\Session\\Middleware\\StartSession.php(121): Illuminate\\Pipeline\\Pipeline->Illuminate\\Pipeline\\{closure}(Object(Illuminate\\Http\\Request))
#21 C:\\OSPanel\\home\\guitar_prog1\\vendor\\laravel\\framework\\src\\Illuminate\\Session\\Middleware\\StartSession.php(64): Illuminate\\Session\\Middleware\\StartSession->handleStatefulRequest(Object(Illuminate\\Http\\Request), Object(Illuminate\\Session\\Store), Object(Closure))
#22 C:\\OSPanel\\home\\guitar_prog1\\vendor\\laravel\\framework\\src\\Illuminate\\Pipeline\\Pipeline.php(209): Illuminate\\Session\\Middleware\\StartSession->handle(Object(Illuminate\\Http\\Request), Object(Closure))
#23 C:\\OSPanel\\home\\guitar_prog1\\vendor\\laravel\\framework\\src\\Illuminate\\Cookie\\Middleware\\AddQueuedCookiesToResponse.php(37): Illuminate\\Pipeline\\Pipeline->Illuminate\\Pipeline\\{closure}(Object(Illuminate\\Http\\Request))
#24 C:\\OSPanel\\home\\guitar_prog1\\vendor\\laravel\\framework\\src\\Illuminate\\Pipeline\\Pipeline.php(209): Illuminate\\Cookie\\Middleware\\AddQueuedCookiesToResponse->handle(Object(Illuminate\\Http\\Request), Object(Closure))
#25 C:\\OSPanel\\home\\guitar_prog1\\vendor\\laravel\\framework\\src\\Illuminate\\Cookie\\Middleware\\EncryptCookies.php(75): Illuminate\\Pipeline\\Pipeline->Illuminate\\Pipeline\\{closure}(Object(Illuminate\\Http\\Request))
#26 C:\\OSPanel\\home\\guitar_prog1\\vendor\\laravel\\framework\\src\\Illuminate\\Pipeline\\Pipeline.php(209): Illuminate\\Cookie\\Middleware\\EncryptCookies->handle(Object(Illuminate\\Http\\Request), Object(Closure))
#27 C:\\OSPanel\\home\\guitar_prog1\\vendor\\laravel\\framework\\src\\Illuminate\\Pipeline\\Pipeline.php(127): Illuminate\\Pipeline\\Pipeline->Illuminate\\Pipeline\\{closure}(Object(Illuminate\\Http\\Request))
#28 C:\\OSPanel\\home\\guitar_prog1\\vendor\\laravel\\framework\\src\\Illuminate\\Routing\\Router.php(807): Illuminate\\Pipeline\\Pipeline->then(Object(Closure))
#29 C:\\OSPanel\\home\\guitar_prog1\\vendor\\laravel\\framework\\src\\Illuminate\\Routing\\Router.php(786): Illuminate\\Routing\\Router->runRouteWithinStack(Object(Illuminate\\Routing\\Route), Object(Illuminate\\Http\\Request))
#30 C:\\OSPanel\\home\\guitar_prog1\\vendor\\laravel\\framework\\src\\Illuminate\\Routing\\Router.php(750): Illuminate\\Routing\\Router->runRoute(Object(Illuminate\\Http\\Request), Object(Illuminate\\Routing\\Route))
#31 C:\\OSPanel\\home\\guitar_prog1\\vendor\\laravel\\framework\\src\\Illuminate\\Routing\\Router.php(739): Illuminate\\Routing\\Router->dispatchToRoute(Object(Illuminate\\Http\\Request))
#32 C:\\OSPanel\\home\\guitar_prog1\\vendor\\laravel\\framework\\src\\Illuminate\\Foundation\\Http\\Kernel.php(201): Illuminate\\Routing\\Router->dispatch(Object(Illuminate\\Http\\Request))
#33 C:\\OSPanel\\home\\guitar_prog1\\vendor\\laravel\\framework\\src\\Illuminate\\Pipeline\\Pipeline.php(170): Illuminate\\Foundation\\Http\\Kernel->Illuminate\\Foundation\\Http\\{closure}(Object(Illuminate\\Http\\Request))
#34 C:\\OSPanel\\home\\guitar_prog1\\vendor\\livewire\\livewire\\src\\Features\\SupportDisablingBackButtonCache\\DisableBackButtonCacheMiddleware.php(19): Illuminate\\Pipeline\\Pipeline->Illuminate\\Pipeline\\{closure}(Object(Illuminate\\Http\\Request))
#35 C:\\OSPanel\\home\\guitar_prog1\\vendor\\laravel\\framework\\src\\Illuminate\\Pipeline\\Pipeline.php(209): Livewire\\Features\\SupportDisablingBackButtonCache\\DisableBackButtonCacheMiddleware->handle(Object(Illuminate\\Http\\Request), Object(Closure))
#36 C:\\OSPanel\\home\\guitar_prog1\\vendor\\laravel\\framework\\src\\Illuminate\\Foundation\\Http\\Middleware\\TransformsRequest.php(21): Illuminate\\Pipeline\\Pipeline->Illuminate\\Pipeline\\{closure}(Object(Illuminate\\Http\\Request))
#37 C:\\OSPanel\\home\\guitar_prog1\\vendor\\laravel\\framework\\src\\Illuminate\\Foundation\\Http\\Middleware\\ConvertEmptyStringsToNull.php(31): Illuminate\\Foundation\\Http\\Middleware\\TransformsRequest->handle(Object(Illuminate\\Http\\Request), Object(Closure))
#38 C:\\OSPanel\\home\\guitar_prog1\\vendor\\laravel\\framework\\src\\Illuminate\\Pipeline\\Pipeline.php(209): Illuminate\\Foundation\\Http\\Middleware\\ConvertEmptyStringsToNull->handle(Object(Illuminate\\Http\\Request), Object(Closure))
#39 C:\\OSPanel\\home\\guitar_prog1\\vendor\\laravel\\framework\\src\\Illuminate\\Foundation\\Http\\Middleware\\TransformsRequest.php(21): Illuminate\\Pipeline\\Pipeline->Illuminate\\Pipeline\\{closure}(Object(Illuminate\\Http\\Request))
#40 C:\\OSPanel\\home\\guitar_prog1\\vendor\\laravel\\framework\\src\\Illuminate\\Foundation\\Http\\Middleware\\TrimStrings.php(51): Illuminate\\Foundation\\Http\\Middleware\\TransformsRequest->handle(Object(Illuminate\\Http\\Request), Object(Closure))
#41 C:\\OSPanel\\home\\guitar_prog1\\vendor\\laravel\\framework\\src\\Illuminate\\Pipeline\\Pipeline.php(209): Illuminate\\Foundation\\Http\\Middleware\\TrimStrings->handle(Object(Illuminate\\Http\\Request), Object(Closure))
#42 C:\\OSPanel\\home\\guitar_prog1\\vendor\\laravel\\framework\\src\\Illuminate\\Http\\Middleware\\ValidatePostSize.php(27): Illuminate\\Pipeline\\Pipeline->Illuminate\\Pipeline\\{closure}(Object(Illuminate\\Http\\Request))
#43 C:\\OSPanel\\home\\guitar_prog1\\vendor\\laravel\\framework\\src\\Illuminate\\Pipeline\\Pipeline.php(209): Illuminate\\Http\\Middleware\\ValidatePostSize->handle(Object(Illuminate\\Http\\Request), Object(Closure))
#44 C:\\OSPanel\\home\\guitar_prog1\\vendor\\laravel\\framework\\src\\Illuminate\\Foundation\\Http\\Middleware\\PreventRequestsDuringMaintenance.php(110): Illuminate\\Pipeline\\Pipeline->Illuminate\\Pipeline\\{closure}(Object(Illuminate\\Http\\Request))
#45 C:\\OSPanel\\home\\guitar_prog1\\vendor\\laravel\\framework\\src\\Illuminate\\Pipeline\\Pipeline.php(209): Illuminate\\Foundation\\Http\\Middleware\\PreventRequestsDuringMaintenance->handle(Object(Illuminate\\Http\\Request), Object(Closure))
#46 C:\\OSPanel\\home\\guitar_prog1\\vendor\\laravel\\framework\\src\\Illuminate\\Http\\Middleware\\HandleCors.php(49): Illuminate\\Pipeline\\Pipeline->Illuminate\\Pipeline\\{closure}(Object(Illuminate\\Http\\Request))
#47 C:\\OSPanel\\home\\guitar_prog1\\vendor\\laravel\\framework\\src\\Illuminate\\Pipeline\\Pipeline.php(209): Illuminate\\Http\\Middleware\\HandleCors->handle(Object(Illuminate\\Http\\Request), Object(Closure))
#48 C:\\OSPanel\\home\\guitar_prog1\\vendor\\laravel\\framework\\src\\Illuminate\\Http\\Middleware\\TrustProxies.php(58): Illuminate\\Pipeline\\Pipeline->Illuminate\\Pipeline\\{closure}(Object(Illuminate\\Http\\Request))
#49 C:\\OSPanel\\home\\guitar_prog1\\vendor\\laravel\\framework\\src\\Illuminate\\Pipeline\\Pipeline.php(209): Illuminate\\Http\\Middleware\\TrustProxies->handle(Object(Illuminate\\Http\\Request), Object(Closure))
#50 C:\\OSPanel\\home\\guitar_prog1\\vendor\\laravel\\framework\\src\\Illuminate\\Foundation\\Http\\Middleware\\InvokeDeferredCallbacks.php(22): Illuminate\\Pipeline\\Pipeline->Illuminate\\Pipeline\\{closure}(Object(Illuminate\\Http\\Request))
#51 C:\\OSPanel\\home\\guitar_prog1\\vendor\\laravel\\framework\\src\\Illuminate\\Pipeline\\Pipeline.php(209): Illuminate\\Foundation\\Http\\Middleware\\InvokeDeferredCallbacks->handle(Object(Illuminate\\Http\\Request), Object(Closure))
#52 C:\\OSPanel\\home\\guitar_prog1\\vendor\\laravel\\framework\\src\\Illuminate\\Http\\Middleware\\ValidatePathEncoding.php(26): Illuminate\\Pipeline\\Pipeline->Illuminate\\Pipeline\\{closure}(Object(Illuminate\\Http\\Request))
#53 C:\\OSPanel\\home\\guitar_prog1\\vendor\\laravel\\framework\\src\\Illuminate\\Pipeline\\Pipeline.php(209): Illuminate\\Http\\Middleware\\ValidatePathEncoding->handle(Object(Illuminate\\Http\\Request), Object(Closure))
#54 C:\\OSPanel\\home\\guitar_prog1\\vendor\\laravel\\framework\\src\\Illuminate\\Pipeline\\Pipeline.php(127): Illuminate\\Pipeline\\Pipeline->Illuminate\\Pipeline\\{closure}(Object(Illuminate\\Http\\Request))
#55 C:\\OSPanel\\home\\guitar_prog1\\vendor\\laravel\\framework\\src\\Illuminate\\Foundation\\Http\\Kernel.php(176): Illuminate\\Pipeline\\Pipeline->then(Object(Closure))
#56 C:\\OSPanel\\home\\guitar_prog1\\vendor\\laravel\\framework\\src\\Illuminate\\Foundation\\Http\\Kernel.php(145): Illuminate\\Foundation\\Http\\Kernel->sendRequestThroughRouter(Object(Illuminate\\Http\\Request))
#57 C:\\OSPanel\\home\\guitar_prog1\\vendor\\laravel\\framework\\src\\Illuminate\\Foundation\\Application.php(1220): Illuminate\\Foundation\\Http\\Kernel->handle(Object(Illuminate\\Http\\Request))
#58 C:\\OSPanel\\home\\guitar_prog1\\public\\index.php(20): Illuminate\\Foundation\\Application->handleRequest(Object(Illuminate\\Http\\Request))
#59 C:\\OSPanel\\home\\guitar_prog1\\vendor\\laravel\\framework\\src\\Illuminate\\Foundation\\resources\\server.php(23): require_once('C:\\\\OSPanel\\\\home...')
#60 {main}

[previous exception] [object] (ErrorException(code: 0): Undefined variable $popularProducts at C:\\OSPanel\\home\\guitar_prog1\\storage\\framework\\views\\dd2b5aedd34c2b6b7daa78c17fdb74a1.php:21)
[stacktrace]
#0 C:\\OSPanel\\home\\guitar_prog1\\vendor\\laravel\\framework\\src\\Illuminate\\Foundation\\Bootstrap\\HandleExceptions.php(256): Illuminate\\Foundation\\Bootstrap\\HandleExceptions->handleError(2, 'Undefined varia...', 'C:\\\\OSPanel\\\\home...', 21)
#1 C:\\OSPanel\\home\\guitar_prog1\\storage\\framework\\views\\dd2b5aedd34c2b6b7daa78c17fdb74a1.php(21): Illuminate\\Foundation\\Bootstrap\\HandleExceptions->Illuminate\\Foundation\\Bootstrap\\{closure}(2, 'Undefined varia...', 'C:\\\\OSPanel\\\\home...', 21)
#2 C:\\OSPanel\\home\\guitar_prog1\\vendor\\laravel\\framework\\src\\Illuminate\\Filesystem\\Filesystem.php(123): require('C:\\\\OSPanel\\\\home...')
#3 C:\\OSPanel\\home\\guitar_prog1\\vendor\\laravel\\framework\\src\\Illuminate\\Filesystem\\Filesystem.php(124): Illuminate\\Filesystem\\Filesystem::Illuminate\\Filesystem\\{closure}()
#4 C:\\OSPanel\\home\\guitar_prog1\\vendor\\laravel\\framework\\src\\Illuminate\\View\\Engines\\PhpEngine.php(58): Illuminate\\Filesystem\\Filesystem->getRequire('C:\\\\OSPanel\\\\home...', Array)
#5 C:\\OSPanel\\home\\guitar_prog1\\vendor\\livewire\\livewire\\src\\Mechanisms\\ExtendBlade\\ExtendedCompilerEngine.php(22): Illuminate\\View\\Engines\\PhpEngine->evaluatePath('C:\\\\OSPanel\\\\home...', Array)
#6 C:\\OSPanel\\home\\guitar_prog1\\vendor\\laravel\\framework\\src\\Illuminate\\View\\Engines\\CompilerEngine.php(75): Livewire\\Mechanisms\\ExtendBlade\\ExtendedCompilerEngine->evaluatePath('C:\\\\OSPanel\\\\home...', Array)
#7 C:\\OSPanel\\home\\guitar_prog1\\vendor\\livewire\\livewire\\src\\Mechanisms\\ExtendBlade\\ExtendedCompilerEngine.php(10): Illuminate\\View\\Engines\\CompilerEngine->get('C:\\\\OSPanel\\\\home...', Array)
#8 C:\\OSPanel\\home\\guitar_prog1\\vendor\\laravel\\framework\\src\\Illuminate\\View\\View.php(209): Livewire\\Mechanisms\\ExtendBlade\\ExtendedCompilerEngine->get('C:\\\\OSPanel\\\\home...', Array)
#9 C:\\OSPanel\\home\\guitar_prog1\\vendor\\laravel\\framework\\src\\Illuminate\\View\\View.php(192): Illuminate\\View\\View->getContents()
#10 C:\\OSPanel\\home\\guitar_prog1\\vendor\\laravel\\framework\\src\\Illuminate\\View\\View.php(161): Illuminate\\View\\View->renderContents()
#11 C:\\OSPanel\\home\\guitar_prog1\\vendor\\laravel\\framework\\src\\Illuminate\\Http\\Response.php(79): Illuminate\\View\\View->render()
#12 C:\\OSPanel\\home\\guitar_prog1\\vendor\\laravel\\framework\\src\\Illuminate\\Http\\Response.php(35): Illuminate\\Http\\Response->setContent(Object(Illuminate\\View\\View))
#13 C:\\OSPanel\\home\\guitar_prog1\\vendor\\laravel\\framework\\src\\Illuminate\\Routing\\Router.php(920): Illuminate\\Http\\Response->__construct(Object(Illuminate\\View\\View), 200, Array)
#14 C:\\OSPanel\\home\\guitar_prog1\\vendor\\laravel\\framework\\src\\Illuminate\\Routing\\Router.php(887): Illuminate\\Routing\\Router::toResponse(Object(Illuminate\\Http\\Request), Object(Illuminate\\View\\View))
#15 C:\\OSPanel\\home\\guitar_prog1\\vendor\\laravel\\framework\\src\\Illuminate\\Routing\\Router.php(807): Illuminate\\Routing\\Router->prepareResponse(Object(Illuminate\\Http\\Request), Object(Illuminate\\View\\View))
#16 C:\\OSPanel\\home\\guitar_prog1\\vendor\\laravel\\framework\\src\\Illuminate\\Pipeline\\Pipeline.php(170): Illuminate\\Routing\\Router->Illuminate\\Routing\\{closure}(Object(Illuminate\\Http\\Request))
#17 C:\\OSPanel\\home\\guitar_prog1\\vendor\\laravel\\framework\\src\\Illuminate\\Routing\\Middleware\\SubstituteBindings.php(51): Illuminate\\Pipeline\\Pipeline->Illuminate\\Pipeline\\{closure}(Object(Illuminate\\Http\\Request))
#18 C:\\OSPanel\\home\\guitar_prog1\\vendor\\laravel\\framework\\src\\Illuminate\\Pipeline\\Pipeline.php(209): Illuminate\\Routing\\Middleware\\SubstituteBindings->handle(Object(Illuminate\\Http\\Request), Object(Closure))
#19 C:\\OSPanel\\home\\guitar_prog1\\vendor\\laravel\\framework\\src\\Illuminate\\Foundation\\Http\\Middleware\\VerifyCsrfToken.php(88): Illuminate\\Pipeline\\Pipeline->Illuminate\\Pipeline\\{closure}(Object(Illuminate\\Http\\Request))
#20 C:\\OSPanel\\home\\guitar_prog1\\vendor\\laravel\\framework\\src\\Illuminate\\Pipeline\\Pipeline.php(209): Illuminate\\Foundation\\Http\\Middleware\\VerifyCsrfToken->handle(Object(Illuminate\\Http\\Request), Object(Closure))
#21 C:\\OSPanel\\home\\guitar_prog1\\vendor\\laravel\\framework\\src\\Illuminate\\View\\Middleware\\ShareErrorsFromSession.php(49): Illuminate\\Pipeline\\Pipeline->Illuminate\\Pipeline\\{closure}(Object(Illuminate\\Http\\Request))
#22 C:\\OSPanel\\home\\guitar_prog1\\vendor\\laravel\\framework\\src\\Illuminate\\Pipeline\\Pipeline.php(209): Illuminate\\View\\Middleware\\ShareErrorsFromSession->handle(Object(Illuminate\\Http\\Request), Object(Closure))
#23 C:\\OSPanel\\home\\guitar_prog1\\vendor\\laravel\\framework\\src\\Illuminate\\Session\\Middleware\\StartSession.php(121): Illuminate\\Pipeline\\Pipeline->Illuminate\\Pipeline\\{closure}(Object(Illuminate\\Http\\Request))
#24 C:\\OSPanel\\home\\guitar_prog1\\vendor\\laravel\\framework\\src\\Illuminate\\Session\\Middleware\\StartSession.php(64): Illuminate\\Session\\Middleware\\StartSession->handleStatefulRequest(Object(Illuminate\\Http\\Request), Object(Illuminate\\Session\\Store), Object(Closure))
#25 C:\\OSPanel\\home\\guitar_prog1\\vendor\\laravel\\framework\\src\\Illuminate\\Pipeline\\Pipeline.php(209): Illuminate\\Session\\Middleware\\StartSession->handle(Object(Illuminate\\Http\\Request), Object(Closure))
#26 C:\\OSPanel\\home\\guitar_prog1\\vendor\\laravel\\framework\\src\\Illuminate\\Cookie\\Middleware\\AddQueuedCookiesToResponse.php(37): Illuminate\\Pipeline\\Pipeline->Illuminate\\Pipeline\\{closure}(Object(Illuminate\\Http\\Request))
#27 C:\\OSPanel\\home\\guitar_prog1\\vendor\\laravel\\framework\\src\\Illuminate\\Pipeline\\Pipeline.php(209): Illuminate\\Cookie\\Middleware\\AddQueuedCookiesToResponse->handle(Object(Illuminate\\Http\\Request), Object(Closure))
#28 C:\\OSPanel\\home\\guitar_prog1\\vendor\\laravel\\framework\\src\\Illuminate\\Cookie\\Middleware\\EncryptCookies.php(75): Illuminate\\Pipeline\\Pipeline->Illuminate\\Pipeline\\{closure}(Object(Illuminate\\Http\\Request))
#29 C:\\OSPanel\\home\\guitar_prog1\\vendor\\laravel\\framework\\src\\Illuminate\\Pipeline\\Pipeline.php(209): Illuminate\\Cookie\\Middleware\\EncryptCookies->handle(Object(Illuminate\\Http\\Request), Object(Closure))
#30 C:\\OSPanel\\home\\guitar_prog1\\vendor\\laravel\\framework\\src\\Illuminate\\Pipeline\\Pipeline.php(127): Illuminate\\Pipeline\\Pipeline->Illuminate\\Pipeline\\{closure}(Object(Illuminate\\Http\\Request))
#31 C:\\OSPanel\\home\\guitar_prog1\\vendor\\laravel\\framework\\src\\Illuminate\\Routing\\Router.php(807): Illuminate\\Pipeline\\Pipeline->then(Object(Closure))
#32 C:\\OSPanel\\home\\guitar_prog1\\vendor\\laravel\\framework\\src\\Illuminate\\Routing\\Router.php(786): Illuminate\\Routing\\Router->runRouteWithinStack(Object(Illuminate\\Routing\\Route), Object(Illuminate\\Http\\Request))
#33 C:\\OSPanel\\home\\guitar_prog1\\vendor\\laravel\\framework\\src\\Illuminate\\Routing\\Router.php(750): Illuminate\\Routing\\Router->runRoute(Object(Illuminate\\Http\\Request), Object(Illuminate\\Routing\\Route))
#34 C:\\OSPanel\\home\\guitar_prog1\\vendor\\laravel\\framework\\src\\Illuminate\\Routing\\Router.php(739): Illuminate\\Routing\\Router->dispatchToRoute(Object(Illuminate\\Http\\Request))
#35 C:\\OSPanel\\home\\guitar_prog1\\vendor\\laravel\\framework\\src\\Illuminate\\Foundation\\Http\\Kernel.php(201): Illuminate\\Routing\\Router->dispatch(Object(Illuminate\\Http\\Request))
#36 C:\\OSPanel\\home\\guitar_prog1\\vendor\\laravel\\framework\\src\\Illuminate\\Pipeline\\Pipeline.php(170): Illuminate\\Foundation\\Http\\Kernel->Illuminate\\Foundation\\Http\\{closure}(Object(Illuminate\\Http\\Request))
#37 C:\\OSPanel\\home\\guitar_prog1\\vendor\\livewire\\livewire\\src\\Features\\SupportDisablingBackButtonCache\\DisableBackButtonCacheMiddleware.php(19): Illuminate\\Pipeline\\Pipeline->Illuminate\\Pipeline\\{closure}(Object(Illuminate\\Http\\Request))
#38 C:\\OSPanel\\home\\guitar_prog1\\vendor\\laravel\\framework\\src\\Illuminate\\Pipeline\\Pipeline.php(209): Livewire\\Features\\SupportDisablingBackButtonCache\\DisableBackButtonCacheMiddleware->handle(Object(Illuminate\\Http\\Request), Object(Closure))
#39 C:\\OSPanel\\home\\guitar_prog1\\vendor\\laravel\\framework\\src\\Illuminate\\Foundation\\Http\\Middleware\\TransformsRequest.php(21): Illuminate\\Pipeline\\Pipeline->Illuminate\\Pipeline\\{closure}(Object(Illuminate\\Http\\Request))
#40 C:\\OSPanel\\home\\guitar_prog1\\vendor\\laravel\\framework\\src\\Illuminate\\Foundation\\Http\\Middleware\\ConvertEmptyStringsToNull.php(31): Illuminate\\Foundation\\Http\\Middleware\\TransformsRequest->handle(Object(Illuminate\\Http\\Request), Object(Closure))
#41 C:\\OSPanel\\home\\guitar_prog1\\vendor\\laravel\\framework\\src\\Illuminate\\Pipeline\\Pipeline.php(209): Illuminate\\Foundation\\Http\\Middleware\\ConvertEmptyStringsToNull->handle(Object(Illuminate\\Http\\Request), Object(Closure))
#42 C:\\OSPanel\\home\\guitar_prog1\\vendor\\laravel\\framework\\src\\Illuminate\\Foundation\\Http\\Middleware\\TransformsRequest.php(21): Illuminate\\Pipeline\\Pipeline->Illuminate\\Pipeline\\{closure}(Object(Illuminate\\Http\\Request))
#43 C:\\OSPanel\\home\\guitar_prog1\\vendor\\laravel\\framework\\src\\Illuminate\\Foundation\\Http\\Middleware\\TrimStrings.php(51): Illuminate\\Foundation\\Http\\Middleware\\TransformsRequest->handle(Object(Illuminate\\Http\\Request), Object(Closure))
#44 C:\\OSPanel\\home\\guitar_prog1\\vendor\\laravel\\framework\\src\\Illuminate\\Pipeline\\Pipeline.php(209): Illuminate\\Foundation\\Http\\Middleware\\TrimStrings->handle(Object(Illuminate\\Http\\Request), Object(Closure))
#45 C:\\OSPanel\\home\\guitar_prog1\\vendor\\laravel\\framework\\src\\Illuminate\\Http\\Middleware\\ValidatePostSize.php(27): Illuminate\\Pipeline\\Pipeline->Illuminate\\Pipeline\\{closure}(Object(Illuminate\\Http\\Request))
#46 C:\\OSPanel\\home\\guitar_prog1\\vendor\\laravel\\framework\\src\\Illuminate\\Pipeline\\Pipeline.php(209): Illuminate\\Http\\Middleware\\ValidatePostSize->handle(Object(Illuminate\\Http\\Request), Object(Closure))
#47 C:\\OSPanel\\home\\guitar_prog1\\vendor\\laravel\\framework\\src\\Illuminate\\Foundation\\Http\\Middleware\\PreventRequestsDuringMaintenance.php(110): Illuminate\\Pipeline\\Pipeline->Illuminate\\Pipeline\\{closure}(Object(Illuminate\\Http\\Request))
#48 C:\\OSPanel\\home\\guitar_prog1\\vendor\\laravel\\framework\\src\\Illuminate\\Pipeline\\Pipeline.php(209): Illuminate\\Foundation\\Http\\Middleware\\PreventRequestsDuringMaintenance->handle(Object(Illuminate\\Http\\Request), Object(Closure))
#49 C:\\OSPanel\\home\\guitar_prog1\\vendor\\laravel\\framework\\src\\Illuminate\\Http\\Middleware\\HandleCors.php(49): Illuminate\\Pipeline\\Pipeline->Illuminate\\Pipeline\\{closure}(Object(Illuminate\\Http\\Request))
#50 C:\\OSPanel\\home\\guitar_prog1\\vendor\\laravel\\framework\\src\\Illuminate\\Pipeline\\Pipeline.php(209): Illuminate\\Http\\Middleware\\HandleCors->handle(Object(Illuminate\\Http\\Request), Object(Closure))
#51 C:\\OSPanel\\home\\guitar_prog1\\vendor\\laravel\\framework\\src\\Illuminate\\Http\\Middleware\\TrustProxies.php(58): Illuminate\\Pipeline\\Pipeline->Illuminate\\Pipeline\\{closure}(Object(Illuminate\\Http\\Request))
#52 C:\\OSPanel\\home\\guitar_prog1\\vendor\\laravel\\framework\\src\\Illuminate\\Pipeline\\Pipeline.php(209): Illuminate\\Http\\Middleware\\TrustProxies->handle(Object(Illuminate\\Http\\Request), Object(Closure))
#53 C:\\OSPanel\\home\\guitar_prog1\\vendor\\laravel\\framework\\src\\Illuminate\\Foundation\\Http\\Middleware\\InvokeDeferredCallbacks.php(22): Illuminate\\Pipeline\\Pipeline->Illuminate\\Pipeline\\{closure}(Object(Illuminate\\Http\\Request))
#54 C:\\OSPanel\\home\\guitar_prog1\\vendor\\laravel\\framework\\src\\Illuminate\\Pipeline\\Pipeline.php(209): Illuminate\\Foundation\\Http\\Middleware\\InvokeDeferredCallbacks->handle(Object(Illuminate\\Http\\Request), Object(Closure))
#55 C:\\OSPanel\\home\\guitar_prog1\\vendor\\laravel\\framework\\src\\Illuminate\\Http\\Middleware\\ValidatePathEncoding.php(26): Illuminate\\Pipeline\\Pipeline->Illuminate\\Pipeline\\{closure}(Object(Illuminate\\Http\\Request))
#56 C:\\OSPanel\\home\\guitar_prog1\\vendor\\laravel\\framework\\src\\Illuminate\\Pipeline\\Pipeline.php(209): Illuminate\\Http\\Middleware\\ValidatePathEncoding->handle(Object(Illuminate\\Http\\Request), Object(Closure))
#57 C:\\OSPanel\\home\\guitar_prog1\\vendor\\laravel\\framework\\src\\Illuminate\\Pipeline\\Pipeline.php(127): Illuminate\\Pipeline\\Pipeline->Illuminate\\Pipeline\\{closure}(Object(Illuminate\\Http\\Request))
#58 C:\\OSPanel\\home\\guitar_prog1\\vendor\\laravel\\framework\\src\\Illuminate\\Foundation\\Http\\Kernel.php(176): Illuminate\\Pipeline\\Pipeline->then(Object(Closure))
#59 C:\\OSPanel\\home\\guitar_prog1\\vendor\\laravel\\framework\\src\\Illuminate\\Foundation\\Http\\Kernel.php(145): Illuminate\\Foundation\\Http\\Kernel->sendRequestThroughRouter(Object(Illuminate\\Http\\Request))
#60 C:\\OSPanel\\home\\guitar_prog1\\vendor\\laravel\\framework\\src\\Illuminate\\Foundation\\Application.php(1220): Illuminate\\Foundation\\Http\\Kernel->handle(Object(Illuminate\\Http\\Request))
#61 C:\\OSPanel\\home\\guitar_prog1\\public\\index.php(20): Illuminate\\Foundation\\Application->handleRequest(Object(Illuminate\\Http\\Request))
#62 C:\\OSPanel\\home\\guitar_prog1\\vendor\\laravel\\framework\\src\\Illuminate\\Foundation\\resources\\server.php(23): require_once('C:\\\\OSPanel\\\\home...')
#63 {main}
"} 
[2025-05-01 23:42:23] local.ERROR: Undefined variable $popularProducts (View: C:\OSPanel\home\guitar_prog1\resources\views\products\index.blade.php) {"userId":2,"exception":"[object] (Illuminate\\View\\ViewException(code: 0): Undefined variable $popularProducts (View: C:\\OSPanel\\home\\guitar_prog1\\resources\\views\\products\\index.blade.php) at C:\\OSPanel\\home\\guitar_prog1\\storage\\framework\\views\\dd2b5aedd34c2b6b7daa78c17fdb74a1.php:21)
[stacktrace]
#0 C:\\OSPanel\\home\\guitar_prog1\\vendor\\livewire\\livewire\\src\\Mechanisms\\ExtendBlade\\ExtendedCompilerEngine.php(58): Illuminate\\View\\Engines\\CompilerEngine->handleViewException(Object(ErrorException), 1)
#1 C:\\OSPanel\\home\\guitar_prog1\\vendor\\laravel\\framework\\src\\Illuminate\\View\\Engines\\PhpEngine.php(60): Livewire\\Mechanisms\\ExtendBlade\\ExtendedCompilerEngine->handleViewException(Object(ErrorException), 1)
#2 C:\\OSPanel\\home\\guitar_prog1\\vendor\\livewire\\livewire\\src\\Mechanisms\\ExtendBlade\\ExtendedCompilerEngine.php(22): Illuminate\\View\\Engines\\PhpEngine->evaluatePath('C:\\\\OSPanel\\\\home...', Array)
#3 C:\\OSPanel\\home\\guitar_prog1\\vendor\\laravel\\framework\\src\\Illuminate\\View\\Engines\\CompilerEngine.php(75): Livewire\\Mechanisms\\ExtendBlade\\ExtendedCompilerEngine->evaluatePath('C:\\\\OSPanel\\\\home...', Array)
#4 C:\\OSPanel\\home\\guitar_prog1\\vendor\\livewire\\livewire\\src\\Mechanisms\\ExtendBlade\\ExtendedCompilerEngine.php(10): Illuminate\\View\\Engines\\CompilerEngine->get('C:\\\\OSPanel\\\\home...', Array)
#5 C:\\OSPanel\\home\\guitar_prog1\\vendor\\laravel\\framework\\src\\Illuminate\\View\\View.php(209): Livewire\\Mechanisms\\ExtendBlade\\ExtendedCompilerEngine->get('C:\\\\OSPanel\\\\home...', Array)
#6 C:\\OSPanel\\home\\guitar_prog1\\vendor\\laravel\\framework\\src\\Illuminate\\View\\View.php(192): Illuminate\\View\\View->getContents()
#7 C:\\OSPanel\\home\\guitar_prog1\\vendor\\laravel\\framework\\src\\Illuminate\\View\\View.php(161): Illuminate\\View\\View->renderContents()
#8 C:\\OSPanel\\home\\guitar_prog1\\vendor\\laravel\\framework\\src\\Illuminate\\Http\\Response.php(79): Illuminate\\View\\View->render()
#9 C:\\OSPanel\\home\\guitar_prog1\\vendor\\laravel\\framework\\src\\Illuminate\\Http\\Response.php(35): Illuminate\\Http\\Response->setContent(Object(Illuminate\\View\\View))
#10 C:\\OSPanel\\home\\guitar_prog1\\vendor\\laravel\\framework\\src\\Illuminate\\Routing\\Router.php(920): Illuminate\\Http\\Response->__construct(Object(Illuminate\\View\\View), 200, Array)
#11 C:\\OSPanel\\home\\guitar_prog1\\vendor\\laravel\\framework\\src\\Illuminate\\Routing\\Router.php(887): Illuminate\\Routing\\Router::toResponse(Object(Illuminate\\Http\\Request), Object(Illuminate\\View\\View))
#12 C:\\OSPanel\\home\\guitar_prog1\\vendor\\laravel\\framework\\src\\Illuminate\\Routing\\Router.php(807): Illuminate\\Routing\\Router->prepareResponse(Object(Illuminate\\Http\\Request), Object(Illuminate\\View\\View))
#13 C:\\OSPanel\\home\\guitar_prog1\\vendor\\laravel\\framework\\src\\Illuminate\\Pipeline\\Pipeline.php(170): Illuminate\\Routing\\Router->Illuminate\\Routing\\{closure}(Object(Illuminate\\Http\\Request))
#14 C:\\OSPanel\\home\\guitar_prog1\\vendor\\laravel\\framework\\src\\Illuminate\\Routing\\Middleware\\SubstituteBindings.php(51): Illuminate\\Pipeline\\Pipeline->Illuminate\\Pipeline\\{closure}(Object(Illuminate\\Http\\Request))
#15 C:\\OSPanel\\home\\guitar_prog1\\vendor\\laravel\\framework\\src\\Illuminate\\Pipeline\\Pipeline.php(209): Illuminate\\Routing\\Middleware\\SubstituteBindings->handle(Object(Illuminate\\Http\\Request), Object(Closure))
#16 C:\\OSPanel\\home\\guitar_prog1\\vendor\\laravel\\framework\\src\\Illuminate\\Foundation\\Http\\Middleware\\VerifyCsrfToken.php(88): Illuminate\\Pipeline\\Pipeline->Illuminate\\Pipeline\\{closure}(Object(Illuminate\\Http\\Request))
#17 C:\\OSPanel\\home\\guitar_prog1\\vendor\\laravel\\framework\\src\\Illuminate\\Pipeline\\Pipeline.php(209): Illuminate\\Foundation\\Http\\Middleware\\VerifyCsrfToken->handle(Object(Illuminate\\Http\\Request), Object(Closure))
#18 C:\\OSPanel\\home\\guitar_prog1\\vendor\\laravel\\framework\\src\\Illuminate\\View\\Middleware\\ShareErrorsFromSession.php(49): Illuminate\\Pipeline\\Pipeline->Illuminate\\Pipeline\\{closure}(Object(Illuminate\\Http\\Request))
#19 C:\\OSPanel\\home\\guitar_prog1\\vendor\\laravel\\framework\\src\\Illuminate\\Pipeline\\Pipeline.php(209): Illuminate\\View\\Middleware\\ShareErrorsFromSession->handle(Object(Illuminate\\Http\\Request), Object(Closure))
#20 C:\\OSPanel\\home\\guitar_prog1\\vendor\\laravel\\framework\\src\\Illuminate\\Session\\Middleware\\StartSession.php(121): Illuminate\\Pipeline\\Pipeline->Illuminate\\Pipeline\\{closure}(Object(Illuminate\\Http\\Request))
#21 C:\\OSPanel\\home\\guitar_prog1\\vendor\\laravel\\framework\\src\\Illuminate\\Session\\Middleware\\StartSession.php(64): Illuminate\\Session\\Middleware\\StartSession->handleStatefulRequest(Object(Illuminate\\Http\\Request), Object(Illuminate\\Session\\Store), Object(Closure))
#22 C:\\OSPanel\\home\\guitar_prog1\\vendor\\laravel\\framework\\src\\Illuminate\\Pipeline\\Pipeline.php(209): Illuminate\\Session\\Middleware\\StartSession->handle(Object(Illuminate\\Http\\Request), Object(Closure))
#23 C:\\OSPanel\\home\\guitar_prog1\\vendor\\laravel\\framework\\src\\Illuminate\\Cookie\\Middleware\\AddQueuedCookiesToResponse.php(37): Illuminate\\Pipeline\\Pipeline->Illuminate\\Pipeline\\{closure}(Object(Illuminate\\Http\\Request))
#24 C:\\OSPanel\\home\\guitar_prog1\\vendor\\laravel\\framework\\src\\Illuminate\\Pipeline\\Pipeline.php(209): Illuminate\\Cookie\\Middleware\\AddQueuedCookiesToResponse->handle(Object(Illuminate\\Http\\Request), Object(Closure))
#25 C:\\OSPanel\\home\\guitar_prog1\\vendor\\laravel\\framework\\src\\Illuminate\\Cookie\\Middleware\\EncryptCookies.php(75): Illuminate\\Pipeline\\Pipeline->Illuminate\\Pipeline\\{closure}(Object(Illuminate\\Http\\Request))
#26 C:\\OSPanel\\home\\guitar_prog1\\vendor\\laravel\\framework\\src\\Illuminate\\Pipeline\\Pipeline.php(209): Illuminate\\Cookie\\Middleware\\EncryptCookies->handle(Object(Illuminate\\Http\\Request), Object(Closure))
#27 C:\\OSPanel\\home\\guitar_prog1\\vendor\\laravel\\framework\\src\\Illuminate\\Pipeline\\Pipeline.php(127): Illuminate\\Pipeline\\Pipeline->Illuminate\\Pipeline\\{closure}(Object(Illuminate\\Http\\Request))
#28 C:\\OSPanel\\home\\guitar_prog1\\vendor\\laravel\\framework\\src\\Illuminate\\Routing\\Router.php(807): Illuminate\\Pipeline\\Pipeline->then(Object(Closure))
#29 C:\\OSPanel\\home\\guitar_prog1\\vendor\\laravel\\framework\\src\\Illuminate\\Routing\\Router.php(786): Illuminate\\Routing\\Router->runRouteWithinStack(Object(Illuminate\\Routing\\Route), Object(Illuminate\\Http\\Request))
#30 C:\\OSPanel\\home\\guitar_prog1\\vendor\\laravel\\framework\\src\\Illuminate\\Routing\\Router.php(750): Illuminate\\Routing\\Router->runRoute(Object(Illuminate\\Http\\Request), Object(Illuminate\\Routing\\Route))
#31 C:\\OSPanel\\home\\guitar_prog1\\vendor\\laravel\\framework\\src\\Illuminate\\Routing\\Router.php(739): Illuminate\\Routing\\Router->dispatchToRoute(Object(Illuminate\\Http\\Request))
#32 C:\\OSPanel\\home\\guitar_prog1\\vendor\\laravel\\framework\\src\\Illuminate\\Foundation\\Http\\Kernel.php(201): Illuminate\\Routing\\Router->dispatch(Object(Illuminate\\Http\\Request))
#33 C:\\OSPanel\\home\\guitar_prog1\\vendor\\laravel\\framework\\src\\Illuminate\\Pipeline\\Pipeline.php(170): Illuminate\\Foundation\\Http\\Kernel->Illuminate\\Foundation\\Http\\{closure}(Object(Illuminate\\Http\\Request))
#34 C:\\OSPanel\\home\\guitar_prog1\\vendor\\livewire\\livewire\\src\\Features\\SupportDisablingBackButtonCache\\DisableBackButtonCacheMiddleware.php(19): Illuminate\\Pipeline\\Pipeline->Illuminate\\Pipeline\\{closure}(Object(Illuminate\\Http\\Request))
#35 C:\\OSPanel\\home\\guitar_prog1\\vendor\\laravel\\framework\\src\\Illuminate\\Pipeline\\Pipeline.php(209): Livewire\\Features\\SupportDisablingBackButtonCache\\DisableBackButtonCacheMiddleware->handle(Object(Illuminate\\Http\\Request), Object(Closure))
#36 C:\\OSPanel\\home\\guitar_prog1\\vendor\\laravel\\framework\\src\\Illuminate\\Foundation\\Http\\Middleware\\TransformsRequest.php(21): Illuminate\\Pipeline\\Pipeline->Illuminate\\Pipeline\\{closure}(Object(Illuminate\\Http\\Request))
#37 C:\\OSPanel\\home\\guitar_prog1\\vendor\\laravel\\framework\\src\\Illuminate\\Foundation\\Http\\Middleware\\ConvertEmptyStringsToNull.php(31): Illuminate\\Foundation\\Http\\Middleware\\TransformsRequest->handle(Object(Illuminate\\Http\\Request), Object(Closure))
#38 C:\\OSPanel\\home\\guitar_prog1\\vendor\\laravel\\framework\\src\\Illuminate\\Pipeline\\Pipeline.php(209): Illuminate\\Foundation\\Http\\Middleware\\ConvertEmptyStringsToNull->handle(Object(Illuminate\\Http\\Request), Object(Closure))
#39 C:\\OSPanel\\home\\guitar_prog1\\vendor\\laravel\\framework\\src\\Illuminate\\Foundation\\Http\\Middleware\\TransformsRequest.php(21): Illuminate\\Pipeline\\Pipeline->Illuminate\\Pipeline\\{closure}(Object(Illuminate\\Http\\Request))
#40 C:\\OSPanel\\home\\guitar_prog1\\vendor\\laravel\\framework\\src\\Illuminate\\Foundation\\Http\\Middleware\\TrimStrings.php(51): Illuminate\\Foundation\\Http\\Middleware\\TransformsRequest->handle(Object(Illuminate\\Http\\Request), Object(Closure))
#41 C:\\OSPanel\\home\\guitar_prog1\\vendor\\laravel\\framework\\src\\Illuminate\\Pipeline\\Pipeline.php(209): Illuminate\\Foundation\\Http\\Middleware\\TrimStrings->handle(Object(Illuminate\\Http\\Request), Object(Closure))
#42 C:\\OSPanel\\home\\guitar_prog1\\vendor\\laravel\\framework\\src\\Illuminate\\Http\\Middleware\\ValidatePostSize.php(27): Illuminate\\Pipeline\\Pipeline->Illuminate\\Pipeline\\{closure}(Object(Illuminate\\Http\\Request))
#43 C:\\OSPanel\\home\\guitar_prog1\\vendor\\laravel\\framework\\src\\Illuminate\\Pipeline\\Pipeline.php(209): Illuminate\\Http\\Middleware\\ValidatePostSize->handle(Object(Illuminate\\Http\\Request), Object(Closure))
#44 C:\\OSPanel\\home\\guitar_prog1\\vendor\\laravel\\framework\\src\\Illuminate\\Foundation\\Http\\Middleware\\PreventRequestsDuringMaintenance.php(110): Illuminate\\Pipeline\\Pipeline->Illuminate\\Pipeline\\{closure}(Object(Illuminate\\Http\\Request))
#45 C:\\OSPanel\\home\\guitar_prog1\\vendor\\laravel\\framework\\src\\Illuminate\\Pipeline\\Pipeline.php(209): Illuminate\\Foundation\\Http\\Middleware\\PreventRequestsDuringMaintenance->handle(Object(Illuminate\\Http\\Request), Object(Closure))
#46 C:\\OSPanel\\home\\guitar_prog1\\vendor\\laravel\\framework\\src\\Illuminate\\Http\\Middleware\\HandleCors.php(49): Illuminate\\Pipeline\\Pipeline->Illuminate\\Pipeline\\{closure}(Object(Illuminate\\Http\\Request))
#47 C:\\OSPanel\\home\\guitar_prog1\\vendor\\laravel\\framework\\src\\Illuminate\\Pipeline\\Pipeline.php(209): Illuminate\\Http\\Middleware\\HandleCors->handle(Object(Illuminate\\Http\\Request), Object(Closure))
#48 C:\\OSPanel\\home\\guitar_prog1\\vendor\\laravel\\framework\\src\\Illuminate\\Http\\Middleware\\TrustProxies.php(58): Illuminate\\Pipeline\\Pipeline->Illuminate\\Pipeline\\{closure}(Object(Illuminate\\Http\\Request))
#49 C:\\OSPanel\\home\\guitar_prog1\\vendor\\laravel\\framework\\src\\Illuminate\\Pipeline\\Pipeline.php(209): Illuminate\\Http\\Middleware\\TrustProxies->handle(Object(Illuminate\\Http\\Request), Object(Closure))
#50 C:\\OSPanel\\home\\guitar_prog1\\vendor\\laravel\\framework\\src\\Illuminate\\Foundation\\Http\\Middleware\\InvokeDeferredCallbacks.php(22): Illuminate\\Pipeline\\Pipeline->Illuminate\\Pipeline\\{closure}(Object(Illuminate\\Http\\Request))
#51 C:\\OSPanel\\home\\guitar_prog1\\vendor\\laravel\\framework\\src\\Illuminate\\Pipeline\\Pipeline.php(209): Illuminate\\Foundation\\Http\\Middleware\\InvokeDeferredCallbacks->handle(Object(Illuminate\\Http\\Request), Object(Closure))
#52 C:\\OSPanel\\home\\guitar_prog1\\vendor\\laravel\\framework\\src\\Illuminate\\Http\\Middleware\\ValidatePathEncoding.php(26): Illuminate\\Pipeline\\Pipeline->Illuminate\\Pipeline\\{closure}(Object(Illuminate\\Http\\Request))
#53 C:\\OSPanel\\home\\guitar_prog1\\vendor\\laravel\\framework\\src\\Illuminate\\Pipeline\\Pipeline.php(209): Illuminate\\Http\\Middleware\\ValidatePathEncoding->handle(Object(Illuminate\\Http\\Request), Object(Closure))
#54 C:\\OSPanel\\home\\guitar_prog1\\vendor\\laravel\\framework\\src\\Illuminate\\Pipeline\\Pipeline.php(127): Illuminate\\Pipeline\\Pipeline->Illuminate\\Pipeline\\{closure}(Object(Illuminate\\Http\\Request))
#55 C:\\OSPanel\\home\\guitar_prog1\\vendor\\laravel\\framework\\src\\Illuminate\\Foundation\\Http\\Kernel.php(176): Illuminate\\Pipeline\\Pipeline->then(Object(Closure))
#56 C:\\OSPanel\\home\\guitar_prog1\\vendor\\laravel\\framework\\src\\Illuminate\\Foundation\\Http\\Kernel.php(145): Illuminate\\Foundation\\Http\\Kernel->sendRequestThroughRouter(Object(Illuminate\\Http\\Request))
#57 C:\\OSPanel\\home\\guitar_prog1\\vendor\\laravel\\framework\\src\\Illuminate\\Foundation\\Application.php(1220): Illuminate\\Foundation\\Http\\Kernel->handle(Object(Illuminate\\Http\\Request))
#58 C:\\OSPanel\\home\\guitar_prog1\\public\\index.php(20): Illuminate\\Foundation\\Application->handleRequest(Object(Illuminate\\Http\\Request))
#59 C:\\OSPanel\\home\\guitar_prog1\\vendor\\laravel\\framework\\src\\Illuminate\\Foundation\\resources\\server.php(23): require_once('C:\\\\OSPanel\\\\home...')
#60 {main}

[previous exception] [object] (ErrorException(code: 0): Undefined variable $popularProducts at C:\\OSPanel\\home\\guitar_prog1\\storage\\framework\\views\\dd2b5aedd34c2b6b7daa78c17fdb74a1.php:21)
[stacktrace]
#0 C:\\OSPanel\\home\\guitar_prog1\\vendor\\laravel\\framework\\src\\Illuminate\\Foundation\\Bootstrap\\HandleExceptions.php(256): Illuminate\\Foundation\\Bootstrap\\HandleExceptions->handleError(2, 'Undefined varia...', 'C:\\\\OSPanel\\\\home...', 21)
#1 C:\\OSPanel\\home\\guitar_prog1\\storage\\framework\\views\\dd2b5aedd34c2b6b7daa78c17fdb74a1.php(21): Illuminate\\Foundation\\Bootstrap\\HandleExceptions->Illuminate\\Foundation\\Bootstrap\\{closure}(2, 'Undefined varia...', 'C:\\\\OSPanel\\\\home...', 21)
#2 C:\\OSPanel\\home\\guitar_prog1\\vendor\\laravel\\framework\\src\\Illuminate\\Filesystem\\Filesystem.php(123): require('C:\\\\OSPanel\\\\home...')
#3 C:\\OSPanel\\home\\guitar_prog1\\vendor\\laravel\\framework\\src\\Illuminate\\Filesystem\\Filesystem.php(124): Illuminate\\Filesystem\\Filesystem::Illuminate\\Filesystem\\{closure}()
#4 C:\\OSPanel\\home\\guitar_prog1\\vendor\\laravel\\framework\\src\\Illuminate\\View\\Engines\\PhpEngine.php(58): Illuminate\\Filesystem\\Filesystem->getRequire('C:\\\\OSPanel\\\\home...', Array)
#5 C:\\OSPanel\\home\\guitar_prog1\\vendor\\livewire\\livewire\\src\\Mechanisms\\ExtendBlade\\ExtendedCompilerEngine.php(22): Illuminate\\View\\Engines\\PhpEngine->evaluatePath('C:\\\\OSPanel\\\\home...', Array)
#6 C:\\OSPanel\\home\\guitar_prog1\\vendor\\laravel\\framework\\src\\Illuminate\\View\\Engines\\CompilerEngine.php(75): Livewire\\Mechanisms\\ExtendBlade\\ExtendedCompilerEngine->evaluatePath('C:\\\\OSPanel\\\\home...', Array)
#7 C:\\OSPanel\\home\\guitar_prog1\\vendor\\livewire\\livewire\\src\\Mechanisms\\ExtendBlade\\ExtendedCompilerEngine.php(10): Illuminate\\View\\Engines\\CompilerEngine->get('C:\\\\OSPanel\\\\home...', Array)
#8 C:\\OSPanel\\home\\guitar_prog1\\vendor\\laravel\\framework\\src\\Illuminate\\View\\View.php(209): Livewire\\Mechanisms\\ExtendBlade\\ExtendedCompilerEngine->get('C:\\\\OSPanel\\\\home...', Array)
#9 C:\\OSPanel\\home\\guitar_prog1\\vendor\\laravel\\framework\\src\\Illuminate\\View\\View.php(192): Illuminate\\View\\View->getContents()
#10 C:\\OSPanel\\home\\guitar_prog1\\vendor\\laravel\\framework\\src\\Illuminate\\View\\View.php(161): Illuminate\\View\\View->renderContents()
#11 C:\\OSPanel\\home\\guitar_prog1\\vendor\\laravel\\framework\\src\\Illuminate\\Http\\Response.php(79): Illuminate\\View\\View->render()
#12 C:\\OSPanel\\home\\guitar_prog1\\vendor\\laravel\\framework\\src\\Illuminate\\Http\\Response.php(35): Illuminate\\Http\\Response->setContent(Object(Illuminate\\View\\View))
#13 C:\\OSPanel\\home\\guitar_prog1\\vendor\\laravel\\framework\\src\\Illuminate\\Routing\\Router.php(920): Illuminate\\Http\\Response->__construct(Object(Illuminate\\View\\View), 200, Array)
#14 C:\\OSPanel\\home\\guitar_prog1\\vendor\\laravel\\framework\\src\\Illuminate\\Routing\\Router.php(887): Illuminate\\Routing\\Router::toResponse(Object(Illuminate\\Http\\Request), Object(Illuminate\\View\\View))
#15 C:\\OSPanel\\home\\guitar_prog1\\vendor\\laravel\\framework\\src\\Illuminate\\Routing\\Router.php(807): Illuminate\\Routing\\Router->prepareResponse(Object(Illuminate\\Http\\Request), Object(Illuminate\\View\\View))
#16 C:\\OSPanel\\home\\guitar_prog1\\vendor\\laravel\\framework\\src\\Illuminate\\Pipeline\\Pipeline.php(170): Illuminate\\Routing\\Router->Illuminate\\Routing\\{closure}(Object(Illuminate\\Http\\Request))
#17 C:\\OSPanel\\home\\guitar_prog1\\vendor\\laravel\\framework\\src\\Illuminate\\Routing\\Middleware\\SubstituteBindings.php(51): Illuminate\\Pipeline\\Pipeline->Illuminate\\Pipeline\\{closure}(Object(Illuminate\\Http\\Request))
#18 C:\\OSPanel\\home\\guitar_prog1\\vendor\\laravel\\framework\\src\\Illuminate\\Pipeline\\Pipeline.php(209): Illuminate\\Routing\\Middleware\\SubstituteBindings->handle(Object(Illuminate\\Http\\Request), Object(Closure))
#19 C:\\OSPanel\\home\\guitar_prog1\\vendor\\laravel\\framework\\src\\Illuminate\\Foundation\\Http\\Middleware\\VerifyCsrfToken.php(88): Illuminate\\Pipeline\\Pipeline->Illuminate\\Pipeline\\{closure}(Object(Illuminate\\Http\\Request))
#20 C:\\OSPanel\\home\\guitar_prog1\\vendor\\laravel\\framework\\src\\Illuminate\\Pipeline\\Pipeline.php(209): Illuminate\\Foundation\\Http\\Middleware\\VerifyCsrfToken->handle(Object(Illuminate\\Http\\Request), Object(Closure))
#21 C:\\OSPanel\\home\\guitar_prog1\\vendor\\laravel\\framework\\src\\Illuminate\\View\\Middleware\\ShareErrorsFromSession.php(49): Illuminate\\Pipeline\\Pipeline->Illuminate\\Pipeline\\{closure}(Object(Illuminate\\Http\\Request))
#22 C:\\OSPanel\\home\\guitar_prog1\\vendor\\laravel\\framework\\src\\Illuminate\\Pipeline\\Pipeline.php(209): Illuminate\\View\\Middleware\\ShareErrorsFromSession->handle(Object(Illuminate\\Http\\Request), Object(Closure))
#23 C:\\OSPanel\\home\\guitar_prog1\\vendor\\laravel\\framework\\src\\Illuminate\\Session\\Middleware\\StartSession.php(121): Illuminate\\Pipeline\\Pipeline->Illuminate\\Pipeline\\{closure}(Object(Illuminate\\Http\\Request))
#24 C:\\OSPanel\\home\\guitar_prog1\\vendor\\laravel\\framework\\src\\Illuminate\\Session\\Middleware\\StartSession.php(64): Illuminate\\Session\\Middleware\\StartSession->handleStatefulRequest(Object(Illuminate\\Http\\Request), Object(Illuminate\\Session\\Store), Object(Closure))
#25 C:\\OSPanel\\home\\guitar_prog1\\vendor\\laravel\\framework\\src\\Illuminate\\Pipeline\\Pipeline.php(209): Illuminate\\Session\\Middleware\\StartSession->handle(Object(Illuminate\\Http\\Request), Object(Closure))
#26 C:\\OSPanel\\home\\guitar_prog1\\vendor\\laravel\\framework\\src\\Illuminate\\Cookie\\Middleware\\AddQueuedCookiesToResponse.php(37): Illuminate\\Pipeline\\Pipeline->Illuminate\\Pipeline\\{closure}(Object(Illuminate\\Http\\Request))
#27 C:\\OSPanel\\home\\guitar_prog1\\vendor\\laravel\\framework\\src\\Illuminate\\Pipeline\\Pipeline.php(209): Illuminate\\Cookie\\Middleware\\AddQueuedCookiesToResponse->handle(Object(Illuminate\\Http\\Request), Object(Closure))
#28 C:\\OSPanel\\home\\guitar_prog1\\vendor\\laravel\\framework\\src\\Illuminate\\Cookie\\Middleware\\EncryptCookies.php(75): Illuminate\\Pipeline\\Pipeline->Illuminate\\Pipeline\\{closure}(Object(Illuminate\\Http\\Request))
#29 C:\\OSPanel\\home\\guitar_prog1\\vendor\\laravel\\framework\\src\\Illuminate\\Pipeline\\Pipeline.php(209): Illuminate\\Cookie\\Middleware\\EncryptCookies->handle(Object(Illuminate\\Http\\Request), Object(Closure))
#30 C:\\OSPanel\\home\\guitar_prog1\\vendor\\laravel\\framework\\src\\Illuminate\\Pipeline\\Pipeline.php(127): Illuminate\\Pipeline\\Pipeline->Illuminate\\Pipeline\\{closure}(Object(Illuminate\\Http\\Request))
#31 C:\\OSPanel\\home\\guitar_prog1\\vendor\\laravel\\framework\\src\\Illuminate\\Routing\\Router.php(807): Illuminate\\Pipeline\\Pipeline->then(Object(Closure))
#32 C:\\OSPanel\\home\\guitar_prog1\\vendor\\laravel\\framework\\src\\Illuminate\\Routing\\Router.php(786): Illuminate\\Routing\\Router->runRouteWithinStack(Object(Illuminate\\Routing\\Route), Object(Illuminate\\Http\\Request))
#33 C:\\OSPanel\\home\\guitar_prog1\\vendor\\laravel\\framework\\src\\Illuminate\\Routing\\Router.php(750): Illuminate\\Routing\\Router->runRoute(Object(Illuminate\\Http\\Request), Object(Illuminate\\Routing\\Route))
#34 C:\\OSPanel\\home\\guitar_prog1\\vendor\\laravel\\framework\\src\\Illuminate\\Routing\\Router.php(739): Illuminate\\Routing\\Router->dispatchToRoute(Object(Illuminate\\Http\\Request))
#35 C:\\OSPanel\\home\\guitar_prog1\\vendor\\laravel\\framework\\src\\Illuminate\\Foundation\\Http\\Kernel.php(201): Illuminate\\Routing\\Router->dispatch(Object(Illuminate\\Http\\Request))
#36 C:\\OSPanel\\home\\guitar_prog1\\vendor\\laravel\\framework\\src\\Illuminate\\Pipeline\\Pipeline.php(170): Illuminate\\Foundation\\Http\\Kernel->Illuminate\\Foundation\\Http\\{closure}(Object(Illuminate\\Http\\Request))
#37 C:\\OSPanel\\home\\guitar_prog1\\vendor\\livewire\\livewire\\src\\Features\\SupportDisablingBackButtonCache\\DisableBackButtonCacheMiddleware.php(19): Illuminate\\Pipeline\\Pipeline->Illuminate\\Pipeline\\{closure}(Object(Illuminate\\Http\\Request))
#38 C:\\OSPanel\\home\\guitar_prog1\\vendor\\laravel\\framework\\src\\Illuminate\\Pipeline\\Pipeline.php(209): Livewire\\Features\\SupportDisablingBackButtonCache\\DisableBackButtonCacheMiddleware->handle(Object(Illuminate\\Http\\Request), Object(Closure))
#39 C:\\OSPanel\\home\\guitar_prog1\\vendor\\laravel\\framework\\src\\Illuminate\\Foundation\\Http\\Middleware\\TransformsRequest.php(21): Illuminate\\Pipeline\\Pipeline->Illuminate\\Pipeline\\{closure}(Object(Illuminate\\Http\\Request))
#40 C:\\OSPanel\\home\\guitar_prog1\\vendor\\laravel\\framework\\src\\Illuminate\\Foundation\\Http\\Middleware\\ConvertEmptyStringsToNull.php(31): Illuminate\\Foundation\\Http\\Middleware\\TransformsRequest->handle(Object(Illuminate\\Http\\Request), Object(Closure))
#41 C:\\OSPanel\\home\\guitar_prog1\\vendor\\laravel\\framework\\src\\Illuminate\\Pipeline\\Pipeline.php(209): Illuminate\\Foundation\\Http\\Middleware\\ConvertEmptyStringsToNull->handle(Object(Illuminate\\Http\\Request), Object(Closure))
#42 C:\\OSPanel\\home\\guitar_prog1\\vendor\\laravel\\framework\\src\\Illuminate\\Foundation\\Http\\Middleware\\TransformsRequest.php(21): Illuminate\\Pipeline\\Pipeline->Illuminate\\Pipeline\\{closure}(Object(Illuminate\\Http\\Request))
#43 C:\\OSPanel\\home\\guitar_prog1\\vendor\\laravel\\framework\\src\\Illuminate\\Foundation\\Http\\Middleware\\TrimStrings.php(51): Illuminate\\Foundation\\Http\\Middleware\\TransformsRequest->handle(Object(Illuminate\\Http\\Request), Object(Closure))
#44 C:\\OSPanel\\home\\guitar_prog1\\vendor\\laravel\\framework\\src\\Illuminate\\Pipeline\\Pipeline.php(209): Illuminate\\Foundation\\Http\\Middleware\\TrimStrings->handle(Object(Illuminate\\Http\\Request), Object(Closure))
#45 C:\\OSPanel\\home\\guitar_prog1\\vendor\\laravel\\framework\\src\\Illuminate\\Http\\Middleware\\ValidatePostSize.php(27): Illuminate\\Pipeline\\Pipeline->Illuminate\\Pipeline\\{closure}(Object(Illuminate\\Http\\Request))
#46 C:\\OSPanel\\home\\guitar_prog1\\vendor\\laravel\\framework\\src\\Illuminate\\Pipeline\\Pipeline.php(209): Illuminate\\Http\\Middleware\\ValidatePostSize->handle(Object(Illuminate\\Http\\Request), Object(Closure))
#47 C:\\OSPanel\\home\\guitar_prog1\\vendor\\laravel\\framework\\src\\Illuminate\\Foundation\\Http\\Middleware\\PreventRequestsDuringMaintenance.php(110): Illuminate\\Pipeline\\Pipeline->Illuminate\\Pipeline\\{closure}(Object(Illuminate\\Http\\Request))
#48 C:\\OSPanel\\home\\guitar_prog1\\vendor\\laravel\\framework\\src\\Illuminate\\Pipeline\\Pipeline.php(209): Illuminate\\Foundation\\Http\\Middleware\\PreventRequestsDuringMaintenance->handle(Object(Illuminate\\Http\\Request), Object(Closure))
#49 C:\\OSPanel\\home\\guitar_prog1\\vendor\\laravel\\framework\\src\\Illuminate\\Http\\Middleware\\HandleCors.php(49): Illuminate\\Pipeline\\Pipeline->Illuminate\\Pipeline\\{closure}(Object(Illuminate\\Http\\Request))
#50 C:\\OSPanel\\home\\guitar_prog1\\vendor\\laravel\\framework\\src\\Illuminate\\Pipeline\\Pipeline.php(209): Illuminate\\Http\\Middleware\\HandleCors->handle(Object(Illuminate\\Http\\Request), Object(Closure))
#51 C:\\OSPanel\\home\\guitar_prog1\\vendor\\laravel\\framework\\src\\Illuminate\\Http\\Middleware\\TrustProxies.php(58): Illuminate\\Pipeline\\Pipeline->Illuminate\\Pipeline\\{closure}(Object(Illuminate\\Http\\Request))
#52 C:\\OSPanel\\home\\guitar_prog1\\vendor\\laravel\\framework\\src\\Illuminate\\Pipeline\\Pipeline.php(209): Illuminate\\Http\\Middleware\\TrustProxies->handle(Object(Illuminate\\Http\\Request), Object(Closure))
#53 C:\\OSPanel\\home\\guitar_prog1\\vendor\\laravel\\framework\\src\\Illuminate\\Foundation\\Http\\Middleware\\InvokeDeferredCallbacks.php(22): Illuminate\\Pipeline\\Pipeline->Illuminate\\Pipeline\\{closure}(Object(Illuminate\\Http\\Request))
#54 C:\\OSPanel\\home\\guitar_prog1\\vendor\\laravel\\framework\\src\\Illuminate\\Pipeline\\Pipeline.php(209): Illuminate\\Foundation\\Http\\Middleware\\InvokeDeferredCallbacks->handle(Object(Illuminate\\Http\\Request), Object(Closure))
#55 C:\\OSPanel\\home\\guitar_prog1\\vendor\\laravel\\framework\\src\\Illuminate\\Http\\Middleware\\ValidatePathEncoding.php(26): Illuminate\\Pipeline\\Pipeline->Illuminate\\Pipeline\\{closure}(Object(Illuminate\\Http\\Request))
#56 C:\\OSPanel\\home\\guitar_prog1\\vendor\\laravel\\framework\\src\\Illuminate\\Pipeline\\Pipeline.php(209): Illuminate\\Http\\Middleware\\ValidatePathEncoding->handle(Object(Illuminate\\Http\\Request), Object(Closure))
#57 C:\\OSPanel\\home\\guitar_prog1\\vendor\\laravel\\framework\\src\\Illuminate\\Pipeline\\Pipeline.php(127): Illuminate\\Pipeline\\Pipeline->Illuminate\\Pipeline\\{closure}(Object(Illuminate\\Http\\Request))
#58 C:\\OSPanel\\home\\guitar_prog1\\vendor\\laravel\\framework\\src\\Illuminate\\Foundation\\Http\\Kernel.php(176): Illuminate\\Pipeline\\Pipeline->then(Object(Closure))
#59 C:\\OSPanel\\home\\guitar_prog1\\vendor\\laravel\\framework\\src\\Illuminate\\Foundation\\Http\\Kernel.php(145): Illuminate\\Foundation\\Http\\Kernel->sendRequestThroughRouter(Object(Illuminate\\Http\\Request))
#60 C:\\OSPanel\\home\\guitar_prog1\\vendor\\laravel\\framework\\src\\Illuminate\\Foundation\\Application.php(1220): Illuminate\\Foundation\\Http\\Kernel->handle(Object(Illuminate\\Http\\Request))
#61 C:\\OSPanel\\home\\guitar_prog1\\public\\index.php(20): Illuminate\\Foundation\\Application->handleRequest(Object(Illuminate\\Http\\Request))
#62 C:\\OSPanel\\home\\guitar_prog1\\vendor\\laravel\\framework\\src\\Illuminate\\Foundation\\resources\\server.php(23): require_once('C:\\\\OSPanel\\\\home...')
#63 {main}
"} 
[2025-05-01 23:42:29] local.ERROR: Undefined variable $popularProducts (View: C:\OSPanel\home\guitar_prog1\resources\views\products\index.blade.php) {"userId":2,"exception":"[object] (Illuminate\\View\\ViewException(code: 0): Undefined variable $popularProducts (View: C:\\OSPanel\\home\\guitar_prog1\\resources\\views\\products\\index.blade.php) at C:\\OSPanel\\home\\guitar_prog1\\storage\\framework\\views\\dd2b5aedd34c2b6b7daa78c17fdb74a1.php:21)
[stacktrace]
#0 C:\\OSPanel\\home\\guitar_prog1\\vendor\\livewire\\livewire\\src\\Mechanisms\\ExtendBlade\\ExtendedCompilerEngine.php(58): Illuminate\\View\\Engines\\CompilerEngine->handleViewException(Object(ErrorException), 1)
#1 C:\\OSPanel\\home\\guitar_prog1\\vendor\\laravel\\framework\\src\\Illuminate\\View\\Engines\\PhpEngine.php(60): Livewire\\Mechanisms\\ExtendBlade\\ExtendedCompilerEngine->handleViewException(Object(ErrorException), 1)
#2 C:\\OSPanel\\home\\guitar_prog1\\vendor\\livewire\\livewire\\src\\Mechanisms\\ExtendBlade\\ExtendedCompilerEngine.php(22): Illuminate\\View\\Engines\\PhpEngine->evaluatePath('C:\\\\OSPanel\\\\home...', Array)
#3 C:\\OSPanel\\home\\guitar_prog1\\vendor\\laravel\\framework\\src\\Illuminate\\View\\Engines\\CompilerEngine.php(75): Livewire\\Mechanisms\\ExtendBlade\\ExtendedCompilerEngine->evaluatePath('C:\\\\OSPanel\\\\home...', Array)
#4 C:\\OSPanel\\home\\guitar_prog1\\vendor\\livewire\\livewire\\src\\Mechanisms\\ExtendBlade\\ExtendedCompilerEngine.php(10): Illuminate\\View\\Engines\\CompilerEngine->get('C:\\\\OSPanel\\\\home...', Array)
#5 C:\\OSPanel\\home\\guitar_prog1\\vendor\\laravel\\framework\\src\\Illuminate\\View\\View.php(209): Livewire\\Mechanisms\\ExtendBlade\\ExtendedCompilerEngine->get('C:\\\\OSPanel\\\\home...', Array)
#6 C:\\OSPanel\\home\\guitar_prog1\\vendor\\laravel\\framework\\src\\Illuminate\\View\\View.php(192): Illuminate\\View\\View->getContents()
#7 C:\\OSPanel\\home\\guitar_prog1\\vendor\\laravel\\framework\\src\\Illuminate\\View\\View.php(161): Illuminate\\View\\View->renderContents()
#8 C:\\OSPanel\\home\\guitar_prog1\\vendor\\laravel\\framework\\src\\Illuminate\\Http\\Response.php(79): Illuminate\\View\\View->render()
#9 C:\\OSPanel\\home\\guitar_prog1\\vendor\\laravel\\framework\\src\\Illuminate\\Http\\Response.php(35): Illuminate\\Http\\Response->setContent(Object(Illuminate\\View\\View))
#10 C:\\OSPanel\\home\\guitar_prog1\\vendor\\laravel\\framework\\src\\Illuminate\\Routing\\Router.php(920): Illuminate\\Http\\Response->__construct(Object(Illuminate\\View\\View), 200, Array)
#11 C:\\OSPanel\\home\\guitar_prog1\\vendor\\laravel\\framework\\src\\Illuminate\\Routing\\Router.php(887): Illuminate\\Routing\\Router::toResponse(Object(Illuminate\\Http\\Request), Object(Illuminate\\View\\View))
#12 C:\\OSPanel\\home\\guitar_prog1\\vendor\\laravel\\framework\\src\\Illuminate\\Routing\\Router.php(807): Illuminate\\Routing\\Router->prepareResponse(Object(Illuminate\\Http\\Request), Object(Illuminate\\View\\View))
#13 C:\\OSPanel\\home\\guitar_prog1\\vendor\\laravel\\framework\\src\\Illuminate\\Pipeline\\Pipeline.php(170): Illuminate\\Routing\\Router->Illuminate\\Routing\\{closure}(Object(Illuminate\\Http\\Request))
#14 C:\\OSPanel\\home\\guitar_prog1\\vendor\\laravel\\framework\\src\\Illuminate\\Routing\\Middleware\\SubstituteBindings.php(51): Illuminate\\Pipeline\\Pipeline->Illuminate\\Pipeline\\{closure}(Object(Illuminate\\Http\\Request))
#15 C:\\OSPanel\\home\\guitar_prog1\\vendor\\laravel\\framework\\src\\Illuminate\\Pipeline\\Pipeline.php(209): Illuminate\\Routing\\Middleware\\SubstituteBindings->handle(Object(Illuminate\\Http\\Request), Object(Closure))
#16 C:\\OSPanel\\home\\guitar_prog1\\vendor\\laravel\\framework\\src\\Illuminate\\Foundation\\Http\\Middleware\\VerifyCsrfToken.php(88): Illuminate\\Pipeline\\Pipeline->Illuminate\\Pipeline\\{closure}(Object(Illuminate\\Http\\Request))
#17 C:\\OSPanel\\home\\guitar_prog1\\vendor\\laravel\\framework\\src\\Illuminate\\Pipeline\\Pipeline.php(209): Illuminate\\Foundation\\Http\\Middleware\\VerifyCsrfToken->handle(Object(Illuminate\\Http\\Request), Object(Closure))
#18 C:\\OSPanel\\home\\guitar_prog1\\vendor\\laravel\\framework\\src\\Illuminate\\View\\Middleware\\ShareErrorsFromSession.php(49): Illuminate\\Pipeline\\Pipeline->Illuminate\\Pipeline\\{closure}(Object(Illuminate\\Http\\Request))
#19 C:\\OSPanel\\home\\guitar_prog1\\vendor\\laravel\\framework\\src\\Illuminate\\Pipeline\\Pipeline.php(209): Illuminate\\View\\Middleware\\ShareErrorsFromSession->handle(Object(Illuminate\\Http\\Request), Object(Closure))
#20 C:\\OSPanel\\home\\guitar_prog1\\vendor\\laravel\\framework\\src\\Illuminate\\Session\\Middleware\\StartSession.php(121): Illuminate\\Pipeline\\Pipeline->Illuminate\\Pipeline\\{closure}(Object(Illuminate\\Http\\Request))
#21 C:\\OSPanel\\home\\guitar_prog1\\vendor\\laravel\\framework\\src\\Illuminate\\Session\\Middleware\\StartSession.php(64): Illuminate\\Session\\Middleware\\StartSession->handleStatefulRequest(Object(Illuminate\\Http\\Request), Object(Illuminate\\Session\\Store), Object(Closure))
#22 C:\\OSPanel\\home\\guitar_prog1\\vendor\\laravel\\framework\\src\\Illuminate\\Pipeline\\Pipeline.php(209): Illuminate\\Session\\Middleware\\StartSession->handle(Object(Illuminate\\Http\\Request), Object(Closure))
#23 C:\\OSPanel\\home\\guitar_prog1\\vendor\\laravel\\framework\\src\\Illuminate\\Cookie\\Middleware\\AddQueuedCookiesToResponse.php(37): Illuminate\\Pipeline\\Pipeline->Illuminate\\Pipeline\\{closure}(Object(Illuminate\\Http\\Request))
#24 C:\\OSPanel\\home\\guitar_prog1\\vendor\\laravel\\framework\\src\\Illuminate\\Pipeline\\Pipeline.php(209): Illuminate\\Cookie\\Middleware\\AddQueuedCookiesToResponse->handle(Object(Illuminate\\Http\\Request), Object(Closure))
#25 C:\\OSPanel\\home\\guitar_prog1\\vendor\\laravel\\framework\\src\\Illuminate\\Cookie\\Middleware\\EncryptCookies.php(75): Illuminate\\Pipeline\\Pipeline->Illuminate\\Pipeline\\{closure}(Object(Illuminate\\Http\\Request))
#26 C:\\OSPanel\\home\\guitar_prog1\\vendor\\laravel\\framework\\src\\Illuminate\\Pipeline\\Pipeline.php(209): Illuminate\\Cookie\\Middleware\\EncryptCookies->handle(Object(Illuminate\\Http\\Request), Object(Closure))
#27 C:\\OSPanel\\home\\guitar_prog1\\vendor\\laravel\\framework\\src\\Illuminate\\Pipeline\\Pipeline.php(127): Illuminate\\Pipeline\\Pipeline->Illuminate\\Pipeline\\{closure}(Object(Illuminate\\Http\\Request))
#28 C:\\OSPanel\\home\\guitar_prog1\\vendor\\laravel\\framework\\src\\Illuminate\\Routing\\Router.php(807): Illuminate\\Pipeline\\Pipeline->then(Object(Closure))
#29 C:\\OSPanel\\home\\guitar_prog1\\vendor\\laravel\\framework\\src\\Illuminate\\Routing\\Router.php(786): Illuminate\\Routing\\Router->runRouteWithinStack(Object(Illuminate\\Routing\\Route), Object(Illuminate\\Http\\Request))
#30 C:\\OSPanel\\home\\guitar_prog1\\vendor\\laravel\\framework\\src\\Illuminate\\Routing\\Router.php(750): Illuminate\\Routing\\Router->runRoute(Object(Illuminate\\Http\\Request), Object(Illuminate\\Routing\\Route))
#31 C:\\OSPanel\\home\\guitar_prog1\\vendor\\laravel\\framework\\src\\Illuminate\\Routing\\Router.php(739): Illuminate\\Routing\\Router->dispatchToRoute(Object(Illuminate\\Http\\Request))
#32 C:\\OSPanel\\home\\guitar_prog1\\vendor\\laravel\\framework\\src\\Illuminate\\Foundation\\Http\\Kernel.php(201): Illuminate\\Routing\\Router->dispatch(Object(Illuminate\\Http\\Request))
#33 C:\\OSPanel\\home\\guitar_prog1\\vendor\\laravel\\framework\\src\\Illuminate\\Pipeline\\Pipeline.php(170): Illuminate\\Foundation\\Http\\Kernel->Illuminate\\Foundation\\Http\\{closure}(Object(Illuminate\\Http\\Request))
#34 C:\\OSPanel\\home\\guitar_prog1\\vendor\\livewire\\livewire\\src\\Features\\SupportDisablingBackButtonCache\\DisableBackButtonCacheMiddleware.php(19): Illuminate\\Pipeline\\Pipeline->Illuminate\\Pipeline\\{closure}(Object(Illuminate\\Http\\Request))
#35 C:\\OSPanel\\home\\guitar_prog1\\vendor\\laravel\\framework\\src\\Illuminate\\Pipeline\\Pipeline.php(209): Livewire\\Features\\SupportDisablingBackButtonCache\\DisableBackButtonCacheMiddleware->handle(Object(Illuminate\\Http\\Request), Object(Closure))
#36 C:\\OSPanel\\home\\guitar_prog1\\vendor\\laravel\\framework\\src\\Illuminate\\Foundation\\Http\\Middleware\\TransformsRequest.php(21): Illuminate\\Pipeline\\Pipeline->Illuminate\\Pipeline\\{closure}(Object(Illuminate\\Http\\Request))
#37 C:\\OSPanel\\home\\guitar_prog1\\vendor\\laravel\\framework\\src\\Illuminate\\Foundation\\Http\\Middleware\\ConvertEmptyStringsToNull.php(31): Illuminate\\Foundation\\Http\\Middleware\\TransformsRequest->handle(Object(Illuminate\\Http\\Request), Object(Closure))
#38 C:\\OSPanel\\home\\guitar_prog1\\vendor\\laravel\\framework\\src\\Illuminate\\Pipeline\\Pipeline.php(209): Illuminate\\Foundation\\Http\\Middleware\\ConvertEmptyStringsToNull->handle(Object(Illuminate\\Http\\Request), Object(Closure))
#39 C:\\OSPanel\\home\\guitar_prog1\\vendor\\laravel\\framework\\src\\Illuminate\\Foundation\\Http\\Middleware\\TransformsRequest.php(21): Illuminate\\Pipeline\\Pipeline->Illuminate\\Pipeline\\{closure}(Object(Illuminate\\Http\\Request))
#40 C:\\OSPanel\\home\\guitar_prog1\\vendor\\laravel\\framework\\src\\Illuminate\\Foundation\\Http\\Middleware\\TrimStrings.php(51): Illuminate\\Foundation\\Http\\Middleware\\TransformsRequest->handle(Object(Illuminate\\Http\\Request), Object(Closure))
#41 C:\\OSPanel\\home\\guitar_prog1\\vendor\\laravel\\framework\\src\\Illuminate\\Pipeline\\Pipeline.php(209): Illuminate\\Foundation\\Http\\Middleware\\TrimStrings->handle(Object(Illuminate\\Http\\Request), Object(Closure))
#42 C:\\OSPanel\\home\\guitar_prog1\\vendor\\laravel\\framework\\src\\Illuminate\\Http\\Middleware\\ValidatePostSize.php(27): Illuminate\\Pipeline\\Pipeline->Illuminate\\Pipeline\\{closure}(Object(Illuminate\\Http\\Request))
#43 C:\\OSPanel\\home\\guitar_prog1\\vendor\\laravel\\framework\\src\\Illuminate\\Pipeline\\Pipeline.php(209): Illuminate\\Http\\Middleware\\ValidatePostSize->handle(Object(Illuminate\\Http\\Request), Object(Closure))
#44 C:\\OSPanel\\home\\guitar_prog1\\vendor\\laravel\\framework\\src\\Illuminate\\Foundation\\Http\\Middleware\\PreventRequestsDuringMaintenance.php(110): Illuminate\\Pipeline\\Pipeline->Illuminate\\Pipeline\\{closure}(Object(Illuminate\\Http\\Request))
#45 C:\\OSPanel\\home\\guitar_prog1\\vendor\\laravel\\framework\\src\\Illuminate\\Pipeline\\Pipeline.php(209): Illuminate\\Foundation\\Http\\Middleware\\PreventRequestsDuringMaintenance->handle(Object(Illuminate\\Http\\Request), Object(Closure))
#46 C:\\OSPanel\\home\\guitar_prog1\\vendor\\laravel\\framework\\src\\Illuminate\\Http\\Middleware\\HandleCors.php(49): Illuminate\\Pipeline\\Pipeline->Illuminate\\Pipeline\\{closure}(Object(Illuminate\\Http\\Request))
#47 C:\\OSPanel\\home\\guitar_prog1\\vendor\\laravel\\framework\\src\\Illuminate\\Pipeline\\Pipeline.php(209): Illuminate\\Http\\Middleware\\HandleCors->handle(Object(Illuminate\\Http\\Request), Object(Closure))
#48 C:\\OSPanel\\home\\guitar_prog1\\vendor\\laravel\\framework\\src\\Illuminate\\Http\\Middleware\\TrustProxies.php(58): Illuminate\\Pipeline\\Pipeline->Illuminate\\Pipeline\\{closure}(Object(Illuminate\\Http\\Request))
#49 C:\\OSPanel\\home\\guitar_prog1\\vendor\\laravel\\framework\\src\\Illuminate\\Pipeline\\Pipeline.php(209): Illuminate\\Http\\Middleware\\TrustProxies->handle(Object(Illuminate\\Http\\Request), Object(Closure))
#50 C:\\OSPanel\\home\\guitar_prog1\\vendor\\laravel\\framework\\src\\Illuminate\\Foundation\\Http\\Middleware\\InvokeDeferredCallbacks.php(22): Illuminate\\Pipeline\\Pipeline->Illuminate\\Pipeline\\{closure}(Object(Illuminate\\Http\\Request))
#51 C:\\OSPanel\\home\\guitar_prog1\\vendor\\laravel\\framework\\src\\Illuminate\\Pipeline\\Pipeline.php(209): Illuminate\\Foundation\\Http\\Middleware\\InvokeDeferredCallbacks->handle(Object(Illuminate\\Http\\Request), Object(Closure))
#52 C:\\OSPanel\\home\\guitar_prog1\\vendor\\laravel\\framework\\src\\Illuminate\\Http\\Middleware\\ValidatePathEncoding.php(26): Illuminate\\Pipeline\\Pipeline->Illuminate\\Pipeline\\{closure}(Object(Illuminate\\Http\\Request))
#53 C:\\OSPanel\\home\\guitar_prog1\\vendor\\laravel\\framework\\src\\Illuminate\\Pipeline\\Pipeline.php(209): Illuminate\\Http\\Middleware\\ValidatePathEncoding->handle(Object(Illuminate\\Http\\Request), Object(Closure))
#54 C:\\OSPanel\\home\\guitar_prog1\\vendor\\laravel\\framework\\src\\Illuminate\\Pipeline\\Pipeline.php(127): Illuminate\\Pipeline\\Pipeline->Illuminate\\Pipeline\\{closure}(Object(Illuminate\\Http\\Request))
#55 C:\\OSPanel\\home\\guitar_prog1\\vendor\\laravel\\framework\\src\\Illuminate\\Foundation\\Http\\Kernel.php(176): Illuminate\\Pipeline\\Pipeline->then(Object(Closure))
#56 C:\\OSPanel\\home\\guitar_prog1\\vendor\\laravel\\framework\\src\\Illuminate\\Foundation\\Http\\Kernel.php(145): Illuminate\\Foundation\\Http\\Kernel->sendRequestThroughRouter(Object(Illuminate\\Http\\Request))
#57 C:\\OSPanel\\home\\guitar_prog1\\vendor\\laravel\\framework\\src\\Illuminate\\Foundation\\Application.php(1220): Illuminate\\Foundation\\Http\\Kernel->handle(Object(Illuminate\\Http\\Request))
#58 C:\\OSPanel\\home\\guitar_prog1\\public\\index.php(20): Illuminate\\Foundation\\Application->handleRequest(Object(Illuminate\\Http\\Request))
#59 C:\\OSPanel\\home\\guitar_prog1\\vendor\\laravel\\framework\\src\\Illuminate\\Foundation\\resources\\server.php(23): require_once('C:\\\\OSPanel\\\\home...')
#60 {main}

[previous exception] [object] (ErrorException(code: 0): Undefined variable $popularProducts at C:\\OSPanel\\home\\guitar_prog1\\storage\\framework\\views\\dd2b5aedd34c2b6b7daa78c17fdb74a1.php:21)
[stacktrace]
#0 C:\\OSPanel\\home\\guitar_prog1\\vendor\\laravel\\framework\\src\\Illuminate\\Foundation\\Bootstrap\\HandleExceptions.php(256): Illuminate\\Foundation\\Bootstrap\\HandleExceptions->handleError(2, 'Undefined varia...', 'C:\\\\OSPanel\\\\home...', 21)
#1 C:\\OSPanel\\home\\guitar_prog1\\storage\\framework\\views\\dd2b5aedd34c2b6b7daa78c17fdb74a1.php(21): Illuminate\\Foundation\\Bootstrap\\HandleExceptions->Illuminate\\Foundation\\Bootstrap\\{closure}(2, 'Undefined varia...', 'C:\\\\OSPanel\\\\home...', 21)
#2 C:\\OSPanel\\home\\guitar_prog1\\vendor\\laravel\\framework\\src\\Illuminate\\Filesystem\\Filesystem.php(123): require('C:\\\\OSPanel\\\\home...')
#3 C:\\OSPanel\\home\\guitar_prog1\\vendor\\laravel\\framework\\src\\Illuminate\\Filesystem\\Filesystem.php(124): Illuminate\\Filesystem\\Filesystem::Illuminate\\Filesystem\\{closure}()
#4 C:\\OSPanel\\home\\guitar_prog1\\vendor\\laravel\\framework\\src\\Illuminate\\View\\Engines\\PhpEngine.php(58): Illuminate\\Filesystem\\Filesystem->getRequire('C:\\\\OSPanel\\\\home...', Array)
#5 C:\\OSPanel\\home\\guitar_prog1\\vendor\\livewire\\livewire\\src\\Mechanisms\\ExtendBlade\\ExtendedCompilerEngine.php(22): Illuminate\\View\\Engines\\PhpEngine->evaluatePath('C:\\\\OSPanel\\\\home...', Array)
#6 C:\\OSPanel\\home\\guitar_prog1\\vendor\\laravel\\framework\\src\\Illuminate\\View\\Engines\\CompilerEngine.php(75): Livewire\\Mechanisms\\ExtendBlade\\ExtendedCompilerEngine->evaluatePath('C:\\\\OSPanel\\\\home...', Array)
#7 C:\\OSPanel\\home\\guitar_prog1\\vendor\\livewire\\livewire\\src\\Mechanisms\\ExtendBlade\\ExtendedCompilerEngine.php(10): Illuminate\\View\\Engines\\CompilerEngine->get('C:\\\\OSPanel\\\\home...', Array)
#8 C:\\OSPanel\\home\\guitar_prog1\\vendor\\laravel\\framework\\src\\Illuminate\\View\\View.php(209): Livewire\\Mechanisms\\ExtendBlade\\ExtendedCompilerEngine->get('C:\\\\OSPanel\\\\home...', Array)
#9 C:\\OSPanel\\home\\guitar_prog1\\vendor\\laravel\\framework\\src\\Illuminate\\View\\View.php(192): Illuminate\\View\\View->getContents()
#10 C:\\OSPanel\\home\\guitar_prog1\\vendor\\laravel\\framework\\src\\Illuminate\\View\\View.php(161): Illuminate\\View\\View->renderContents()
#11 C:\\OSPanel\\home\\guitar_prog1\\vendor\\laravel\\framework\\src\\Illuminate\\Http\\Response.php(79): Illuminate\\View\\View->render()
#12 C:\\OSPanel\\home\\guitar_prog1\\vendor\\laravel\\framework\\src\\Illuminate\\Http\\Response.php(35): Illuminate\\Http\\Response->setContent(Object(Illuminate\\View\\View))
#13 C:\\OSPanel\\home\\guitar_prog1\\vendor\\laravel\\framework\\src\\Illuminate\\Routing\\Router.php(920): Illuminate\\Http\\Response->__construct(Object(Illuminate\\View\\View), 200, Array)
#14 C:\\OSPanel\\home\\guitar_prog1\\vendor\\laravel\\framework\\src\\Illuminate\\Routing\\Router.php(887): Illuminate\\Routing\\Router::toResponse(Object(Illuminate\\Http\\Request), Object(Illuminate\\View\\View))
#15 C:\\OSPanel\\home\\guitar_prog1\\vendor\\laravel\\framework\\src\\Illuminate\\Routing\\Router.php(807): Illuminate\\Routing\\Router->prepareResponse(Object(Illuminate\\Http\\Request), Object(Illuminate\\View\\View))
#16 C:\\OSPanel\\home\\guitar_prog1\\vendor\\laravel\\framework\\src\\Illuminate\\Pipeline\\Pipeline.php(170): Illuminate\\Routing\\Router->Illuminate\\Routing\\{closure}(Object(Illuminate\\Http\\Request))
#17 C:\\OSPanel\\home\\guitar_prog1\\vendor\\laravel\\framework\\src\\Illuminate\\Routing\\Middleware\\SubstituteBindings.php(51): Illuminate\\Pipeline\\Pipeline->Illuminate\\Pipeline\\{closure}(Object(Illuminate\\Http\\Request))
#18 C:\\OSPanel\\home\\guitar_prog1\\vendor\\laravel\\framework\\src\\Illuminate\\Pipeline\\Pipeline.php(209): Illuminate\\Routing\\Middleware\\SubstituteBindings->handle(Object(Illuminate\\Http\\Request), Object(Closure))
#19 C:\\OSPanel\\home\\guitar_prog1\\vendor\\laravel\\framework\\src\\Illuminate\\Foundation\\Http\\Middleware\\VerifyCsrfToken.php(88): Illuminate\\Pipeline\\Pipeline->Illuminate\\Pipeline\\{closure}(Object(Illuminate\\Http\\Request))
#20 C:\\OSPanel\\home\\guitar_prog1\\vendor\\laravel\\framework\\src\\Illuminate\\Pipeline\\Pipeline.php(209): Illuminate\\Foundation\\Http\\Middleware\\VerifyCsrfToken->handle(Object(Illuminate\\Http\\Request), Object(Closure))
#21 C:\\OSPanel\\home\\guitar_prog1\\vendor\\laravel\\framework\\src\\Illuminate\\View\\Middleware\\ShareErrorsFromSession.php(49): Illuminate\\Pipeline\\Pipeline->Illuminate\\Pipeline\\{closure}(Object(Illuminate\\Http\\Request))
#22 C:\\OSPanel\\home\\guitar_prog1\\vendor\\laravel\\framework\\src\\Illuminate\\Pipeline\\Pipeline.php(209): Illuminate\\View\\Middleware\\ShareErrorsFromSession->handle(Object(Illuminate\\Http\\Request), Object(Closure))
#23 C:\\OSPanel\\home\\guitar_prog1\\vendor\\laravel\\framework\\src\\Illuminate\\Session\\Middleware\\StartSession.php(121): Illuminate\\Pipeline\\Pipeline->Illuminate\\Pipeline\\{closure}(Object(Illuminate\\Http\\Request))
#24 C:\\OSPanel\\home\\guitar_prog1\\vendor\\laravel\\framework\\src\\Illuminate\\Session\\Middleware\\StartSession.php(64): Illuminate\\Session\\Middleware\\StartSession->handleStatefulRequest(Object(Illuminate\\Http\\Request), Object(Illuminate\\Session\\Store), Object(Closure))
#25 C:\\OSPanel\\home\\guitar_prog1\\vendor\\laravel\\framework\\src\\Illuminate\\Pipeline\\Pipeline.php(209): Illuminate\\Session\\Middleware\\StartSession->handle(Object(Illuminate\\Http\\Request), Object(Closure))
#26 C:\\OSPanel\\home\\guitar_prog1\\vendor\\laravel\\framework\\src\\Illuminate\\Cookie\\Middleware\\AddQueuedCookiesToResponse.php(37): Illuminate\\Pipeline\\Pipeline->Illuminate\\Pipeline\\{closure}(Object(Illuminate\\Http\\Request))
#27 C:\\OSPanel\\home\\guitar_prog1\\vendor\\laravel\\framework\\src\\Illuminate\\Pipeline\\Pipeline.php(209): Illuminate\\Cookie\\Middleware\\AddQueuedCookiesToResponse->handle(Object(Illuminate\\Http\\Request), Object(Closure))
#28 C:\\OSPanel\\home\\guitar_prog1\\vendor\\laravel\\framework\\src\\Illuminate\\Cookie\\Middleware\\EncryptCookies.php(75): Illuminate\\Pipeline\\Pipeline->Illuminate\\Pipeline\\{closure}(Object(Illuminate\\Http\\Request))
#29 C:\\OSPanel\\home\\guitar_prog1\\vendor\\laravel\\framework\\src\\Illuminate\\Pipeline\\Pipeline.php(209): Illuminate\\Cookie\\Middleware\\EncryptCookies->handle(Object(Illuminate\\Http\\Request), Object(Closure))
#30 C:\\OSPanel\\home\\guitar_prog1\\vendor\\laravel\\framework\\src\\Illuminate\\Pipeline\\Pipeline.php(127): Illuminate\\Pipeline\\Pipeline->Illuminate\\Pipeline\\{closure}(Object(Illuminate\\Http\\Request))
#31 C:\\OSPanel\\home\\guitar_prog1\\vendor\\laravel\\framework\\src\\Illuminate\\Routing\\Router.php(807): Illuminate\\Pipeline\\Pipeline->then(Object(Closure))
#32 C:\\OSPanel\\home\\guitar_prog1\\vendor\\laravel\\framework\\src\\Illuminate\\Routing\\Router.php(786): Illuminate\\Routing\\Router->runRouteWithinStack(Object(Illuminate\\Routing\\Route), Object(Illuminate\\Http\\Request))
#33 C:\\OSPanel\\home\\guitar_prog1\\vendor\\laravel\\framework\\src\\Illuminate\\Routing\\Router.php(750): Illuminate\\Routing\\Router->runRoute(Object(Illuminate\\Http\\Request), Object(Illuminate\\Routing\\Route))
#34 C:\\OSPanel\\home\\guitar_prog1\\vendor\\laravel\\framework\\src\\Illuminate\\Routing\\Router.php(739): Illuminate\\Routing\\Router->dispatchToRoute(Object(Illuminate\\Http\\Request))
#35 C:\\OSPanel\\home\\guitar_prog1\\vendor\\laravel\\framework\\src\\Illuminate\\Foundation\\Http\\Kernel.php(201): Illuminate\\Routing\\Router->dispatch(Object(Illuminate\\Http\\Request))
#36 C:\\OSPanel\\home\\guitar_prog1\\vendor\\laravel\\framework\\src\\Illuminate\\Pipeline\\Pipeline.php(170): Illuminate\\Foundation\\Http\\Kernel->Illuminate\\Foundation\\Http\\{closure}(Object(Illuminate\\Http\\Request))
#37 C:\\OSPanel\\home\\guitar_prog1\\vendor\\livewire\\livewire\\src\\Features\\SupportDisablingBackButtonCache\\DisableBackButtonCacheMiddleware.php(19): Illuminate\\Pipeline\\Pipeline->Illuminate\\Pipeline\\{closure}(Object(Illuminate\\Http\\Request))
#38 C:\\OSPanel\\home\\guitar_prog1\\vendor\\laravel\\framework\\src\\Illuminate\\Pipeline\\Pipeline.php(209): Livewire\\Features\\SupportDisablingBackButtonCache\\DisableBackButtonCacheMiddleware->handle(Object(Illuminate\\Http\\Request), Object(Closure))
#39 C:\\OSPanel\\home\\guitar_prog1\\vendor\\laravel\\framework\\src\\Illuminate\\Foundation\\Http\\Middleware\\TransformsRequest.php(21): Illuminate\\Pipeline\\Pipeline->Illuminate\\Pipeline\\{closure}(Object(Illuminate\\Http\\Request))
#40 C:\\OSPanel\\home\\guitar_prog1\\vendor\\laravel\\framework\\src\\Illuminate\\Foundation\\Http\\Middleware\\ConvertEmptyStringsToNull.php(31): Illuminate\\Foundation\\Http\\Middleware\\TransformsRequest->handle(Object(Illuminate\\Http\\Request), Object(Closure))
#41 C:\\OSPanel\\home\\guitar_prog1\\vendor\\laravel\\framework\\src\\Illuminate\\Pipeline\\Pipeline.php(209): Illuminate\\Foundation\\Http\\Middleware\\ConvertEmptyStringsToNull->handle(Object(Illuminate\\Http\\Request), Object(Closure))
#42 C:\\OSPanel\\home\\guitar_prog1\\vendor\\laravel\\framework\\src\\Illuminate\\Foundation\\Http\\Middleware\\TransformsRequest.php(21): Illuminate\\Pipeline\\Pipeline->Illuminate\\Pipeline\\{closure}(Object(Illuminate\\Http\\Request))
#43 C:\\OSPanel\\home\\guitar_prog1\\vendor\\laravel\\framework\\src\\Illuminate\\Foundation\\Http\\Middleware\\TrimStrings.php(51): Illuminate\\Foundation\\Http\\Middleware\\TransformsRequest->handle(Object(Illuminate\\Http\\Request), Object(Closure))
#44 C:\\OSPanel\\home\\guitar_prog1\\vendor\\laravel\\framework\\src\\Illuminate\\Pipeline\\Pipeline.php(209): Illuminate\\Foundation\\Http\\Middleware\\TrimStrings->handle(Object(Illuminate\\Http\\Request), Object(Closure))
#45 C:\\OSPanel\\home\\guitar_prog1\\vendor\\laravel\\framework\\src\\Illuminate\\Http\\Middleware\\ValidatePostSize.php(27): Illuminate\\Pipeline\\Pipeline->Illuminate\\Pipeline\\{closure}(Object(Illuminate\\Http\\Request))
#46 C:\\OSPanel\\home\\guitar_prog1\\vendor\\laravel\\framework\\src\\Illuminate\\Pipeline\\Pipeline.php(209): Illuminate\\Http\\Middleware\\ValidatePostSize->handle(Object(Illuminate\\Http\\Request), Object(Closure))
#47 C:\\OSPanel\\home\\guitar_prog1\\vendor\\laravel\\framework\\src\\Illuminate\\Foundation\\Http\\Middleware\\PreventRequestsDuringMaintenance.php(110): Illuminate\\Pipeline\\Pipeline->Illuminate\\Pipeline\\{closure}(Object(Illuminate\\Http\\Request))
#48 C:\\OSPanel\\home\\guitar_prog1\\vendor\\laravel\\framework\\src\\Illuminate\\Pipeline\\Pipeline.php(209): Illuminate\\Foundation\\Http\\Middleware\\PreventRequestsDuringMaintenance->handle(Object(Illuminate\\Http\\Request), Object(Closure))
#49 C:\\OSPanel\\home\\guitar_prog1\\vendor\\laravel\\framework\\src\\Illuminate\\Http\\Middleware\\HandleCors.php(49): Illuminate\\Pipeline\\Pipeline->Illuminate\\Pipeline\\{closure}(Object(Illuminate\\Http\\Request))
#50 C:\\OSPanel\\home\\guitar_prog1\\vendor\\laravel\\framework\\src\\Illuminate\\Pipeline\\Pipeline.php(209): Illuminate\\Http\\Middleware\\HandleCors->handle(Object(Illuminate\\Http\\Request), Object(Closure))
#51 C:\\OSPanel\\home\\guitar_prog1\\vendor\\laravel\\framework\\src\\Illuminate\\Http\\Middleware\\TrustProxies.php(58): Illuminate\\Pipeline\\Pipeline->Illuminate\\Pipeline\\{closure}(Object(Illuminate\\Http\\Request))
#52 C:\\OSPanel\\home\\guitar_prog1\\vendor\\laravel\\framework\\src\\Illuminate\\Pipeline\\Pipeline.php(209): Illuminate\\Http\\Middleware\\TrustProxies->handle(Object(Illuminate\\Http\\Request), Object(Closure))
#53 C:\\OSPanel\\home\\guitar_prog1\\vendor\\laravel\\framework\\src\\Illuminate\\Foundation\\Http\\Middleware\\InvokeDeferredCallbacks.php(22): Illuminate\\Pipeline\\Pipeline->Illuminate\\Pipeline\\{closure}(Object(Illuminate\\Http\\Request))
#54 C:\\OSPanel\\home\\guitar_prog1\\vendor\\laravel\\framework\\src\\Illuminate\\Pipeline\\Pipeline.php(209): Illuminate\\Foundation\\Http\\Middleware\\InvokeDeferredCallbacks->handle(Object(Illuminate\\Http\\Request), Object(Closure))
#55 C:\\OSPanel\\home\\guitar_prog1\\vendor\\laravel\\framework\\src\\Illuminate\\Http\\Middleware\\ValidatePathEncoding.php(26): Illuminate\\Pipeline\\Pipeline->Illuminate\\Pipeline\\{closure}(Object(Illuminate\\Http\\Request))
#56 C:\\OSPanel\\home\\guitar_prog1\\vendor\\laravel\\framework\\src\\Illuminate\\Pipeline\\Pipeline.php(209): Illuminate\\Http\\Middleware\\ValidatePathEncoding->handle(Object(Illuminate\\Http\\Request), Object(Closure))
#57 C:\\OSPanel\\home\\guitar_prog1\\vendor\\laravel\\framework\\src\\Illuminate\\Pipeline\\Pipeline.php(127): Illuminate\\Pipeline\\Pipeline->Illuminate\\Pipeline\\{closure}(Object(Illuminate\\Http\\Request))
#58 C:\\OSPanel\\home\\guitar_prog1\\vendor\\laravel\\framework\\src\\Illuminate\\Foundation\\Http\\Kernel.php(176): Illuminate\\Pipeline\\Pipeline->then(Object(Closure))
#59 C:\\OSPanel\\home\\guitar_prog1\\vendor\\laravel\\framework\\src\\Illuminate\\Foundation\\Http\\Kernel.php(145): Illuminate\\Foundation\\Http\\Kernel->sendRequestThroughRouter(Object(Illuminate\\Http\\Request))
#60 C:\\OSPanel\\home\\guitar_prog1\\vendor\\laravel\\framework\\src\\Illuminate\\Foundation\\Application.php(1220): Illuminate\\Foundation\\Http\\Kernel->handle(Object(Illuminate\\Http\\Request))
#61 C:\\OSPanel\\home\\guitar_prog1\\public\\index.php(20): Illuminate\\Foundation\\Application->handleRequest(Object(Illuminate\\Http\\Request))
#62 C:\\OSPanel\\home\\guitar_prog1\\vendor\\laravel\\framework\\src\\Illuminate\\Foundation\\resources\\server.php(23): require_once('C:\\\\OSPanel\\\\home...')
#63 {main}
"} 
[2025-05-01 23:42:57] local.ERROR: Undefined variable $popularProducts (View: C:\OSPanel\home\guitar_prog1\resources\views\products\index.blade.php) {"userId":2,"exception":"[object] (Illuminate\\View\\ViewException(code: 0): Undefined variable $popularProducts (View: C:\\OSPanel\\home\\guitar_prog1\\resources\\views\\products\\index.blade.php) at C:\\OSPanel\\home\\guitar_prog1\\storage\\framework\\views\\dd2b5aedd34c2b6b7daa78c17fdb74a1.php:21)
[stacktrace]
#0 C:\\OSPanel\\home\\guitar_prog1\\vendor\\livewire\\livewire\\src\\Mechanisms\\ExtendBlade\\ExtendedCompilerEngine.php(58): Illuminate\\View\\Engines\\CompilerEngine->handleViewException(Object(ErrorException), 1)
#1 C:\\OSPanel\\home\\guitar_prog1\\vendor\\laravel\\framework\\src\\Illuminate\\View\\Engines\\PhpEngine.php(60): Livewire\\Mechanisms\\ExtendBlade\\ExtendedCompilerEngine->handleViewException(Object(ErrorException), 1)
#2 C:\\OSPanel\\home\\guitar_prog1\\vendor\\livewire\\livewire\\src\\Mechanisms\\ExtendBlade\\ExtendedCompilerEngine.php(22): Illuminate\\View\\Engines\\PhpEngine->evaluatePath('C:\\\\OSPanel\\\\home...', Array)
#3 C:\\OSPanel\\home\\guitar_prog1\\vendor\\laravel\\framework\\src\\Illuminate\\View\\Engines\\CompilerEngine.php(75): Livewire\\Mechanisms\\ExtendBlade\\ExtendedCompilerEngine->evaluatePath('C:\\\\OSPanel\\\\home...', Array)
#4 C:\\OSPanel\\home\\guitar_prog1\\vendor\\livewire\\livewire\\src\\Mechanisms\\ExtendBlade\\ExtendedCompilerEngine.php(10): Illuminate\\View\\Engines\\CompilerEngine->get('C:\\\\OSPanel\\\\home...', Array)
#5 C:\\OSPanel\\home\\guitar_prog1\\vendor\\laravel\\framework\\src\\Illuminate\\View\\View.php(209): Livewire\\Mechanisms\\ExtendBlade\\ExtendedCompilerEngine->get('C:\\\\OSPanel\\\\home...', Array)
#6 C:\\OSPanel\\home\\guitar_prog1\\vendor\\laravel\\framework\\src\\Illuminate\\View\\View.php(192): Illuminate\\View\\View->getContents()
#7 C:\\OSPanel\\home\\guitar_prog1\\vendor\\laravel\\framework\\src\\Illuminate\\View\\View.php(161): Illuminate\\View\\View->renderContents()
#8 C:\\OSPanel\\home\\guitar_prog1\\vendor\\laravel\\framework\\src\\Illuminate\\Http\\Response.php(79): Illuminate\\View\\View->render()
#9 C:\\OSPanel\\home\\guitar_prog1\\vendor\\laravel\\framework\\src\\Illuminate\\Http\\Response.php(35): Illuminate\\Http\\Response->setContent(Object(Illuminate\\View\\View))
#10 C:\\OSPanel\\home\\guitar_prog1\\vendor\\laravel\\framework\\src\\Illuminate\\Routing\\Router.php(920): Illuminate\\Http\\Response->__construct(Object(Illuminate\\View\\View), 200, Array)
#11 C:\\OSPanel\\home\\guitar_prog1\\vendor\\laravel\\framework\\src\\Illuminate\\Routing\\Router.php(887): Illuminate\\Routing\\Router::toResponse(Object(Illuminate\\Http\\Request), Object(Illuminate\\View\\View))
#12 C:\\OSPanel\\home\\guitar_prog1\\vendor\\laravel\\framework\\src\\Illuminate\\Routing\\Router.php(807): Illuminate\\Routing\\Router->prepareResponse(Object(Illuminate\\Http\\Request), Object(Illuminate\\View\\View))
#13 C:\\OSPanel\\home\\guitar_prog1\\vendor\\laravel\\framework\\src\\Illuminate\\Pipeline\\Pipeline.php(170): Illuminate\\Routing\\Router->Illuminate\\Routing\\{closure}(Object(Illuminate\\Http\\Request))
#14 C:\\OSPanel\\home\\guitar_prog1\\vendor\\laravel\\framework\\src\\Illuminate\\Routing\\Middleware\\SubstituteBindings.php(51): Illuminate\\Pipeline\\Pipeline->Illuminate\\Pipeline\\{closure}(Object(Illuminate\\Http\\Request))
#15 C:\\OSPanel\\home\\guitar_prog1\\vendor\\laravel\\framework\\src\\Illuminate\\Pipeline\\Pipeline.php(209): Illuminate\\Routing\\Middleware\\SubstituteBindings->handle(Object(Illuminate\\Http\\Request), Object(Closure))
#16 C:\\OSPanel\\home\\guitar_prog1\\vendor\\laravel\\framework\\src\\Illuminate\\Foundation\\Http\\Middleware\\VerifyCsrfToken.php(88): Illuminate\\Pipeline\\Pipeline->Illuminate\\Pipeline\\{closure}(Object(Illuminate\\Http\\Request))
#17 C:\\OSPanel\\home\\guitar_prog1\\vendor\\laravel\\framework\\src\\Illuminate\\Pipeline\\Pipeline.php(209): Illuminate\\Foundation\\Http\\Middleware\\VerifyCsrfToken->handle(Object(Illuminate\\Http\\Request), Object(Closure))
#18 C:\\OSPanel\\home\\guitar_prog1\\vendor\\laravel\\framework\\src\\Illuminate\\View\\Middleware\\ShareErrorsFromSession.php(49): Illuminate\\Pipeline\\Pipeline->Illuminate\\Pipeline\\{closure}(Object(Illuminate\\Http\\Request))
#19 C:\\OSPanel\\home\\guitar_prog1\\vendor\\laravel\\framework\\src\\Illuminate\\Pipeline\\Pipeline.php(209): Illuminate\\View\\Middleware\\ShareErrorsFromSession->handle(Object(Illuminate\\Http\\Request), Object(Closure))
#20 C:\\OSPanel\\home\\guitar_prog1\\vendor\\laravel\\framework\\src\\Illuminate\\Session\\Middleware\\StartSession.php(121): Illuminate\\Pipeline\\Pipeline->Illuminate\\Pipeline\\{closure}(Object(Illuminate\\Http\\Request))
#21 C:\\OSPanel\\home\\guitar_prog1\\vendor\\laravel\\framework\\src\\Illuminate\\Session\\Middleware\\StartSession.php(64): Illuminate\\Session\\Middleware\\StartSession->handleStatefulRequest(Object(Illuminate\\Http\\Request), Object(Illuminate\\Session\\Store), Object(Closure))
#22 C:\\OSPanel\\home\\guitar_prog1\\vendor\\laravel\\framework\\src\\Illuminate\\Pipeline\\Pipeline.php(209): Illuminate\\Session\\Middleware\\StartSession->handle(Object(Illuminate\\Http\\Request), Object(Closure))
#23 C:\\OSPanel\\home\\guitar_prog1\\vendor\\laravel\\framework\\src\\Illuminate\\Cookie\\Middleware\\AddQueuedCookiesToResponse.php(37): Illuminate\\Pipeline\\Pipeline->Illuminate\\Pipeline\\{closure}(Object(Illuminate\\Http\\Request))
#24 C:\\OSPanel\\home\\guitar_prog1\\vendor\\laravel\\framework\\src\\Illuminate\\Pipeline\\Pipeline.php(209): Illuminate\\Cookie\\Middleware\\AddQueuedCookiesToResponse->handle(Object(Illuminate\\Http\\Request), Object(Closure))
#25 C:\\OSPanel\\home\\guitar_prog1\\vendor\\laravel\\framework\\src\\Illuminate\\Cookie\\Middleware\\EncryptCookies.php(75): Illuminate\\Pipeline\\Pipeline->Illuminate\\Pipeline\\{closure}(Object(Illuminate\\Http\\Request))
#26 C:\\OSPanel\\home\\guitar_prog1\\vendor\\laravel\\framework\\src\\Illuminate\\Pipeline\\Pipeline.php(209): Illuminate\\Cookie\\Middleware\\EncryptCookies->handle(Object(Illuminate\\Http\\Request), Object(Closure))
#27 C:\\OSPanel\\home\\guitar_prog1\\vendor\\laravel\\framework\\src\\Illuminate\\Pipeline\\Pipeline.php(127): Illuminate\\Pipeline\\Pipeline->Illuminate\\Pipeline\\{closure}(Object(Illuminate\\Http\\Request))
#28 C:\\OSPanel\\home\\guitar_prog1\\vendor\\laravel\\framework\\src\\Illuminate\\Routing\\Router.php(807): Illuminate\\Pipeline\\Pipeline->then(Object(Closure))
#29 C:\\OSPanel\\home\\guitar_prog1\\vendor\\laravel\\framework\\src\\Illuminate\\Routing\\Router.php(786): Illuminate\\Routing\\Router->runRouteWithinStack(Object(Illuminate\\Routing\\Route), Object(Illuminate\\Http\\Request))
#30 C:\\OSPanel\\home\\guitar_prog1\\vendor\\laravel\\framework\\src\\Illuminate\\Routing\\Router.php(750): Illuminate\\Routing\\Router->runRoute(Object(Illuminate\\Http\\Request), Object(Illuminate\\Routing\\Route))
#31 C:\\OSPanel\\home\\guitar_prog1\\vendor\\laravel\\framework\\src\\Illuminate\\Routing\\Router.php(739): Illuminate\\Routing\\Router->dispatchToRoute(Object(Illuminate\\Http\\Request))
#32 C:\\OSPanel\\home\\guitar_prog1\\vendor\\laravel\\framework\\src\\Illuminate\\Foundation\\Http\\Kernel.php(201): Illuminate\\Routing\\Router->dispatch(Object(Illuminate\\Http\\Request))
#33 C:\\OSPanel\\home\\guitar_prog1\\vendor\\laravel\\framework\\src\\Illuminate\\Pipeline\\Pipeline.php(170): Illuminate\\Foundation\\Http\\Kernel->Illuminate\\Foundation\\Http\\{closure}(Object(Illuminate\\Http\\Request))
#34 C:\\OSPanel\\home\\guitar_prog1\\vendor\\livewire\\livewire\\src\\Features\\SupportDisablingBackButtonCache\\DisableBackButtonCacheMiddleware.php(19): Illuminate\\Pipeline\\Pipeline->Illuminate\\Pipeline\\{closure}(Object(Illuminate\\Http\\Request))
#35 C:\\OSPanel\\home\\guitar_prog1\\vendor\\laravel\\framework\\src\\Illuminate\\Pipeline\\Pipeline.php(209): Livewire\\Features\\SupportDisablingBackButtonCache\\DisableBackButtonCacheMiddleware->handle(Object(Illuminate\\Http\\Request), Object(Closure))
#36 C:\\OSPanel\\home\\guitar_prog1\\vendor\\laravel\\framework\\src\\Illuminate\\Foundation\\Http\\Middleware\\TransformsRequest.php(21): Illuminate\\Pipeline\\Pipeline->Illuminate\\Pipeline\\{closure}(Object(Illuminate\\Http\\Request))
#37 C:\\OSPanel\\home\\guitar_prog1\\vendor\\laravel\\framework\\src\\Illuminate\\Foundation\\Http\\Middleware\\ConvertEmptyStringsToNull.php(31): Illuminate\\Foundation\\Http\\Middleware\\TransformsRequest->handle(Object(Illuminate\\Http\\Request), Object(Closure))
#38 C:\\OSPanel\\home\\guitar_prog1\\vendor\\laravel\\framework\\src\\Illuminate\\Pipeline\\Pipeline.php(209): Illuminate\\Foundation\\Http\\Middleware\\ConvertEmptyStringsToNull->handle(Object(Illuminate\\Http\\Request), Object(Closure))
#39 C:\\OSPanel\\home\\guitar_prog1\\vendor\\laravel\\framework\\src\\Illuminate\\Foundation\\Http\\Middleware\\TransformsRequest.php(21): Illuminate\\Pipeline\\Pipeline->Illuminate\\Pipeline\\{closure}(Object(Illuminate\\Http\\Request))
#40 C:\\OSPanel\\home\\guitar_prog1\\vendor\\laravel\\framework\\src\\Illuminate\\Foundation\\Http\\Middleware\\TrimStrings.php(51): Illuminate\\Foundation\\Http\\Middleware\\TransformsRequest->handle(Object(Illuminate\\Http\\Request), Object(Closure))
#41 C:\\OSPanel\\home\\guitar_prog1\\vendor\\laravel\\framework\\src\\Illuminate\\Pipeline\\Pipeline.php(209): Illuminate\\Foundation\\Http\\Middleware\\TrimStrings->handle(Object(Illuminate\\Http\\Request), Object(Closure))
#42 C:\\OSPanel\\home\\guitar_prog1\\vendor\\laravel\\framework\\src\\Illuminate\\Http\\Middleware\\ValidatePostSize.php(27): Illuminate\\Pipeline\\Pipeline->Illuminate\\Pipeline\\{closure}(Object(Illuminate\\Http\\Request))
#43 C:\\OSPanel\\home\\guitar_prog1\\vendor\\laravel\\framework\\src\\Illuminate\\Pipeline\\Pipeline.php(209): Illuminate\\Http\\Middleware\\ValidatePostSize->handle(Object(Illuminate\\Http\\Request), Object(Closure))
#44 C:\\OSPanel\\home\\guitar_prog1\\vendor\\laravel\\framework\\src\\Illuminate\\Foundation\\Http\\Middleware\\PreventRequestsDuringMaintenance.php(110): Illuminate\\Pipeline\\Pipeline->Illuminate\\Pipeline\\{closure}(Object(Illuminate\\Http\\Request))
#45 C:\\OSPanel\\home\\guitar_prog1\\vendor\\laravel\\framework\\src\\Illuminate\\Pipeline\\Pipeline.php(209): Illuminate\\Foundation\\Http\\Middleware\\PreventRequestsDuringMaintenance->handle(Object(Illuminate\\Http\\Request), Object(Closure))
#46 C:\\OSPanel\\home\\guitar_prog1\\vendor\\laravel\\framework\\src\\Illuminate\\Http\\Middleware\\HandleCors.php(49): Illuminate\\Pipeline\\Pipeline->Illuminate\\Pipeline\\{closure}(Object(Illuminate\\Http\\Request))
#47 C:\\OSPanel\\home\\guitar_prog1\\vendor\\laravel\\framework\\src\\Illuminate\\Pipeline\\Pipeline.php(209): Illuminate\\Http\\Middleware\\HandleCors->handle(Object(Illuminate\\Http\\Request), Object(Closure))
#48 C:\\OSPanel\\home\\guitar_prog1\\vendor\\laravel\\framework\\src\\Illuminate\\Http\\Middleware\\TrustProxies.php(58): Illuminate\\Pipeline\\Pipeline->Illuminate\\Pipeline\\{closure}(Object(Illuminate\\Http\\Request))
#49 C:\\OSPanel\\home\\guitar_prog1\\vendor\\laravel\\framework\\src\\Illuminate\\Pipeline\\Pipeline.php(209): Illuminate\\Http\\Middleware\\TrustProxies->handle(Object(Illuminate\\Http\\Request), Object(Closure))
#50 C:\\OSPanel\\home\\guitar_prog1\\vendor\\laravel\\framework\\src\\Illuminate\\Foundation\\Http\\Middleware\\InvokeDeferredCallbacks.php(22): Illuminate\\Pipeline\\Pipeline->Illuminate\\Pipeline\\{closure}(Object(Illuminate\\Http\\Request))
#51 C:\\OSPanel\\home\\guitar_prog1\\vendor\\laravel\\framework\\src\\Illuminate\\Pipeline\\Pipeline.php(209): Illuminate\\Foundation\\Http\\Middleware\\InvokeDeferredCallbacks->handle(Object(Illuminate\\Http\\Request), Object(Closure))
#52 C:\\OSPanel\\home\\guitar_prog1\\vendor\\laravel\\framework\\src\\Illuminate\\Http\\Middleware\\ValidatePathEncoding.php(26): Illuminate\\Pipeline\\Pipeline->Illuminate\\Pipeline\\{closure}(Object(Illuminate\\Http\\Request))
#53 C:\\OSPanel\\home\\guitar_prog1\\vendor\\laravel\\framework\\src\\Illuminate\\Pipeline\\Pipeline.php(209): Illuminate\\Http\\Middleware\\ValidatePathEncoding->handle(Object(Illuminate\\Http\\Request), Object(Closure))
#54 C:\\OSPanel\\home\\guitar_prog1\\vendor\\laravel\\framework\\src\\Illuminate\\Pipeline\\Pipeline.php(127): Illuminate\\Pipeline\\Pipeline->Illuminate\\Pipeline\\{closure}(Object(Illuminate\\Http\\Request))
#55 C:\\OSPanel\\home\\guitar_prog1\\vendor\\laravel\\framework\\src\\Illuminate\\Foundation\\Http\\Kernel.php(176): Illuminate\\Pipeline\\Pipeline->then(Object(Closure))
#56 C:\\OSPanel\\home\\guitar_prog1\\vendor\\laravel\\framework\\src\\Illuminate\\Foundation\\Http\\Kernel.php(145): Illuminate\\Foundation\\Http\\Kernel->sendRequestThroughRouter(Object(Illuminate\\Http\\Request))
#57 C:\\OSPanel\\home\\guitar_prog1\\vendor\\laravel\\framework\\src\\Illuminate\\Foundation\\Application.php(1220): Illuminate\\Foundation\\Http\\Kernel->handle(Object(Illuminate\\Http\\Request))
#58 C:\\OSPanel\\home\\guitar_prog1\\public\\index.php(20): Illuminate\\Foundation\\Application->handleRequest(Object(Illuminate\\Http\\Request))
#59 C:\\OSPanel\\home\\guitar_prog1\\vendor\\laravel\\framework\\src\\Illuminate\\Foundation\\resources\\server.php(23): require_once('C:\\\\OSPanel\\\\home...')
#60 {main}

[previous exception] [object] (ErrorException(code: 0): Undefined variable $popularProducts at C:\\OSPanel\\home\\guitar_prog1\\storage\\framework\\views\\dd2b5aedd34c2b6b7daa78c17fdb74a1.php:21)
[stacktrace]
#0 C:\\OSPanel\\home\\guitar_prog1\\vendor\\laravel\\framework\\src\\Illuminate\\Foundation\\Bootstrap\\HandleExceptions.php(256): Illuminate\\Foundation\\Bootstrap\\HandleExceptions->handleError(2, 'Undefined varia...', 'C:\\\\OSPanel\\\\home...', 21)
#1 C:\\OSPanel\\home\\guitar_prog1\\storage\\framework\\views\\dd2b5aedd34c2b6b7daa78c17fdb74a1.php(21): Illuminate\\Foundation\\Bootstrap\\HandleExceptions->Illuminate\\Foundation\\Bootstrap\\{closure}(2, 'Undefined varia...', 'C:\\\\OSPanel\\\\home...', 21)
#2 C:\\OSPanel\\home\\guitar_prog1\\vendor\\laravel\\framework\\src\\Illuminate\\Filesystem\\Filesystem.php(123): require('C:\\\\OSPanel\\\\home...')
#3 C:\\OSPanel\\home\\guitar_prog1\\vendor\\laravel\\framework\\src\\Illuminate\\Filesystem\\Filesystem.php(124): Illuminate\\Filesystem\\Filesystem::Illuminate\\Filesystem\\{closure}()
#4 C:\\OSPanel\\home\\guitar_prog1\\vendor\\laravel\\framework\\src\\Illuminate\\View\\Engines\\PhpEngine.php(58): Illuminate\\Filesystem\\Filesystem->getRequire('C:\\\\OSPanel\\\\home...', Array)
#5 C:\\OSPanel\\home\\guitar_prog1\\vendor\\livewire\\livewire\\src\\Mechanisms\\ExtendBlade\\ExtendedCompilerEngine.php(22): Illuminate\\View\\Engines\\PhpEngine->evaluatePath('C:\\\\OSPanel\\\\home...', Array)
#6 C:\\OSPanel\\home\\guitar_prog1\\vendor\\laravel\\framework\\src\\Illuminate\\View\\Engines\\CompilerEngine.php(75): Livewire\\Mechanisms\\ExtendBlade\\ExtendedCompilerEngine->evaluatePath('C:\\\\OSPanel\\\\home...', Array)
#7 C:\\OSPanel\\home\\guitar_prog1\\vendor\\livewire\\livewire\\src\\Mechanisms\\ExtendBlade\\ExtendedCompilerEngine.php(10): Illuminate\\View\\Engines\\CompilerEngine->get('C:\\\\OSPanel\\\\home...', Array)
#8 C:\\OSPanel\\home\\guitar_prog1\\vendor\\laravel\\framework\\src\\Illuminate\\View\\View.php(209): Livewire\\Mechanisms\\ExtendBlade\\ExtendedCompilerEngine->get('C:\\\\OSPanel\\\\home...', Array)
#9 C:\\OSPanel\\home\\guitar_prog1\\vendor\\laravel\\framework\\src\\Illuminate\\View\\View.php(192): Illuminate\\View\\View->getContents()
#10 C:\\OSPanel\\home\\guitar_prog1\\vendor\\laravel\\framework\\src\\Illuminate\\View\\View.php(161): Illuminate\\View\\View->renderContents()
#11 C:\\OSPanel\\home\\guitar_prog1\\vendor\\laravel\\framework\\src\\Illuminate\\Http\\Response.php(79): Illuminate\\View\\View->render()
#12 C:\\OSPanel\\home\\guitar_prog1\\vendor\\laravel\\framework\\src\\Illuminate\\Http\\Response.php(35): Illuminate\\Http\\Response->setContent(Object(Illuminate\\View\\View))
#13 C:\\OSPanel\\home\\guitar_prog1\\vendor\\laravel\\framework\\src\\Illuminate\\Routing\\Router.php(920): Illuminate\\Http\\Response->__construct(Object(Illuminate\\View\\View), 200, Array)
#14 C:\\OSPanel\\home\\guitar_prog1\\vendor\\laravel\\framework\\src\\Illuminate\\Routing\\Router.php(887): Illuminate\\Routing\\Router::toResponse(Object(Illuminate\\Http\\Request), Object(Illuminate\\View\\View))
#15 C:\\OSPanel\\home\\guitar_prog1\\vendor\\laravel\\framework\\src\\Illuminate\\Routing\\Router.php(807): Illuminate\\Routing\\Router->prepareResponse(Object(Illuminate\\Http\\Request), Object(Illuminate\\View\\View))
#16 C:\\OSPanel\\home\\guitar_prog1\\vendor\\laravel\\framework\\src\\Illuminate\\Pipeline\\Pipeline.php(170): Illuminate\\Routing\\Router->Illuminate\\Routing\\{closure}(Object(Illuminate\\Http\\Request))
#17 C:\\OSPanel\\home\\guitar_prog1\\vendor\\laravel\\framework\\src\\Illuminate\\Routing\\Middleware\\SubstituteBindings.php(51): Illuminate\\Pipeline\\Pipeline->Illuminate\\Pipeline\\{closure}(Object(Illuminate\\Http\\Request))
#18 C:\\OSPanel\\home\\guitar_prog1\\vendor\\laravel\\framework\\src\\Illuminate\\Pipeline\\Pipeline.php(209): Illuminate\\Routing\\Middleware\\SubstituteBindings->handle(Object(Illuminate\\Http\\Request), Object(Closure))
#19 C:\\OSPanel\\home\\guitar_prog1\\vendor\\laravel\\framework\\src\\Illuminate\\Foundation\\Http\\Middleware\\VerifyCsrfToken.php(88): Illuminate\\Pipeline\\Pipeline->Illuminate\\Pipeline\\{closure}(Object(Illuminate\\Http\\Request))
#20 C:\\OSPanel\\home\\guitar_prog1\\vendor\\laravel\\framework\\src\\Illuminate\\Pipeline\\Pipeline.php(209): Illuminate\\Foundation\\Http\\Middleware\\VerifyCsrfToken->handle(Object(Illuminate\\Http\\Request), Object(Closure))
#21 C:\\OSPanel\\home\\guitar_prog1\\vendor\\laravel\\framework\\src\\Illuminate\\View\\Middleware\\ShareErrorsFromSession.php(49): Illuminate\\Pipeline\\Pipeline->Illuminate\\Pipeline\\{closure}(Object(Illuminate\\Http\\Request))
#22 C:\\OSPanel\\home\\guitar_prog1\\vendor\\laravel\\framework\\src\\Illuminate\\Pipeline\\Pipeline.php(209): Illuminate\\View\\Middleware\\ShareErrorsFromSession->handle(Object(Illuminate\\Http\\Request), Object(Closure))
#23 C:\\OSPanel\\home\\guitar_prog1\\vendor\\laravel\\framework\\src\\Illuminate\\Session\\Middleware\\StartSession.php(121): Illuminate\\Pipeline\\Pipeline->Illuminate\\Pipeline\\{closure}(Object(Illuminate\\Http\\Request))
#24 C:\\OSPanel\\home\\guitar_prog1\\vendor\\laravel\\framework\\src\\Illuminate\\Session\\Middleware\\StartSession.php(64): Illuminate\\Session\\Middleware\\StartSession->handleStatefulRequest(Object(Illuminate\\Http\\Request), Object(Illuminate\\Session\\Store), Object(Closure))
#25 C:\\OSPanel\\home\\guitar_prog1\\vendor\\laravel\\framework\\src\\Illuminate\\Pipeline\\Pipeline.php(209): Illuminate\\Session\\Middleware\\StartSession->handle(Object(Illuminate\\Http\\Request), Object(Closure))
#26 C:\\OSPanel\\home\\guitar_prog1\\vendor\\laravel\\framework\\src\\Illuminate\\Cookie\\Middleware\\AddQueuedCookiesToResponse.php(37): Illuminate\\Pipeline\\Pipeline->Illuminate\\Pipeline\\{closure}(Object(Illuminate\\Http\\Request))
#27 C:\\OSPanel\\home\\guitar_prog1\\vendor\\laravel\\framework\\src\\Illuminate\\Pipeline\\Pipeline.php(209): Illuminate\\Cookie\\Middleware\\AddQueuedCookiesToResponse->handle(Object(Illuminate\\Http\\Request), Object(Closure))
#28 C:\\OSPanel\\home\\guitar_prog1\\vendor\\laravel\\framework\\src\\Illuminate\\Cookie\\Middleware\\EncryptCookies.php(75): Illuminate\\Pipeline\\Pipeline->Illuminate\\Pipeline\\{closure}(Object(Illuminate\\Http\\Request))
#29 C:\\OSPanel\\home\\guitar_prog1\\vendor\\laravel\\framework\\src\\Illuminate\\Pipeline\\Pipeline.php(209): Illuminate\\Cookie\\Middleware\\EncryptCookies->handle(Object(Illuminate\\Http\\Request), Object(Closure))
#30 C:\\OSPanel\\home\\guitar_prog1\\vendor\\laravel\\framework\\src\\Illuminate\\Pipeline\\Pipeline.php(127): Illuminate\\Pipeline\\Pipeline->Illuminate\\Pipeline\\{closure}(Object(Illuminate\\Http\\Request))
#31 C:\\OSPanel\\home\\guitar_prog1\\vendor\\laravel\\framework\\src\\Illuminate\\Routing\\Router.php(807): Illuminate\\Pipeline\\Pipeline->then(Object(Closure))
#32 C:\\OSPanel\\home\\guitar_prog1\\vendor\\laravel\\framework\\src\\Illuminate\\Routing\\Router.php(786): Illuminate\\Routing\\Router->runRouteWithinStack(Object(Illuminate\\Routing\\Route), Object(Illuminate\\Http\\Request))
#33 C:\\OSPanel\\home\\guitar_prog1\\vendor\\laravel\\framework\\src\\Illuminate\\Routing\\Router.php(750): Illuminate\\Routing\\Router->runRoute(Object(Illuminate\\Http\\Request), Object(Illuminate\\Routing\\Route))
#34 C:\\OSPanel\\home\\guitar_prog1\\vendor\\laravel\\framework\\src\\Illuminate\\Routing\\Router.php(739): Illuminate\\Routing\\Router->dispatchToRoute(Object(Illuminate\\Http\\Request))
#35 C:\\OSPanel\\home\\guitar_prog1\\vendor\\laravel\\framework\\src\\Illuminate\\Foundation\\Http\\Kernel.php(201): Illuminate\\Routing\\Router->dispatch(Object(Illuminate\\Http\\Request))
#36 C:\\OSPanel\\home\\guitar_prog1\\vendor\\laravel\\framework\\src\\Illuminate\\Pipeline\\Pipeline.php(170): Illuminate\\Foundation\\Http\\Kernel->Illuminate\\Foundation\\Http\\{closure}(Object(Illuminate\\Http\\Request))
#37 C:\\OSPanel\\home\\guitar_prog1\\vendor\\livewire\\livewire\\src\\Features\\SupportDisablingBackButtonCache\\DisableBackButtonCacheMiddleware.php(19): Illuminate\\Pipeline\\Pipeline->Illuminate\\Pipeline\\{closure}(Object(Illuminate\\Http\\Request))
#38 C:\\OSPanel\\home\\guitar_prog1\\vendor\\laravel\\framework\\src\\Illuminate\\Pipeline\\Pipeline.php(209): Livewire\\Features\\SupportDisablingBackButtonCache\\DisableBackButtonCacheMiddleware->handle(Object(Illuminate\\Http\\Request), Object(Closure))
#39 C:\\OSPanel\\home\\guitar_prog1\\vendor\\laravel\\framework\\src\\Illuminate\\Foundation\\Http\\Middleware\\TransformsRequest.php(21): Illuminate\\Pipeline\\Pipeline->Illuminate\\Pipeline\\{closure}(Object(Illuminate\\Http\\Request))
#40 C:\\OSPanel\\home\\guitar_prog1\\vendor\\laravel\\framework\\src\\Illuminate\\Foundation\\Http\\Middleware\\ConvertEmptyStringsToNull.php(31): Illuminate\\Foundation\\Http\\Middleware\\TransformsRequest->handle(Object(Illuminate\\Http\\Request), Object(Closure))
#41 C:\\OSPanel\\home\\guitar_prog1\\vendor\\laravel\\framework\\src\\Illuminate\\Pipeline\\Pipeline.php(209): Illuminate\\Foundation\\Http\\Middleware\\ConvertEmptyStringsToNull->handle(Object(Illuminate\\Http\\Request), Object(Closure))
#42 C:\\OSPanel\\home\\guitar_prog1\\vendor\\laravel\\framework\\src\\Illuminate\\Foundation\\Http\\Middleware\\TransformsRequest.php(21): Illuminate\\Pipeline\\Pipeline->Illuminate\\Pipeline\\{closure}(Object(Illuminate\\Http\\Request))
#43 C:\\OSPanel\\home\\guitar_prog1\\vendor\\laravel\\framework\\src\\Illuminate\\Foundation\\Http\\Middleware\\TrimStrings.php(51): Illuminate\\Foundation\\Http\\Middleware\\TransformsRequest->handle(Object(Illuminate\\Http\\Request), Object(Closure))
#44 C:\\OSPanel\\home\\guitar_prog1\\vendor\\laravel\\framework\\src\\Illuminate\\Pipeline\\Pipeline.php(209): Illuminate\\Foundation\\Http\\Middleware\\TrimStrings->handle(Object(Illuminate\\Http\\Request), Object(Closure))
#45 C:\\OSPanel\\home\\guitar_prog1\\vendor\\laravel\\framework\\src\\Illuminate\\Http\\Middleware\\ValidatePostSize.php(27): Illuminate\\Pipeline\\Pipeline->Illuminate\\Pipeline\\{closure}(Object(Illuminate\\Http\\Request))
#46 C:\\OSPanel\\home\\guitar_prog1\\vendor\\laravel\\framework\\src\\Illuminate\\Pipeline\\Pipeline.php(209): Illuminate\\Http\\Middleware\\ValidatePostSize->handle(Object(Illuminate\\Http\\Request), Object(Closure))
#47 C:\\OSPanel\\home\\guitar_prog1\\vendor\\laravel\\framework\\src\\Illuminate\\Foundation\\Http\\Middleware\\PreventRequestsDuringMaintenance.php(110): Illuminate\\Pipeline\\Pipeline->Illuminate\\Pipeline\\{closure}(Object(Illuminate\\Http\\Request))
#48 C:\\OSPanel\\home\\guitar_prog1\\vendor\\laravel\\framework\\src\\Illuminate\\Pipeline\\Pipeline.php(209): Illuminate\\Foundation\\Http\\Middleware\\PreventRequestsDuringMaintenance->handle(Object(Illuminate\\Http\\Request), Object(Closure))
#49 C:\\OSPanel\\home\\guitar_prog1\\vendor\\laravel\\framework\\src\\Illuminate\\Http\\Middleware\\HandleCors.php(49): Illuminate\\Pipeline\\Pipeline->Illuminate\\Pipeline\\{closure}(Object(Illuminate\\Http\\Request))
#50 C:\\OSPanel\\home\\guitar_prog1\\vendor\\laravel\\framework\\src\\Illuminate\\Pipeline\\Pipeline.php(209): Illuminate\\Http\\Middleware\\HandleCors->handle(Object(Illuminate\\Http\\Request), Object(Closure))
#51 C:\\OSPanel\\home\\guitar_prog1\\vendor\\laravel\\framework\\src\\Illuminate\\Http\\Middleware\\TrustProxies.php(58): Illuminate\\Pipeline\\Pipeline->Illuminate\\Pipeline\\{closure}(Object(Illuminate\\Http\\Request))
#52 C:\\OSPanel\\home\\guitar_prog1\\vendor\\laravel\\framework\\src\\Illuminate\\Pipeline\\Pipeline.php(209): Illuminate\\Http\\Middleware\\TrustProxies->handle(Object(Illuminate\\Http\\Request), Object(Closure))
#53 C:\\OSPanel\\home\\guitar_prog1\\vendor\\laravel\\framework\\src\\Illuminate\\Foundation\\Http\\Middleware\\InvokeDeferredCallbacks.php(22): Illuminate\\Pipeline\\Pipeline->Illuminate\\Pipeline\\{closure}(Object(Illuminate\\Http\\Request))
#54 C:\\OSPanel\\home\\guitar_prog1\\vendor\\laravel\\framework\\src\\Illuminate\\Pipeline\\Pipeline.php(209): Illuminate\\Foundation\\Http\\Middleware\\InvokeDeferredCallbacks->handle(Object(Illuminate\\Http\\Request), Object(Closure))
#55 C:\\OSPanel\\home\\guitar_prog1\\vendor\\laravel\\framework\\src\\Illuminate\\Http\\Middleware\\ValidatePathEncoding.php(26): Illuminate\\Pipeline\\Pipeline->Illuminate\\Pipeline\\{closure}(Object(Illuminate\\Http\\Request))
#56 C:\\OSPanel\\home\\guitar_prog1\\vendor\\laravel\\framework\\src\\Illuminate\\Pipeline\\Pipeline.php(209): Illuminate\\Http\\Middleware\\ValidatePathEncoding->handle(Object(Illuminate\\Http\\Request), Object(Closure))
#57 C:\\OSPanel\\home\\guitar_prog1\\vendor\\laravel\\framework\\src\\Illuminate\\Pipeline\\Pipeline.php(127): Illuminate\\Pipeline\\Pipeline->Illuminate\\Pipeline\\{closure}(Object(Illuminate\\Http\\Request))
#58 C:\\OSPanel\\home\\guitar_prog1\\vendor\\laravel\\framework\\src\\Illuminate\\Foundation\\Http\\Kernel.php(176): Illuminate\\Pipeline\\Pipeline->then(Object(Closure))
#59 C:\\OSPanel\\home\\guitar_prog1\\vendor\\laravel\\framework\\src\\Illuminate\\Foundation\\Http\\Kernel.php(145): Illuminate\\Foundation\\Http\\Kernel->sendRequestThroughRouter(Object(Illuminate\\Http\\Request))
#60 C:\\OSPanel\\home\\guitar_prog1\\vendor\\laravel\\framework\\src\\Illuminate\\Foundation\\Application.php(1220): Illuminate\\Foundation\\Http\\Kernel->handle(Object(Illuminate\\Http\\Request))
#61 C:\\OSPanel\\home\\guitar_prog1\\public\\index.php(20): Illuminate\\Foundation\\Application->handleRequest(Object(Illuminate\\Http\\Request))
#62 C:\\OSPanel\\home\\guitar_prog1\\vendor\\laravel\\framework\\src\\Illuminate\\Foundation\\resources\\server.php(23): require_once('C:\\\\OSPanel\\\\home...')
#63 {main}
"} 
[2025-05-01 23:43:09] local.ERROR: Cannot declare class App\Http\Controllers\ProductController, because the name is already in use {"userId":2,"exception":"[object] (Symfony\\Component\\ErrorHandler\\Error\\FatalError(code: 0): Cannot declare class App\\Http\\Controllers\\ProductController, because the name is already in use at C:\\OSPanel\\home\\guitar_prog1\\storage\\framework\\views\\dd2b5aedd34c2b6b7daa78c17fdb74a1.php:8)
[stacktrace]
#0 {main}
"} 
[2025-05-01 23:43:16] local.ERROR: Cannot declare class App\Http\Controllers\ProductController, because the name is already in use {"userId":2,"exception":"[object] (Symfony\\Component\\ErrorHandler\\Error\\FatalError(code: 0): Cannot declare class App\\Http\\Controllers\\ProductController, because the name is already in use at C:\\OSPanel\\home\\guitar_prog1\\storage\\framework\\views\\dd2b5aedd34c2b6b7daa78c17fdb74a1.php:8)
[stacktrace]
#0 {main}
"} 
[2025-05-01 23:43:26] local.ERROR: Undefined variable $popularProducts (View: C:\OSPanel\home\guitar_prog1\resources\views\products\index.blade.php) {"userId":2,"exception":"[object] (Illuminate\\View\\ViewException(code: 0): Undefined variable $popularProducts (View: C:\\OSPanel\\home\\guitar_prog1\\resources\\views\\products\\index.blade.php) at C:\\OSPanel\\home\\guitar_prog1\\storage\\framework\\views\\dd2b5aedd34c2b6b7daa78c17fdb74a1.php:21)
[stacktrace]
#0 C:\\OSPanel\\home\\guitar_prog1\\vendor\\livewire\\livewire\\src\\Mechanisms\\ExtendBlade\\ExtendedCompilerEngine.php(58): Illuminate\\View\\Engines\\CompilerEngine->handleViewException(Object(ErrorException), 1)
#1 C:\\OSPanel\\home\\guitar_prog1\\vendor\\laravel\\framework\\src\\Illuminate\\View\\Engines\\PhpEngine.php(60): Livewire\\Mechanisms\\ExtendBlade\\ExtendedCompilerEngine->handleViewException(Object(ErrorException), 1)
#2 C:\\OSPanel\\home\\guitar_prog1\\vendor\\livewire\\livewire\\src\\Mechanisms\\ExtendBlade\\ExtendedCompilerEngine.php(22): Illuminate\\View\\Engines\\PhpEngine->evaluatePath('C:\\\\OSPanel\\\\home...', Array)
#3 C:\\OSPanel\\home\\guitar_prog1\\vendor\\laravel\\framework\\src\\Illuminate\\View\\Engines\\CompilerEngine.php(75): Livewire\\Mechanisms\\ExtendBlade\\ExtendedCompilerEngine->evaluatePath('C:\\\\OSPanel\\\\home...', Array)
#4 C:\\OSPanel\\home\\guitar_prog1\\vendor\\livewire\\livewire\\src\\Mechanisms\\ExtendBlade\\ExtendedCompilerEngine.php(10): Illuminate\\View\\Engines\\CompilerEngine->get('C:\\\\OSPanel\\\\home...', Array)
#5 C:\\OSPanel\\home\\guitar_prog1\\vendor\\laravel\\framework\\src\\Illuminate\\View\\View.php(209): Livewire\\Mechanisms\\ExtendBlade\\ExtendedCompilerEngine->get('C:\\\\OSPanel\\\\home...', Array)
#6 C:\\OSPanel\\home\\guitar_prog1\\vendor\\laravel\\framework\\src\\Illuminate\\View\\View.php(192): Illuminate\\View\\View->getContents()
#7 C:\\OSPanel\\home\\guitar_prog1\\vendor\\laravel\\framework\\src\\Illuminate\\View\\View.php(161): Illuminate\\View\\View->renderContents()
#8 C:\\OSPanel\\home\\guitar_prog1\\vendor\\laravel\\framework\\src\\Illuminate\\Http\\Response.php(79): Illuminate\\View\\View->render()
#9 C:\\OSPanel\\home\\guitar_prog1\\vendor\\laravel\\framework\\src\\Illuminate\\Http\\Response.php(35): Illuminate\\Http\\Response->setContent(Object(Illuminate\\View\\View))
#10 C:\\OSPanel\\home\\guitar_prog1\\vendor\\laravel\\framework\\src\\Illuminate\\Routing\\Router.php(920): Illuminate\\Http\\Response->__construct(Object(Illuminate\\View\\View), 200, Array)
#11 C:\\OSPanel\\home\\guitar_prog1\\vendor\\laravel\\framework\\src\\Illuminate\\Routing\\Router.php(887): Illuminate\\Routing\\Router::toResponse(Object(Illuminate\\Http\\Request), Object(Illuminate\\View\\View))
#12 C:\\OSPanel\\home\\guitar_prog1\\vendor\\laravel\\framework\\src\\Illuminate\\Routing\\Router.php(807): Illuminate\\Routing\\Router->prepareResponse(Object(Illuminate\\Http\\Request), Object(Illuminate\\View\\View))
#13 C:\\OSPanel\\home\\guitar_prog1\\vendor\\laravel\\framework\\src\\Illuminate\\Pipeline\\Pipeline.php(170): Illuminate\\Routing\\Router->Illuminate\\Routing\\{closure}(Object(Illuminate\\Http\\Request))
#14 C:\\OSPanel\\home\\guitar_prog1\\vendor\\laravel\\framework\\src\\Illuminate\\Routing\\Middleware\\SubstituteBindings.php(51): Illuminate\\Pipeline\\Pipeline->Illuminate\\Pipeline\\{closure}(Object(Illuminate\\Http\\Request))
#15 C:\\OSPanel\\home\\guitar_prog1\\vendor\\laravel\\framework\\src\\Illuminate\\Pipeline\\Pipeline.php(209): Illuminate\\Routing\\Middleware\\SubstituteBindings->handle(Object(Illuminate\\Http\\Request), Object(Closure))
#16 C:\\OSPanel\\home\\guitar_prog1\\vendor\\laravel\\framework\\src\\Illuminate\\Foundation\\Http\\Middleware\\VerifyCsrfToken.php(88): Illuminate\\Pipeline\\Pipeline->Illuminate\\Pipeline\\{closure}(Object(Illuminate\\Http\\Request))
#17 C:\\OSPanel\\home\\guitar_prog1\\vendor\\laravel\\framework\\src\\Illuminate\\Pipeline\\Pipeline.php(209): Illuminate\\Foundation\\Http\\Middleware\\VerifyCsrfToken->handle(Object(Illuminate\\Http\\Request), Object(Closure))
#18 C:\\OSPanel\\home\\guitar_prog1\\vendor\\laravel\\framework\\src\\Illuminate\\View\\Middleware\\ShareErrorsFromSession.php(49): Illuminate\\Pipeline\\Pipeline->Illuminate\\Pipeline\\{closure}(Object(Illuminate\\Http\\Request))
#19 C:\\OSPanel\\home\\guitar_prog1\\vendor\\laravel\\framework\\src\\Illuminate\\Pipeline\\Pipeline.php(209): Illuminate\\View\\Middleware\\ShareErrorsFromSession->handle(Object(Illuminate\\Http\\Request), Object(Closure))
#20 C:\\OSPanel\\home\\guitar_prog1\\vendor\\laravel\\framework\\src\\Illuminate\\Session\\Middleware\\StartSession.php(121): Illuminate\\Pipeline\\Pipeline->Illuminate\\Pipeline\\{closure}(Object(Illuminate\\Http\\Request))
#21 C:\\OSPanel\\home\\guitar_prog1\\vendor\\laravel\\framework\\src\\Illuminate\\Session\\Middleware\\StartSession.php(64): Illuminate\\Session\\Middleware\\StartSession->handleStatefulRequest(Object(Illuminate\\Http\\Request), Object(Illuminate\\Session\\Store), Object(Closure))
#22 C:\\OSPanel\\home\\guitar_prog1\\vendor\\laravel\\framework\\src\\Illuminate\\Pipeline\\Pipeline.php(209): Illuminate\\Session\\Middleware\\StartSession->handle(Object(Illuminate\\Http\\Request), Object(Closure))
#23 C:\\OSPanel\\home\\guitar_prog1\\vendor\\laravel\\framework\\src\\Illuminate\\Cookie\\Middleware\\AddQueuedCookiesToResponse.php(37): Illuminate\\Pipeline\\Pipeline->Illuminate\\Pipeline\\{closure}(Object(Illuminate\\Http\\Request))
#24 C:\\OSPanel\\home\\guitar_prog1\\vendor\\laravel\\framework\\src\\Illuminate\\Pipeline\\Pipeline.php(209): Illuminate\\Cookie\\Middleware\\AddQueuedCookiesToResponse->handle(Object(Illuminate\\Http\\Request), Object(Closure))
#25 C:\\OSPanel\\home\\guitar_prog1\\vendor\\laravel\\framework\\src\\Illuminate\\Cookie\\Middleware\\EncryptCookies.php(75): Illuminate\\Pipeline\\Pipeline->Illuminate\\Pipeline\\{closure}(Object(Illuminate\\Http\\Request))
#26 C:\\OSPanel\\home\\guitar_prog1\\vendor\\laravel\\framework\\src\\Illuminate\\Pipeline\\Pipeline.php(209): Illuminate\\Cookie\\Middleware\\EncryptCookies->handle(Object(Illuminate\\Http\\Request), Object(Closure))
#27 C:\\OSPanel\\home\\guitar_prog1\\vendor\\laravel\\framework\\src\\Illuminate\\Pipeline\\Pipeline.php(127): Illuminate\\Pipeline\\Pipeline->Illuminate\\Pipeline\\{closure}(Object(Illuminate\\Http\\Request))
#28 C:\\OSPanel\\home\\guitar_prog1\\vendor\\laravel\\framework\\src\\Illuminate\\Routing\\Router.php(807): Illuminate\\Pipeline\\Pipeline->then(Object(Closure))
#29 C:\\OSPanel\\home\\guitar_prog1\\vendor\\laravel\\framework\\src\\Illuminate\\Routing\\Router.php(786): Illuminate\\Routing\\Router->runRouteWithinStack(Object(Illuminate\\Routing\\Route), Object(Illuminate\\Http\\Request))
#30 C:\\OSPanel\\home\\guitar_prog1\\vendor\\laravel\\framework\\src\\Illuminate\\Routing\\Router.php(750): Illuminate\\Routing\\Router->runRoute(Object(Illuminate\\Http\\Request), Object(Illuminate\\Routing\\Route))
#31 C:\\OSPanel\\home\\guitar_prog1\\vendor\\laravel\\framework\\src\\Illuminate\\Routing\\Router.php(739): Illuminate\\Routing\\Router->dispatchToRoute(Object(Illuminate\\Http\\Request))
#32 C:\\OSPanel\\home\\guitar_prog1\\vendor\\laravel\\framework\\src\\Illuminate\\Foundation\\Http\\Kernel.php(201): Illuminate\\Routing\\Router->dispatch(Object(Illuminate\\Http\\Request))
#33 C:\\OSPanel\\home\\guitar_prog1\\vendor\\laravel\\framework\\src\\Illuminate\\Pipeline\\Pipeline.php(170): Illuminate\\Foundation\\Http\\Kernel->Illuminate\\Foundation\\Http\\{closure}(Object(Illuminate\\Http\\Request))
#34 C:\\OSPanel\\home\\guitar_prog1\\vendor\\livewire\\livewire\\src\\Features\\SupportDisablingBackButtonCache\\DisableBackButtonCacheMiddleware.php(19): Illuminate\\Pipeline\\Pipeline->Illuminate\\Pipeline\\{closure}(Object(Illuminate\\Http\\Request))
#35 C:\\OSPanel\\home\\guitar_prog1\\vendor\\laravel\\framework\\src\\Illuminate\\Pipeline\\Pipeline.php(209): Livewire\\Features\\SupportDisablingBackButtonCache\\DisableBackButtonCacheMiddleware->handle(Object(Illuminate\\Http\\Request), Object(Closure))
#36 C:\\OSPanel\\home\\guitar_prog1\\vendor\\laravel\\framework\\src\\Illuminate\\Foundation\\Http\\Middleware\\TransformsRequest.php(21): Illuminate\\Pipeline\\Pipeline->Illuminate\\Pipeline\\{closure}(Object(Illuminate\\Http\\Request))
#37 C:\\OSPanel\\home\\guitar_prog1\\vendor\\laravel\\framework\\src\\Illuminate\\Foundation\\Http\\Middleware\\ConvertEmptyStringsToNull.php(31): Illuminate\\Foundation\\Http\\Middleware\\TransformsRequest->handle(Object(Illuminate\\Http\\Request), Object(Closure))
#38 C:\\OSPanel\\home\\guitar_prog1\\vendor\\laravel\\framework\\src\\Illuminate\\Pipeline\\Pipeline.php(209): Illuminate\\Foundation\\Http\\Middleware\\ConvertEmptyStringsToNull->handle(Object(Illuminate\\Http\\Request), Object(Closure))
#39 C:\\OSPanel\\home\\guitar_prog1\\vendor\\laravel\\framework\\src\\Illuminate\\Foundation\\Http\\Middleware\\TransformsRequest.php(21): Illuminate\\Pipeline\\Pipeline->Illuminate\\Pipeline\\{closure}(Object(Illuminate\\Http\\Request))
#40 C:\\OSPanel\\home\\guitar_prog1\\vendor\\laravel\\framework\\src\\Illuminate\\Foundation\\Http\\Middleware\\TrimStrings.php(51): Illuminate\\Foundation\\Http\\Middleware\\TransformsRequest->handle(Object(Illuminate\\Http\\Request), Object(Closure))
#41 C:\\OSPanel\\home\\guitar_prog1\\vendor\\laravel\\framework\\src\\Illuminate\\Pipeline\\Pipeline.php(209): Illuminate\\Foundation\\Http\\Middleware\\TrimStrings->handle(Object(Illuminate\\Http\\Request), Object(Closure))
#42 C:\\OSPanel\\home\\guitar_prog1\\vendor\\laravel\\framework\\src\\Illuminate\\Http\\Middleware\\ValidatePostSize.php(27): Illuminate\\Pipeline\\Pipeline->Illuminate\\Pipeline\\{closure}(Object(Illuminate\\Http\\Request))
#43 C:\\OSPanel\\home\\guitar_prog1\\vendor\\laravel\\framework\\src\\Illuminate\\Pipeline\\Pipeline.php(209): Illuminate\\Http\\Middleware\\ValidatePostSize->handle(Object(Illuminate\\Http\\Request), Object(Closure))
#44 C:\\OSPanel\\home\\guitar_prog1\\vendor\\laravel\\framework\\src\\Illuminate\\Foundation\\Http\\Middleware\\PreventRequestsDuringMaintenance.php(110): Illuminate\\Pipeline\\Pipeline->Illuminate\\Pipeline\\{closure}(Object(Illuminate\\Http\\Request))
#45 C:\\OSPanel\\home\\guitar_prog1\\vendor\\laravel\\framework\\src\\Illuminate\\Pipeline\\Pipeline.php(209): Illuminate\\Foundation\\Http\\Middleware\\PreventRequestsDuringMaintenance->handle(Object(Illuminate\\Http\\Request), Object(Closure))
#46 C:\\OSPanel\\home\\guitar_prog1\\vendor\\laravel\\framework\\src\\Illuminate\\Http\\Middleware\\HandleCors.php(49): Illuminate\\Pipeline\\Pipeline->Illuminate\\Pipeline\\{closure}(Object(Illuminate\\Http\\Request))
#47 C:\\OSPanel\\home\\guitar_prog1\\vendor\\laravel\\framework\\src\\Illuminate\\Pipeline\\Pipeline.php(209): Illuminate\\Http\\Middleware\\HandleCors->handle(Object(Illuminate\\Http\\Request), Object(Closure))
#48 C:\\OSPanel\\home\\guitar_prog1\\vendor\\laravel\\framework\\src\\Illuminate\\Http\\Middleware\\TrustProxies.php(58): Illuminate\\Pipeline\\Pipeline->Illuminate\\Pipeline\\{closure}(Object(Illuminate\\Http\\Request))
#49 C:\\OSPanel\\home\\guitar_prog1\\vendor\\laravel\\framework\\src\\Illuminate\\Pipeline\\Pipeline.php(209): Illuminate\\Http\\Middleware\\TrustProxies->handle(Object(Illuminate\\Http\\Request), Object(Closure))
#50 C:\\OSPanel\\home\\guitar_prog1\\vendor\\laravel\\framework\\src\\Illuminate\\Foundation\\Http\\Middleware\\InvokeDeferredCallbacks.php(22): Illuminate\\Pipeline\\Pipeline->Illuminate\\Pipeline\\{closure}(Object(Illuminate\\Http\\Request))
#51 C:\\OSPanel\\home\\guitar_prog1\\vendor\\laravel\\framework\\src\\Illuminate\\Pipeline\\Pipeline.php(209): Illuminate\\Foundation\\Http\\Middleware\\InvokeDeferredCallbacks->handle(Object(Illuminate\\Http\\Request), Object(Closure))
#52 C:\\OSPanel\\home\\guitar_prog1\\vendor\\laravel\\framework\\src\\Illuminate\\Http\\Middleware\\ValidatePathEncoding.php(26): Illuminate\\Pipeline\\Pipeline->Illuminate\\Pipeline\\{closure}(Object(Illuminate\\Http\\Request))
#53 C:\\OSPanel\\home\\guitar_prog1\\vendor\\laravel\\framework\\src\\Illuminate\\Pipeline\\Pipeline.php(209): Illuminate\\Http\\Middleware\\ValidatePathEncoding->handle(Object(Illuminate\\Http\\Request), Object(Closure))
#54 C:\\OSPanel\\home\\guitar_prog1\\vendor\\laravel\\framework\\src\\Illuminate\\Pipeline\\Pipeline.php(127): Illuminate\\Pipeline\\Pipeline->Illuminate\\Pipeline\\{closure}(Object(Illuminate\\Http\\Request))
#55 C:\\OSPanel\\home\\guitar_prog1\\vendor\\laravel\\framework\\src\\Illuminate\\Foundation\\Http\\Kernel.php(176): Illuminate\\Pipeline\\Pipeline->then(Object(Closure))
#56 C:\\OSPanel\\home\\guitar_prog1\\vendor\\laravel\\framework\\src\\Illuminate\\Foundation\\Http\\Kernel.php(145): Illuminate\\Foundation\\Http\\Kernel->sendRequestThroughRouter(Object(Illuminate\\Http\\Request))
#57 C:\\OSPanel\\home\\guitar_prog1\\vendor\\laravel\\framework\\src\\Illuminate\\Foundation\\Application.php(1220): Illuminate\\Foundation\\Http\\Kernel->handle(Object(Illuminate\\Http\\Request))
#58 C:\\OSPanel\\home\\guitar_prog1\\public\\index.php(20): Illuminate\\Foundation\\Application->handleRequest(Object(Illuminate\\Http\\Request))
#59 C:\\OSPanel\\home\\guitar_prog1\\vendor\\laravel\\framework\\src\\Illuminate\\Foundation\\resources\\server.php(23): require_once('C:\\\\OSPanel\\\\home...')
#60 {main}

[previous exception] [object] (ErrorException(code: 0): Undefined variable $popularProducts at C:\\OSPanel\\home\\guitar_prog1\\storage\\framework\\views\\dd2b5aedd34c2b6b7daa78c17fdb74a1.php:21)
[stacktrace]
#0 C:\\OSPanel\\home\\guitar_prog1\\vendor\\laravel\\framework\\src\\Illuminate\\Foundation\\Bootstrap\\HandleExceptions.php(256): Illuminate\\Foundation\\Bootstrap\\HandleExceptions->handleError(2, 'Undefined varia...', 'C:\\\\OSPanel\\\\home...', 21)
#1 C:\\OSPanel\\home\\guitar_prog1\\storage\\framework\\views\\dd2b5aedd34c2b6b7daa78c17fdb74a1.php(21): Illuminate\\Foundation\\Bootstrap\\HandleExceptions->Illuminate\\Foundation\\Bootstrap\\{closure}(2, 'Undefined varia...', 'C:\\\\OSPanel\\\\home...', 21)
#2 C:\\OSPanel\\home\\guitar_prog1\\vendor\\laravel\\framework\\src\\Illuminate\\Filesystem\\Filesystem.php(123): require('C:\\\\OSPanel\\\\home...')
#3 C:\\OSPanel\\home\\guitar_prog1\\vendor\\laravel\\framework\\src\\Illuminate\\Filesystem\\Filesystem.php(124): Illuminate\\Filesystem\\Filesystem::Illuminate\\Filesystem\\{closure}()
#4 C:\\OSPanel\\home\\guitar_prog1\\vendor\\laravel\\framework\\src\\Illuminate\\View\\Engines\\PhpEngine.php(58): Illuminate\\Filesystem\\Filesystem->getRequire('C:\\\\OSPanel\\\\home...', Array)
#5 C:\\OSPanel\\home\\guitar_prog1\\vendor\\livewire\\livewire\\src\\Mechanisms\\ExtendBlade\\ExtendedCompilerEngine.php(22): Illuminate\\View\\Engines\\PhpEngine->evaluatePath('C:\\\\OSPanel\\\\home...', Array)
#6 C:\\OSPanel\\home\\guitar_prog1\\vendor\\laravel\\framework\\src\\Illuminate\\View\\Engines\\CompilerEngine.php(75): Livewire\\Mechanisms\\ExtendBlade\\ExtendedCompilerEngine->evaluatePath('C:\\\\OSPanel\\\\home...', Array)
#7 C:\\OSPanel\\home\\guitar_prog1\\vendor\\livewire\\livewire\\src\\Mechanisms\\ExtendBlade\\ExtendedCompilerEngine.php(10): Illuminate\\View\\Engines\\CompilerEngine->get('C:\\\\OSPanel\\\\home...', Array)
#8 C:\\OSPanel\\home\\guitar_prog1\\vendor\\laravel\\framework\\src\\Illuminate\\View\\View.php(209): Livewire\\Mechanisms\\ExtendBlade\\ExtendedCompilerEngine->get('C:\\\\OSPanel\\\\home...', Array)
#9 C:\\OSPanel\\home\\guitar_prog1\\vendor\\laravel\\framework\\src\\Illuminate\\View\\View.php(192): Illuminate\\View\\View->getContents()
#10 C:\\OSPanel\\home\\guitar_prog1\\vendor\\laravel\\framework\\src\\Illuminate\\View\\View.php(161): Illuminate\\View\\View->renderContents()
#11 C:\\OSPanel\\home\\guitar_prog1\\vendor\\laravel\\framework\\src\\Illuminate\\Http\\Response.php(79): Illuminate\\View\\View->render()
#12 C:\\OSPanel\\home\\guitar_prog1\\vendor\\laravel\\framework\\src\\Illuminate\\Http\\Response.php(35): Illuminate\\Http\\Response->setContent(Object(Illuminate\\View\\View))
#13 C:\\OSPanel\\home\\guitar_prog1\\vendor\\laravel\\framework\\src\\Illuminate\\Routing\\Router.php(920): Illuminate\\Http\\Response->__construct(Object(Illuminate\\View\\View), 200, Array)
#14 C:\\OSPanel\\home\\guitar_prog1\\vendor\\laravel\\framework\\src\\Illuminate\\Routing\\Router.php(887): Illuminate\\Routing\\Router::toResponse(Object(Illuminate\\Http\\Request), Object(Illuminate\\View\\View))
#15 C:\\OSPanel\\home\\guitar_prog1\\vendor\\laravel\\framework\\src\\Illuminate\\Routing\\Router.php(807): Illuminate\\Routing\\Router->prepareResponse(Object(Illuminate\\Http\\Request), Object(Illuminate\\View\\View))
#16 C:\\OSPanel\\home\\guitar_prog1\\vendor\\laravel\\framework\\src\\Illuminate\\Pipeline\\Pipeline.php(170): Illuminate\\Routing\\Router->Illuminate\\Routing\\{closure}(Object(Illuminate\\Http\\Request))
#17 C:\\OSPanel\\home\\guitar_prog1\\vendor\\laravel\\framework\\src\\Illuminate\\Routing\\Middleware\\SubstituteBindings.php(51): Illuminate\\Pipeline\\Pipeline->Illuminate\\Pipeline\\{closure}(Object(Illuminate\\Http\\Request))
#18 C:\\OSPanel\\home\\guitar_prog1\\vendor\\laravel\\framework\\src\\Illuminate\\Pipeline\\Pipeline.php(209): Illuminate\\Routing\\Middleware\\SubstituteBindings->handle(Object(Illuminate\\Http\\Request), Object(Closure))
#19 C:\\OSPanel\\home\\guitar_prog1\\vendor\\laravel\\framework\\src\\Illuminate\\Foundation\\Http\\Middleware\\VerifyCsrfToken.php(88): Illuminate\\Pipeline\\Pipeline->Illuminate\\Pipeline\\{closure}(Object(Illuminate\\Http\\Request))
#20 C:\\OSPanel\\home\\guitar_prog1\\vendor\\laravel\\framework\\src\\Illuminate\\Pipeline\\Pipeline.php(209): Illuminate\\Foundation\\Http\\Middleware\\VerifyCsrfToken->handle(Object(Illuminate\\Http\\Request), Object(Closure))
#21 C:\\OSPanel\\home\\guitar_prog1\\vendor\\laravel\\framework\\src\\Illuminate\\View\\Middleware\\ShareErrorsFromSession.php(49): Illuminate\\Pipeline\\Pipeline->Illuminate\\Pipeline\\{closure}(Object(Illuminate\\Http\\Request))
#22 C:\\OSPanel\\home\\guitar_prog1\\vendor\\laravel\\framework\\src\\Illuminate\\Pipeline\\Pipeline.php(209): Illuminate\\View\\Middleware\\ShareErrorsFromSession->handle(Object(Illuminate\\Http\\Request), Object(Closure))
#23 C:\\OSPanel\\home\\guitar_prog1\\vendor\\laravel\\framework\\src\\Illuminate\\Session\\Middleware\\StartSession.php(121): Illuminate\\Pipeline\\Pipeline->Illuminate\\Pipeline\\{closure}(Object(Illuminate\\Http\\Request))
#24 C:\\OSPanel\\home\\guitar_prog1\\vendor\\laravel\\framework\\src\\Illuminate\\Session\\Middleware\\StartSession.php(64): Illuminate\\Session\\Middleware\\StartSession->handleStatefulRequest(Object(Illuminate\\Http\\Request), Object(Illuminate\\Session\\Store), Object(Closure))
#25 C:\\OSPanel\\home\\guitar_prog1\\vendor\\laravel\\framework\\src\\Illuminate\\Pipeline\\Pipeline.php(209): Illuminate\\Session\\Middleware\\StartSession->handle(Object(Illuminate\\Http\\Request), Object(Closure))
#26 C:\\OSPanel\\home\\guitar_prog1\\vendor\\laravel\\framework\\src\\Illuminate\\Cookie\\Middleware\\AddQueuedCookiesToResponse.php(37): Illuminate\\Pipeline\\Pipeline->Illuminate\\Pipeline\\{closure}(Object(Illuminate\\Http\\Request))
#27 C:\\OSPanel\\home\\guitar_prog1\\vendor\\laravel\\framework\\src\\Illuminate\\Pipeline\\Pipeline.php(209): Illuminate\\Cookie\\Middleware\\AddQueuedCookiesToResponse->handle(Object(Illuminate\\Http\\Request), Object(Closure))
#28 C:\\OSPanel\\home\\guitar_prog1\\vendor\\laravel\\framework\\src\\Illuminate\\Cookie\\Middleware\\EncryptCookies.php(75): Illuminate\\Pipeline\\Pipeline->Illuminate\\Pipeline\\{closure}(Object(Illuminate\\Http\\Request))
#29 C:\\OSPanel\\home\\guitar_prog1\\vendor\\laravel\\framework\\src\\Illuminate\\Pipeline\\Pipeline.php(209): Illuminate\\Cookie\\Middleware\\EncryptCookies->handle(Object(Illuminate\\Http\\Request), Object(Closure))
#30 C:\\OSPanel\\home\\guitar_prog1\\vendor\\laravel\\framework\\src\\Illuminate\\Pipeline\\Pipeline.php(127): Illuminate\\Pipeline\\Pipeline->Illuminate\\Pipeline\\{closure}(Object(Illuminate\\Http\\Request))
#31 C:\\OSPanel\\home\\guitar_prog1\\vendor\\laravel\\framework\\src\\Illuminate\\Routing\\Router.php(807): Illuminate\\Pipeline\\Pipeline->then(Object(Closure))
#32 C:\\OSPanel\\home\\guitar_prog1\\vendor\\laravel\\framework\\src\\Illuminate\\Routing\\Router.php(786): Illuminate\\Routing\\Router->runRouteWithinStack(Object(Illuminate\\Routing\\Route), Object(Illuminate\\Http\\Request))
#33 C:\\OSPanel\\home\\guitar_prog1\\vendor\\laravel\\framework\\src\\Illuminate\\Routing\\Router.php(750): Illuminate\\Routing\\Router->runRoute(Object(Illuminate\\Http\\Request), Object(Illuminate\\Routing\\Route))
#34 C:\\OSPanel\\home\\guitar_prog1\\vendor\\laravel\\framework\\src\\Illuminate\\Routing\\Router.php(739): Illuminate\\Routing\\Router->dispatchToRoute(Object(Illuminate\\Http\\Request))
#35 C:\\OSPanel\\home\\guitar_prog1\\vendor\\laravel\\framework\\src\\Illuminate\\Foundation\\Http\\Kernel.php(201): Illuminate\\Routing\\Router->dispatch(Object(Illuminate\\Http\\Request))
#36 C:\\OSPanel\\home\\guitar_prog1\\vendor\\laravel\\framework\\src\\Illuminate\\Pipeline\\Pipeline.php(170): Illuminate\\Foundation\\Http\\Kernel->Illuminate\\Foundation\\Http\\{closure}(Object(Illuminate\\Http\\Request))
#37 C:\\OSPanel\\home\\guitar_prog1\\vendor\\livewire\\livewire\\src\\Features\\SupportDisablingBackButtonCache\\DisableBackButtonCacheMiddleware.php(19): Illuminate\\Pipeline\\Pipeline->Illuminate\\Pipeline\\{closure}(Object(Illuminate\\Http\\Request))
#38 C:\\OSPanel\\home\\guitar_prog1\\vendor\\laravel\\framework\\src\\Illuminate\\Pipeline\\Pipeline.php(209): Livewire\\Features\\SupportDisablingBackButtonCache\\DisableBackButtonCacheMiddleware->handle(Object(Illuminate\\Http\\Request), Object(Closure))
#39 C:\\OSPanel\\home\\guitar_prog1\\vendor\\laravel\\framework\\src\\Illuminate\\Foundation\\Http\\Middleware\\TransformsRequest.php(21): Illuminate\\Pipeline\\Pipeline->Illuminate\\Pipeline\\{closure}(Object(Illuminate\\Http\\Request))
#40 C:\\OSPanel\\home\\guitar_prog1\\vendor\\laravel\\framework\\src\\Illuminate\\Foundation\\Http\\Middleware\\ConvertEmptyStringsToNull.php(31): Illuminate\\Foundation\\Http\\Middleware\\TransformsRequest->handle(Object(Illuminate\\Http\\Request), Object(Closure))
#41 C:\\OSPanel\\home\\guitar_prog1\\vendor\\laravel\\framework\\src\\Illuminate\\Pipeline\\Pipeline.php(209): Illuminate\\Foundation\\Http\\Middleware\\ConvertEmptyStringsToNull->handle(Object(Illuminate\\Http\\Request), Object(Closure))
#42 C:\\OSPanel\\home\\guitar_prog1\\vendor\\laravel\\framework\\src\\Illuminate\\Foundation\\Http\\Middleware\\TransformsRequest.php(21): Illuminate\\Pipeline\\Pipeline->Illuminate\\Pipeline\\{closure}(Object(Illuminate\\Http\\Request))
#43 C:\\OSPanel\\home\\guitar_prog1\\vendor\\laravel\\framework\\src\\Illuminate\\Foundation\\Http\\Middleware\\TrimStrings.php(51): Illuminate\\Foundation\\Http\\Middleware\\TransformsRequest->handle(Object(Illuminate\\Http\\Request), Object(Closure))
#44 C:\\OSPanel\\home\\guitar_prog1\\vendor\\laravel\\framework\\src\\Illuminate\\Pipeline\\Pipeline.php(209): Illuminate\\Foundation\\Http\\Middleware\\TrimStrings->handle(Object(Illuminate\\Http\\Request), Object(Closure))
#45 C:\\OSPanel\\home\\guitar_prog1\\vendor\\laravel\\framework\\src\\Illuminate\\Http\\Middleware\\ValidatePostSize.php(27): Illuminate\\Pipeline\\Pipeline->Illuminate\\Pipeline\\{closure}(Object(Illuminate\\Http\\Request))
#46 C:\\OSPanel\\home\\guitar_prog1\\vendor\\laravel\\framework\\src\\Illuminate\\Pipeline\\Pipeline.php(209): Illuminate\\Http\\Middleware\\ValidatePostSize->handle(Object(Illuminate\\Http\\Request), Object(Closure))
#47 C:\\OSPanel\\home\\guitar_prog1\\vendor\\laravel\\framework\\src\\Illuminate\\Foundation\\Http\\Middleware\\PreventRequestsDuringMaintenance.php(110): Illuminate\\Pipeline\\Pipeline->Illuminate\\Pipeline\\{closure}(Object(Illuminate\\Http\\Request))
#48 C:\\OSPanel\\home\\guitar_prog1\\vendor\\laravel\\framework\\src\\Illuminate\\Pipeline\\Pipeline.php(209): Illuminate\\Foundation\\Http\\Middleware\\PreventRequestsDuringMaintenance->handle(Object(Illuminate\\Http\\Request), Object(Closure))
#49 C:\\OSPanel\\home\\guitar_prog1\\vendor\\laravel\\framework\\src\\Illuminate\\Http\\Middleware\\HandleCors.php(49): Illuminate\\Pipeline\\Pipeline->Illuminate\\Pipeline\\{closure}(Object(Illuminate\\Http\\Request))
#50 C:\\OSPanel\\home\\guitar_prog1\\vendor\\laravel\\framework\\src\\Illuminate\\Pipeline\\Pipeline.php(209): Illuminate\\Http\\Middleware\\HandleCors->handle(Object(Illuminate\\Http\\Request), Object(Closure))
#51 C:\\OSPanel\\home\\guitar_prog1\\vendor\\laravel\\framework\\src\\Illuminate\\Http\\Middleware\\TrustProxies.php(58): Illuminate\\Pipeline\\Pipeline->Illuminate\\Pipeline\\{closure}(Object(Illuminate\\Http\\Request))
#52 C:\\OSPanel\\home\\guitar_prog1\\vendor\\laravel\\framework\\src\\Illuminate\\Pipeline\\Pipeline.php(209): Illuminate\\Http\\Middleware\\TrustProxies->handle(Object(Illuminate\\Http\\Request), Object(Closure))
#53 C:\\OSPanel\\home\\guitar_prog1\\vendor\\laravel\\framework\\src\\Illuminate\\Foundation\\Http\\Middleware\\InvokeDeferredCallbacks.php(22): Illuminate\\Pipeline\\Pipeline->Illuminate\\Pipeline\\{closure}(Object(Illuminate\\Http\\Request))
#54 C:\\OSPanel\\home\\guitar_prog1\\vendor\\laravel\\framework\\src\\Illuminate\\Pipeline\\Pipeline.php(209): Illuminate\\Foundation\\Http\\Middleware\\InvokeDeferredCallbacks->handle(Object(Illuminate\\Http\\Request), Object(Closure))
#55 C:\\OSPanel\\home\\guitar_prog1\\vendor\\laravel\\framework\\src\\Illuminate\\Http\\Middleware\\ValidatePathEncoding.php(26): Illuminate\\Pipeline\\Pipeline->Illuminate\\Pipeline\\{closure}(Object(Illuminate\\Http\\Request))
#56 C:\\OSPanel\\home\\guitar_prog1\\vendor\\laravel\\framework\\src\\Illuminate\\Pipeline\\Pipeline.php(209): Illuminate\\Http\\Middleware\\ValidatePathEncoding->handle(Object(Illuminate\\Http\\Request), Object(Closure))
#57 C:\\OSPanel\\home\\guitar_prog1\\vendor\\laravel\\framework\\src\\Illuminate\\Pipeline\\Pipeline.php(127): Illuminate\\Pipeline\\Pipeline->Illuminate\\Pipeline\\{closure}(Object(Illuminate\\Http\\Request))
#58 C:\\OSPanel\\home\\guitar_prog1\\vendor\\laravel\\framework\\src\\Illuminate\\Foundation\\Http\\Kernel.php(176): Illuminate\\Pipeline\\Pipeline->then(Object(Closure))
#59 C:\\OSPanel\\home\\guitar_prog1\\vendor\\laravel\\framework\\src\\Illuminate\\Foundation\\Http\\Kernel.php(145): Illuminate\\Foundation\\Http\\Kernel->sendRequestThroughRouter(Object(Illuminate\\Http\\Request))
#60 C:\\OSPanel\\home\\guitar_prog1\\vendor\\laravel\\framework\\src\\Illuminate\\Foundation\\Application.php(1220): Illuminate\\Foundation\\Http\\Kernel->handle(Object(Illuminate\\Http\\Request))
#61 C:\\OSPanel\\home\\guitar_prog1\\public\\index.php(20): Illuminate\\Foundation\\Application->handleRequest(Object(Illuminate\\Http\\Request))
#62 C:\\OSPanel\\home\\guitar_prog1\\vendor\\laravel\\framework\\src\\Illuminate\\Foundation\\resources\\server.php(23): require_once('C:\\\\OSPanel\\\\home...')
#63 {main}
"} 
[2025-05-02 00:06:16] local.ERROR: SQLSTATE[23000]: Integrity constraint violation: 19 FOREIGN KEY constraint failed (Connection: sqlite, SQL: insert into "brands" ("name", "description", "logo", "category_id", "is_active", "updated_at", "created_at") values (Полянский Никита Андреевтч, Описание преподавателя 3, logo3.png, 3, 0, 2025-05-02 00:06:16, 2025-05-02 00:06:16)) {"exception":"[object] (Illuminate\\Database\\QueryException(code: 23000): SQLSTATE[23000]: Integrity constraint violation: 19 FOREIGN KEY constraint failed (Connection: sqlite, SQL: insert into \"brands\" (\"name\", \"description\", \"logo\", \"category_id\", \"is_active\", \"updated_at\", \"created_at\") values (Полянский Никита Андреевтч, Описание преподавателя 3, logo3.png, 3, 0, 2025-05-02 00:06:16, 2025-05-02 00:06:16)) at C:\\OSPanel\\home\\guitar_prog1\\vendor\\laravel\\framework\\src\\Illuminate\\Database\\Connection.php:823)
[stacktrace]
#0 C:\\OSPanel\\home\\guitar_prog1\\vendor\\laravel\\framework\\src\\Illuminate\\Database\\Connection.php(777): Illuminate\\Database\\Connection->runQueryCallback('insert into \"br...', Array, Object(Closure))
#1 C:\\OSPanel\\home\\guitar_prog1\\vendor\\laravel\\framework\\src\\Illuminate\\Database\\Connection.php(558): Illuminate\\Database\\Connection->run('insert into \"br...', Array, Object(Closure))
#2 C:\\OSPanel\\home\\guitar_prog1\\vendor\\laravel\\framework\\src\\Illuminate\\Database\\Connection.php(522): Illuminate\\Database\\Connection->statement('insert into \"br...', Array)
#3 C:\\OSPanel\\home\\guitar_prog1\\vendor\\laravel\\framework\\src\\Illuminate\\Database\\Query\\Processors\\Processor.php(32): Illuminate\\Database\\Connection->insert('insert into \"br...', Array)
#4 C:\\OSPanel\\home\\guitar_prog1\\vendor\\laravel\\framework\\src\\Illuminate\\Database\\Query\\Builder.php(3767): Illuminate\\Database\\Query\\Processors\\Processor->processInsertGetId(Object(Illuminate\\Database\\Query\\Builder), 'insert into \"br...', Array, 'id')
#5 C:\\OSPanel\\home\\guitar_prog1\\vendor\\laravel\\framework\\src\\Illuminate\\Database\\Eloquent\\Builder.php(2141): Illuminate\\Database\\Query\\Builder->insertGetId(Array, 'id')
#6 C:\\OSPanel\\home\\guitar_prog1\\vendor\\laravel\\framework\\src\\Illuminate\\Database\\Eloquent\\Model.php(1359): Illuminate\\Database\\Eloquent\\Builder->__call('insertGetId', Array)
#7 C:\\OSPanel\\home\\guitar_prog1\\vendor\\laravel\\framework\\src\\Illuminate\\Database\\Eloquent\\Model.php(1324): Illuminate\\Database\\Eloquent\\Model->insertAndSetId(Object(Illuminate\\Database\\Eloquent\\Builder), Array)
#8 C:\\OSPanel\\home\\guitar_prog1\\vendor\\laravel\\framework\\src\\Illuminate\\Database\\Eloquent\\Model.php(1163): Illuminate\\Database\\Eloquent\\Model->performInsert(Object(Illuminate\\Database\\Eloquent\\Builder))
#9 C:\\OSPanel\\home\\guitar_prog1\\vendor\\laravel\\framework\\src\\Illuminate\\Database\\Eloquent\\Builder.php(1128): Illuminate\\Database\\Eloquent\\Model->save()
#10 C:\\OSPanel\\home\\guitar_prog1\\vendor\\laravel\\framework\\src\\Illuminate\\Support\\helpers.php(399): Illuminate\\Database\\Eloquent\\Builder->Illuminate\\Database\\Eloquent\\{closure}(Object(App\\Models\\Brand))
#11 C:\\OSPanel\\home\\guitar_prog1\\vendor\\laravel\\framework\\src\\Illuminate\\Database\\Eloquent\\Builder.php(1127): tap(Object(App\\Models\\Brand), Object(Closure))
#12 C:\\OSPanel\\home\\guitar_prog1\\vendor\\laravel\\framework\\src\\Illuminate\\Support\\Traits\\ForwardsCalls.php(23): Illuminate\\Database\\Eloquent\\Builder->create(Array)
#13 C:\\OSPanel\\home\\guitar_prog1\\vendor\\laravel\\framework\\src\\Illuminate\\Database\\Eloquent\\Model.php(2372): Illuminate\\Database\\Eloquent\\Model->forwardCallTo(Object(Illuminate\\Database\\Eloquent\\Builder), 'create', Array)
#14 C:\\OSPanel\\home\\guitar_prog1\\vendor\\laravel\\framework\\src\\Illuminate\\Database\\Eloquent\\Model.php(2384): Illuminate\\Database\\Eloquent\\Model->__call('create', Array)
#15 C:\\OSPanel\\home\\guitar_prog1\\database\\seeders\\BrandSeeder.php(30): Illuminate\\Database\\Eloquent\\Model::__callStatic('create', Array)
#16 C:\\OSPanel\\home\\guitar_prog1\\vendor\\laravel\\framework\\src\\Illuminate\\Container\\BoundMethod.php(36): Database\\Seeders\\BrandSeeder->run()
#17 C:\\OSPanel\\home\\guitar_prog1\\vendor\\laravel\\framework\\src\\Illuminate\\Container\\Util.php(43): Illuminate\\Container\\BoundMethod::Illuminate\\Container\\{closure}()
#18 C:\\OSPanel\\home\\guitar_prog1\\vendor\\laravel\\framework\\src\\Illuminate\\Container\\BoundMethod.php(96): Illuminate\\Container\\Util::unwrapIfClosure(Object(Closure))
#19 C:\\OSPanel\\home\\guitar_prog1\\vendor\\laravel\\framework\\src\\Illuminate\\Container\\BoundMethod.php(35): Illuminate\\Container\\BoundMethod::callBoundMethod(Object(Illuminate\\Foundation\\Application), Array, Object(Closure))
#20 C:\\OSPanel\\home\\guitar_prog1\\vendor\\laravel\\framework\\src\\Illuminate\\Container\\Container.php(754): Illuminate\\Container\\BoundMethod::call(Object(Illuminate\\Foundation\\Application), Array, Array, NULL)
#21 C:\\OSPanel\\home\\guitar_prog1\\vendor\\laravel\\framework\\src\\Illuminate\\Database\\Seeder.php(188): Illuminate\\Container\\Container->call(Array, Array)
#22 C:\\OSPanel\\home\\guitar_prog1\\vendor\\laravel\\framework\\src\\Illuminate\\Database\\Seeder.php(197): Illuminate\\Database\\Seeder->Illuminate\\Database\\{closure}()
#23 C:\\OSPanel\\home\\guitar_prog1\\vendor\\laravel\\framework\\src\\Illuminate\\Database\\Seeder.php(61): Illuminate\\Database\\Seeder->__invoke(Array)
#24 C:\\OSPanel\\home\\guitar_prog1\\database\\seeders\\DatabaseSeeder.php(17): Illuminate\\Database\\Seeder->call('Database\\\\Seeder...')
#25 C:\\OSPanel\\home\\guitar_prog1\\vendor\\laravel\\framework\\src\\Illuminate\\Container\\BoundMethod.php(36): Database\\Seeders\\DatabaseSeeder->run()
#26 C:\\OSPanel\\home\\guitar_prog1\\vendor\\laravel\\framework\\src\\Illuminate\\Container\\Util.php(43): Illuminate\\Container\\BoundMethod::Illuminate\\Container\\{closure}()
#27 C:\\OSPanel\\home\\guitar_prog1\\vendor\\laravel\\framework\\src\\Illuminate\\Container\\BoundMethod.php(96): Illuminate\\Container\\Util::unwrapIfClosure(Object(Closure))
#28 C:\\OSPanel\\home\\guitar_prog1\\vendor\\laravel\\framework\\src\\Illuminate\\Container\\BoundMethod.php(35): Illuminate\\Container\\BoundMethod::callBoundMethod(Object(Illuminate\\Foundation\\Application), Array, Object(Closure))
#29 C:\\OSPanel\\home\\guitar_prog1\\vendor\\laravel\\framework\\src\\Illuminate\\Container\\Container.php(754): Illuminate\\Container\\BoundMethod::call(Object(Illuminate\\Foundation\\Application), Array, Array, NULL)
#30 C:\\OSPanel\\home\\guitar_prog1\\vendor\\laravel\\framework\\src\\Illuminate\\Database\\Seeder.php(188): Illuminate\\Container\\Container->call(Array, Array)
#31 C:\\OSPanel\\home\\guitar_prog1\\vendor\\laravel\\framework\\src\\Illuminate\\Database\\Seeder.php(197): Illuminate\\Database\\Seeder->Illuminate\\Database\\{closure}()
#32 C:\\OSPanel\\home\\guitar_prog1\\vendor\\laravel\\framework\\src\\Illuminate\\Database\\Console\\Seeds\\SeedCommand.php(70): Illuminate\\Database\\Seeder->__invoke()
#33 C:\\OSPanel\\home\\guitar_prog1\\vendor\\laravel\\framework\\src\\Illuminate\\Database\\Eloquent\\Concerns\\GuardsAttributes.php(155): Illuminate\\Database\\Console\\Seeds\\SeedCommand->Illuminate\\Database\\Console\\Seeds\\{closure}()
#34 C:\\OSPanel\\home\\guitar_prog1\\vendor\\laravel\\framework\\src\\Illuminate\\Database\\Console\\Seeds\\SeedCommand.php(69): Illuminate\\Database\\Eloquent\\Model::unguarded(Object(Closure))
#35 C:\\OSPanel\\home\\guitar_prog1\\vendor\\laravel\\framework\\src\\Illuminate\\Container\\BoundMethod.php(36): Illuminate\\Database\\Console\\Seeds\\SeedCommand->handle()
#36 C:\\OSPanel\\home\\guitar_prog1\\vendor\\laravel\\framework\\src\\Illuminate\\Container\\Util.php(43): Illuminate\\Container\\BoundMethod::Illuminate\\Container\\{closure}()
#37 C:\\OSPanel\\home\\guitar_prog1\\vendor\\laravel\\framework\\src\\Illuminate\\Container\\BoundMethod.php(96): Illuminate\\Container\\Util::unwrapIfClosure(Object(Closure))
#38 C:\\OSPanel\\home\\guitar_prog1\\vendor\\laravel\\framework\\src\\Illuminate\\Container\\BoundMethod.php(35): Illuminate\\Container\\BoundMethod::callBoundMethod(Object(Illuminate\\Foundation\\Application), Array, Object(Closure))
#39 C:\\OSPanel\\home\\guitar_prog1\\vendor\\laravel\\framework\\src\\Illuminate\\Container\\Container.php(754): Illuminate\\Container\\BoundMethod::call(Object(Illuminate\\Foundation\\Application), Array, Array, NULL)
#40 C:\\OSPanel\\home\\guitar_prog1\\vendor\\laravel\\framework\\src\\Illuminate\\Console\\Command.php(213): Illuminate\\Container\\Container->call(Array)
#41 C:\\OSPanel\\home\\guitar_prog1\\vendor\\symfony\\console\\Command\\Command.php(279): Illuminate\\Console\\Command->execute(Object(Symfony\\Component\\Console\\Input\\ArgvInput), Object(Illuminate\\Console\\OutputStyle))
#42 C:\\OSPanel\\home\\guitar_prog1\\vendor\\laravel\\framework\\src\\Illuminate\\Console\\Command.php(182): Symfony\\Component\\Console\\Command\\Command->run(Object(Symfony\\Component\\Console\\Input\\ArgvInput), Object(Illuminate\\Console\\OutputStyle))
#43 C:\\OSPanel\\home\\guitar_prog1\\vendor\\symfony\\console\\Application.php(1094): Illuminate\\Console\\Command->run(Object(Symfony\\Component\\Console\\Input\\ArgvInput), Object(Symfony\\Component\\Console\\Output\\ConsoleOutput))
#44 C:\\OSPanel\\home\\guitar_prog1\\vendor\\symfony\\console\\Application.php(342): Symfony\\Component\\Console\\Application->doRunCommand(Object(Illuminate\\Database\\Console\\Seeds\\SeedCommand), Object(Symfony\\Component\\Console\\Input\\ArgvInput), Object(Symfony\\Component\\Console\\Output\\ConsoleOutput))
#45 C:\\OSPanel\\home\\guitar_prog1\\vendor\\symfony\\console\\Application.php(193): Symfony\\Component\\Console\\Application->doRun(Object(Symfony\\Component\\Console\\Input\\ArgvInput), Object(Symfony\\Component\\Console\\Output\\ConsoleOutput))
#46 C:\\OSPanel\\home\\guitar_prog1\\vendor\\laravel\\framework\\src\\Illuminate\\Foundation\\Console\\Kernel.php(198): Symfony\\Component\\Console\\Application->run(Object(Symfony\\Component\\Console\\Input\\ArgvInput), Object(Symfony\\Component\\Console\\Output\\ConsoleOutput))
#47 C:\\OSPanel\\home\\guitar_prog1\\vendor\\laravel\\framework\\src\\Illuminate\\Foundation\\Application.php(1235): Illuminate\\Foundation\\Console\\Kernel->handle(Object(Symfony\\Component\\Console\\Input\\ArgvInput), Object(Symfony\\Component\\Console\\Output\\ConsoleOutput))
#48 C:\\OSPanel\\home\\guitar_prog1\\artisan(16): Illuminate\\Foundation\\Application->handleCommand(Object(Symfony\\Component\\Console\\Input\\ArgvInput))
#49 {main}

[previous exception] [object] (PDOException(code: 23000): SQLSTATE[23000]: Integrity constraint violation: 19 FOREIGN KEY constraint failed at C:\\OSPanel\\home\\guitar_prog1\\vendor\\laravel\\framework\\src\\Illuminate\\Database\\Connection.php:569)
[stacktrace]
#0 C:\\OSPanel\\home\\guitar_prog1\\vendor\\laravel\\framework\\src\\Illuminate\\Database\\Connection.php(569): PDOStatement->execute()
#1 C:\\OSPanel\\home\\guitar_prog1\\vendor\\laravel\\framework\\src\\Illuminate\\Database\\Connection.php(810): Illuminate\\Database\\Connection->Illuminate\\Database\\{closure}('insert into \"br...', Array)
#2 C:\\OSPanel\\home\\guitar_prog1\\vendor\\laravel\\framework\\src\\Illuminate\\Database\\Connection.php(777): Illuminate\\Database\\Connection->runQueryCallback('insert into \"br...', Array, Object(Closure))
#3 C:\\OSPanel\\home\\guitar_prog1\\vendor\\laravel\\framework\\src\\Illuminate\\Database\\Connection.php(558): Illuminate\\Database\\Connection->run('insert into \"br...', Array, Object(Closure))
#4 C:\\OSPanel\\home\\guitar_prog1\\vendor\\laravel\\framework\\src\\Illuminate\\Database\\Connection.php(522): Illuminate\\Database\\Connection->statement('insert into \"br...', Array)
#5 C:\\OSPanel\\home\\guitar_prog1\\vendor\\laravel\\framework\\src\\Illuminate\\Database\\Query\\Processors\\Processor.php(32): Illuminate\\Database\\Connection->insert('insert into \"br...', Array)
#6 C:\\OSPanel\\home\\guitar_prog1\\vendor\\laravel\\framework\\src\\Illuminate\\Database\\Query\\Builder.php(3767): Illuminate\\Database\\Query\\Processors\\Processor->processInsertGetId(Object(Illuminate\\Database\\Query\\Builder), 'insert into \"br...', Array, 'id')
#7 C:\\OSPanel\\home\\guitar_prog1\\vendor\\laravel\\framework\\src\\Illuminate\\Database\\Eloquent\\Builder.php(2141): Illuminate\\Database\\Query\\Builder->insertGetId(Array, 'id')
#8 C:\\OSPanel\\home\\guitar_prog1\\vendor\\laravel\\framework\\src\\Illuminate\\Database\\Eloquent\\Model.php(1359): Illuminate\\Database\\Eloquent\\Builder->__call('insertGetId', Array)
#9 C:\\OSPanel\\home\\guitar_prog1\\vendor\\laravel\\framework\\src\\Illuminate\\Database\\Eloquent\\Model.php(1324): Illuminate\\Database\\Eloquent\\Model->insertAndSetId(Object(Illuminate\\Database\\Eloquent\\Builder), Array)
#10 C:\\OSPanel\\home\\guitar_prog1\\vendor\\laravel\\framework\\src\\Illuminate\\Database\\Eloquent\\Model.php(1163): Illuminate\\Database\\Eloquent\\Model->performInsert(Object(Illuminate\\Database\\Eloquent\\Builder))
#11 C:\\OSPanel\\home\\guitar_prog1\\vendor\\laravel\\framework\\src\\Illuminate\\Database\\Eloquent\\Builder.php(1128): Illuminate\\Database\\Eloquent\\Model->save()
#12 C:\\OSPanel\\home\\guitar_prog1\\vendor\\laravel\\framework\\src\\Illuminate\\Support\\helpers.php(399): Illuminate\\Database\\Eloquent\\Builder->Illuminate\\Database\\Eloquent\\{closure}(Object(App\\Models\\Brand))
#13 C:\\OSPanel\\home\\guitar_prog1\\vendor\\laravel\\framework\\src\\Illuminate\\Database\\Eloquent\\Builder.php(1127): tap(Object(App\\Models\\Brand), Object(Closure))
#14 C:\\OSPanel\\home\\guitar_prog1\\vendor\\laravel\\framework\\src\\Illuminate\\Support\\Traits\\ForwardsCalls.php(23): Illuminate\\Database\\Eloquent\\Builder->create(Array)
#15 C:\\OSPanel\\home\\guitar_prog1\\vendor\\laravel\\framework\\src\\Illuminate\\Database\\Eloquent\\Model.php(2372): Illuminate\\Database\\Eloquent\\Model->forwardCallTo(Object(Illuminate\\Database\\Eloquent\\Builder), 'create', Array)
#16 C:\\OSPanel\\home\\guitar_prog1\\vendor\\laravel\\framework\\src\\Illuminate\\Database\\Eloquent\\Model.php(2384): Illuminate\\Database\\Eloquent\\Model->__call('create', Array)
#17 C:\\OSPanel\\home\\guitar_prog1\\database\\seeders\\BrandSeeder.php(30): Illuminate\\Database\\Eloquent\\Model::__callStatic('create', Array)
#18 C:\\OSPanel\\home\\guitar_prog1\\vendor\\laravel\\framework\\src\\Illuminate\\Container\\BoundMethod.php(36): Database\\Seeders\\BrandSeeder->run()
#19 C:\\OSPanel\\home\\guitar_prog1\\vendor\\laravel\\framework\\src\\Illuminate\\Container\\Util.php(43): Illuminate\\Container\\BoundMethod::Illuminate\\Container\\{closure}()
#20 C:\\OSPanel\\home\\guitar_prog1\\vendor\\laravel\\framework\\src\\Illuminate\\Container\\BoundMethod.php(96): Illuminate\\Container\\Util::unwrapIfClosure(Object(Closure))
#21 C:\\OSPanel\\home\\guitar_prog1\\vendor\\laravel\\framework\\src\\Illuminate\\Container\\BoundMethod.php(35): Illuminate\\Container\\BoundMethod::callBoundMethod(Object(Illuminate\\Foundation\\Application), Array, Object(Closure))
#22 C:\\OSPanel\\home\\guitar_prog1\\vendor\\laravel\\framework\\src\\Illuminate\\Container\\Container.php(754): Illuminate\\Container\\BoundMethod::call(Object(Illuminate\\Foundation\\Application), Array, Array, NULL)
#23 C:\\OSPanel\\home\\guitar_prog1\\vendor\\laravel\\framework\\src\\Illuminate\\Database\\Seeder.php(188): Illuminate\\Container\\Container->call(Array, Array)
#24 C:\\OSPanel\\home\\guitar_prog1\\vendor\\laravel\\framework\\src\\Illuminate\\Database\\Seeder.php(197): Illuminate\\Database\\Seeder->Illuminate\\Database\\{closure}()
#25 C:\\OSPanel\\home\\guitar_prog1\\vendor\\laravel\\framework\\src\\Illuminate\\Database\\Seeder.php(61): Illuminate\\Database\\Seeder->__invoke(Array)
#26 C:\\OSPanel\\home\\guitar_prog1\\database\\seeders\\DatabaseSeeder.php(17): Illuminate\\Database\\Seeder->call('Database\\\\Seeder...')
#27 C:\\OSPanel\\home\\guitar_prog1\\vendor\\laravel\\framework\\src\\Illuminate\\Container\\BoundMethod.php(36): Database\\Seeders\\DatabaseSeeder->run()
#28 C:\\OSPanel\\home\\guitar_prog1\\vendor\\laravel\\framework\\src\\Illuminate\\Container\\Util.php(43): Illuminate\\Container\\BoundMethod::Illuminate\\Container\\{closure}()
#29 C:\\OSPanel\\home\\guitar_prog1\\vendor\\laravel\\framework\\src\\Illuminate\\Container\\BoundMethod.php(96): Illuminate\\Container\\Util::unwrapIfClosure(Object(Closure))
#30 C:\\OSPanel\\home\\guitar_prog1\\vendor\\laravel\\framework\\src\\Illuminate\\Container\\BoundMethod.php(35): Illuminate\\Container\\BoundMethod::callBoundMethod(Object(Illuminate\\Foundation\\Application), Array, Object(Closure))
#31 C:\\OSPanel\\home\\guitar_prog1\\vendor\\laravel\\framework\\src\\Illuminate\\Container\\Container.php(754): Illuminate\\Container\\BoundMethod::call(Object(Illuminate\\Foundation\\Application), Array, Array, NULL)
#32 C:\\OSPanel\\home\\guitar_prog1\\vendor\\laravel\\framework\\src\\Illuminate\\Database\\Seeder.php(188): Illuminate\\Container\\Container->call(Array, Array)
#33 C:\\OSPanel\\home\\guitar_prog1\\vendor\\laravel\\framework\\src\\Illuminate\\Database\\Seeder.php(197): Illuminate\\Database\\Seeder->Illuminate\\Database\\{closure}()
#34 C:\\OSPanel\\home\\guitar_prog1\\vendor\\laravel\\framework\\src\\Illuminate\\Database\\Console\\Seeds\\SeedCommand.php(70): Illuminate\\Database\\Seeder->__invoke()
#35 C:\\OSPanel\\home\\guitar_prog1\\vendor\\laravel\\framework\\src\\Illuminate\\Database\\Eloquent\\Concerns\\GuardsAttributes.php(155): Illuminate\\Database\\Console\\Seeds\\SeedCommand->Illuminate\\Database\\Console\\Seeds\\{closure}()
#36 C:\\OSPanel\\home\\guitar_prog1\\vendor\\laravel\\framework\\src\\Illuminate\\Database\\Console\\Seeds\\SeedCommand.php(69): Illuminate\\Database\\Eloquent\\Model::unguarded(Object(Closure))
#37 C:\\OSPanel\\home\\guitar_prog1\\vendor\\laravel\\framework\\src\\Illuminate\\Container\\BoundMethod.php(36): Illuminate\\Database\\Console\\Seeds\\SeedCommand->handle()
#38 C:\\OSPanel\\home\\guitar_prog1\\vendor\\laravel\\framework\\src\\Illuminate\\Container\\Util.php(43): Illuminate\\Container\\BoundMethod::Illuminate\\Container\\{closure}()
#39 C:\\OSPanel\\home\\guitar_prog1\\vendor\\laravel\\framework\\src\\Illuminate\\Container\\BoundMethod.php(96): Illuminate\\Container\\Util::unwrapIfClosure(Object(Closure))
#40 C:\\OSPanel\\home\\guitar_prog1\\vendor\\laravel\\framework\\src\\Illuminate\\Container\\BoundMethod.php(35): Illuminate\\Container\\BoundMethod::callBoundMethod(Object(Illuminate\\Foundation\\Application), Array, Object(Closure))
#41 C:\\OSPanel\\home\\guitar_prog1\\vendor\\laravel\\framework\\src\\Illuminate\\Container\\Container.php(754): Illuminate\\Container\\BoundMethod::call(Object(Illuminate\\Foundation\\Application), Array, Array, NULL)
#42 C:\\OSPanel\\home\\guitar_prog1\\vendor\\laravel\\framework\\src\\Illuminate\\Console\\Command.php(213): Illuminate\\Container\\Container->call(Array)
#43 C:\\OSPanel\\home\\guitar_prog1\\vendor\\symfony\\console\\Command\\Command.php(279): Illuminate\\Console\\Command->execute(Object(Symfony\\Component\\Console\\Input\\ArgvInput), Object(Illuminate\\Console\\OutputStyle))
#44 C:\\OSPanel\\home\\guitar_prog1\\vendor\\laravel\\framework\\src\\Illuminate\\Console\\Command.php(182): Symfony\\Component\\Console\\Command\\Command->run(Object(Symfony\\Component\\Console\\Input\\ArgvInput), Object(Illuminate\\Console\\OutputStyle))
#45 C:\\OSPanel\\home\\guitar_prog1\\vendor\\symfony\\console\\Application.php(1094): Illuminate\\Console\\Command->run(Object(Symfony\\Component\\Console\\Input\\ArgvInput), Object(Symfony\\Component\\Console\\Output\\ConsoleOutput))
#46 C:\\OSPanel\\home\\guitar_prog1\\vendor\\symfony\\console\\Application.php(342): Symfony\\Component\\Console\\Application->doRunCommand(Object(Illuminate\\Database\\Console\\Seeds\\SeedCommand), Object(Symfony\\Component\\Console\\Input\\ArgvInput), Object(Symfony\\Component\\Console\\Output\\ConsoleOutput))
#47 C:\\OSPanel\\home\\guitar_prog1\\vendor\\symfony\\console\\Application.php(193): Symfony\\Component\\Console\\Application->doRun(Object(Symfony\\Component\\Console\\Input\\ArgvInput), Object(Symfony\\Component\\Console\\Output\\ConsoleOutput))
#48 C:\\OSPanel\\home\\guitar_prog1\\vendor\\laravel\\framework\\src\\Illuminate\\Foundation\\Console\\Kernel.php(198): Symfony\\Component\\Console\\Application->run(Object(Symfony\\Component\\Console\\Input\\ArgvInput), Object(Symfony\\Component\\Console\\Output\\ConsoleOutput))
#49 C:\\OSPanel\\home\\guitar_prog1\\vendor\\laravel\\framework\\src\\Illuminate\\Foundation\\Application.php(1235): Illuminate\\Foundation\\Console\\Kernel->handle(Object(Symfony\\Component\\Console\\Input\\ArgvInput), Object(Symfony\\Component\\Console\\Output\\ConsoleOutput))
#50 C:\\OSPanel\\home\\guitar_prog1\\artisan(16): Illuminate\\Foundation\\Application->handleCommand(Object(Symfony\\Component\\Console\\Input\\ArgvInput))
#51 {main}
"} 
[2025-05-02 00:07:04] local.ERROR: There are no commands defined in the "seed" namespace. {"exception":"[object] (Symfony\\Component\\Console\\Exception\\NamespaceNotFoundException(code: 0): There are no commands defined in the \"seed\" namespace. at C:\\OSPanel\\home\\guitar_prog1\\vendor\\symfony\\console\\Application.php:660)
[stacktrace]
#0 C:\\OSPanel\\home\\guitar_prog1\\vendor\\symfony\\console\\Application.php(709): Symfony\\Component\\Console\\Application->findNamespace('seed')
#1 C:\\OSPanel\\home\\guitar_prog1\\vendor\\symfony\\console\\Application.php(284): Symfony\\Component\\Console\\Application->find('seed:status')
#2 C:\\OSPanel\\home\\guitar_prog1\\vendor\\symfony\\console\\Application.php(193): Symfony\\Component\\Console\\Application->doRun(Object(Symfony\\Component\\Console\\Input\\ArgvInput), Object(Symfony\\Component\\Console\\Output\\ConsoleOutput))
#3 C:\\OSPanel\\home\\guitar_prog1\\vendor\\laravel\\framework\\src\\Illuminate\\Foundation\\Console\\Kernel.php(198): Symfony\\Component\\Console\\Application->run(Object(Symfony\\Component\\Console\\Input\\ArgvInput), Object(Symfony\\Component\\Console\\Output\\ConsoleOutput))
#4 C:\\OSPanel\\home\\guitar_prog1\\vendor\\laravel\\framework\\src\\Illuminate\\Foundation\\Application.php(1235): Illuminate\\Foundation\\Console\\Kernel->handle(Object(Symfony\\Component\\Console\\Input\\ArgvInput), Object(Symfony\\Component\\Console\\Output\\ConsoleOutput))
#5 C:\\OSPanel\\home\\guitar_prog1\\artisan(16): Illuminate\\Foundation\\Application->handleCommand(Object(Symfony\\Component\\Console\\Input\\ArgvInput))
#6 {main}
"} 
[2025-05-02 00:09:13] local.ERROR: SQLSTATE[23000]: Integrity constraint violation: 19 UNIQUE constraint failed: users.email (Connection: sqlite, SQL: insert into "users" ("name", "email", "password", "role", "updated_at", "created_at") values (Администратор, admin@example.com, $2y$12$wd3qVmcZxBEFUROvHkxl2ubZMUPL33TSu.3rJm.COt2Asbp76wuvy, 3, 2025-05-02 00:09:13, 2025-05-02 00:09:13)) {"exception":"[object] (Illuminate\\Database\\UniqueConstraintViolationException(code: 23000): SQLSTATE[23000]: Integrity constraint violation: 19 UNIQUE constraint failed: users.email (Connection: sqlite, SQL: insert into \"users\" (\"name\", \"email\", \"password\", \"role\", \"updated_at\", \"created_at\") values (Администратор, admin@example.com, $2y$12$wd3qVmcZxBEFUROvHkxl2ubZMUPL33TSu.3rJm.COt2Asbp76wuvy, 3, 2025-05-02 00:09:13, 2025-05-02 00:09:13)) at C:\\OSPanel\\home\\guitar_prog1\\vendor\\laravel\\framework\\src\\Illuminate\\Database\\Connection.php:818)
[stacktrace]
#0 C:\\OSPanel\\home\\guitar_prog1\\vendor\\laravel\\framework\\src\\Illuminate\\Database\\Connection.php(777): Illuminate\\Database\\Connection->runQueryCallback('insert into \"us...', Array, Object(Closure))
#1 C:\\OSPanel\\home\\guitar_prog1\\vendor\\laravel\\framework\\src\\Illuminate\\Database\\Connection.php(558): Illuminate\\Database\\Connection->run('insert into \"us...', Array, Object(Closure))
#2 C:\\OSPanel\\home\\guitar_prog1\\vendor\\laravel\\framework\\src\\Illuminate\\Database\\Connection.php(522): Illuminate\\Database\\Connection->statement('insert into \"us...', Array)
#3 C:\\OSPanel\\home\\guitar_prog1\\vendor\\laravel\\framework\\src\\Illuminate\\Database\\Query\\Processors\\Processor.php(32): Illuminate\\Database\\Connection->insert('insert into \"us...', Array)
#4 C:\\OSPanel\\home\\guitar_prog1\\vendor\\laravel\\framework\\src\\Illuminate\\Database\\Query\\Builder.php(3767): Illuminate\\Database\\Query\\Processors\\Processor->processInsertGetId(Object(Illuminate\\Database\\Query\\Builder), 'insert into \"us...', Array, 'id')
#5 C:\\OSPanel\\home\\guitar_prog1\\vendor\\laravel\\framework\\src\\Illuminate\\Database\\Eloquent\\Builder.php(2141): Illuminate\\Database\\Query\\Builder->insertGetId(Array, 'id')
#6 C:\\OSPanel\\home\\guitar_prog1\\vendor\\laravel\\framework\\src\\Illuminate\\Database\\Eloquent\\Model.php(1359): Illuminate\\Database\\Eloquent\\Builder->__call('insertGetId', Array)
#7 C:\\OSPanel\\home\\guitar_prog1\\vendor\\laravel\\framework\\src\\Illuminate\\Database\\Eloquent\\Model.php(1324): Illuminate\\Database\\Eloquent\\Model->insertAndSetId(Object(Illuminate\\Database\\Eloquent\\Builder), Array)
#8 C:\\OSPanel\\home\\guitar_prog1\\vendor\\laravel\\framework\\src\\Illuminate\\Database\\Eloquent\\Model.php(1163): Illuminate\\Database\\Eloquent\\Model->performInsert(Object(Illuminate\\Database\\Eloquent\\Builder))
#9 C:\\OSPanel\\home\\guitar_prog1\\vendor\\laravel\\framework\\src\\Illuminate\\Database\\Eloquent\\Builder.php(1128): Illuminate\\Database\\Eloquent\\Model->save()
#10 C:\\OSPanel\\home\\guitar_prog1\\vendor\\laravel\\framework\\src\\Illuminate\\Support\\helpers.php(399): Illuminate\\Database\\Eloquent\\Builder->Illuminate\\Database\\Eloquent\\{closure}(Object(App\\Models\\User))
#11 C:\\OSPanel\\home\\guitar_prog1\\vendor\\laravel\\framework\\src\\Illuminate\\Database\\Eloquent\\Builder.php(1127): tap(Object(App\\Models\\User), Object(Closure))
#12 C:\\OSPanel\\home\\guitar_prog1\\vendor\\laravel\\framework\\src\\Illuminate\\Support\\Traits\\ForwardsCalls.php(23): Illuminate\\Database\\Eloquent\\Builder->create(Array)
#13 C:\\OSPanel\\home\\guitar_prog1\\vendor\\laravel\\framework\\src\\Illuminate\\Database\\Eloquent\\Model.php(2372): Illuminate\\Database\\Eloquent\\Model->forwardCallTo(Object(Illuminate\\Database\\Eloquent\\Builder), 'create', Array)
#14 C:\\OSPanel\\home\\guitar_prog1\\vendor\\laravel\\framework\\src\\Illuminate\\Database\\Eloquent\\Model.php(2384): Illuminate\\Database\\Eloquent\\Model->__call('create', Array)
#15 C:\\OSPanel\\home\\guitar_prog1\\database\\seeders\\UserSeeder.php(14): Illuminate\\Database\\Eloquent\\Model::__callStatic('create', Array)
#16 C:\\OSPanel\\home\\guitar_prog1\\vendor\\laravel\\framework\\src\\Illuminate\\Container\\BoundMethod.php(36): Database\\Seeders\\UserSeeder->run()
#17 C:\\OSPanel\\home\\guitar_prog1\\vendor\\laravel\\framework\\src\\Illuminate\\Container\\Util.php(43): Illuminate\\Container\\BoundMethod::Illuminate\\Container\\{closure}()
#18 C:\\OSPanel\\home\\guitar_prog1\\vendor\\laravel\\framework\\src\\Illuminate\\Container\\BoundMethod.php(96): Illuminate\\Container\\Util::unwrapIfClosure(Object(Closure))
#19 C:\\OSPanel\\home\\guitar_prog1\\vendor\\laravel\\framework\\src\\Illuminate\\Container\\BoundMethod.php(35): Illuminate\\Container\\BoundMethod::callBoundMethod(Object(Illuminate\\Foundation\\Application), Array, Object(Closure))
#20 C:\\OSPanel\\home\\guitar_prog1\\vendor\\laravel\\framework\\src\\Illuminate\\Container\\Container.php(754): Illuminate\\Container\\BoundMethod::call(Object(Illuminate\\Foundation\\Application), Array, Array, NULL)
#21 C:\\OSPanel\\home\\guitar_prog1\\vendor\\laravel\\framework\\src\\Illuminate\\Database\\Seeder.php(188): Illuminate\\Container\\Container->call(Array, Array)
#22 C:\\OSPanel\\home\\guitar_prog1\\vendor\\laravel\\framework\\src\\Illuminate\\Database\\Seeder.php(197): Illuminate\\Database\\Seeder->Illuminate\\Database\\{closure}()
#23 C:\\OSPanel\\home\\guitar_prog1\\vendor\\laravel\\framework\\src\\Illuminate\\Database\\Seeder.php(61): Illuminate\\Database\\Seeder->__invoke(Array)
#24 C:\\OSPanel\\home\\guitar_prog1\\database\\seeders\\DatabaseSeeder.php(17): Illuminate\\Database\\Seeder->call('Database\\\\Seeder...')
#25 C:\\OSPanel\\home\\guitar_prog1\\vendor\\laravel\\framework\\src\\Illuminate\\Container\\BoundMethod.php(36): Database\\Seeders\\DatabaseSeeder->run()
#26 C:\\OSPanel\\home\\guitar_prog1\\vendor\\laravel\\framework\\src\\Illuminate\\Container\\Util.php(43): Illuminate\\Container\\BoundMethod::Illuminate\\Container\\{closure}()
#27 C:\\OSPanel\\home\\guitar_prog1\\vendor\\laravel\\framework\\src\\Illuminate\\Container\\BoundMethod.php(96): Illuminate\\Container\\Util::unwrapIfClosure(Object(Closure))
#28 C:\\OSPanel\\home\\guitar_prog1\\vendor\\laravel\\framework\\src\\Illuminate\\Container\\BoundMethod.php(35): Illuminate\\Container\\BoundMethod::callBoundMethod(Object(Illuminate\\Foundation\\Application), Array, Object(Closure))
#29 C:\\OSPanel\\home\\guitar_prog1\\vendor\\laravel\\framework\\src\\Illuminate\\Container\\Container.php(754): Illuminate\\Container\\BoundMethod::call(Object(Illuminate\\Foundation\\Application), Array, Array, NULL)
#30 C:\\OSPanel\\home\\guitar_prog1\\vendor\\laravel\\framework\\src\\Illuminate\\Database\\Seeder.php(188): Illuminate\\Container\\Container->call(Array, Array)
#31 C:\\OSPanel\\home\\guitar_prog1\\vendor\\laravel\\framework\\src\\Illuminate\\Database\\Seeder.php(197): Illuminate\\Database\\Seeder->Illuminate\\Database\\{closure}()
#32 C:\\OSPanel\\home\\guitar_prog1\\vendor\\laravel\\framework\\src\\Illuminate\\Database\\Console\\Seeds\\SeedCommand.php(70): Illuminate\\Database\\Seeder->__invoke()
#33 C:\\OSPanel\\home\\guitar_prog1\\vendor\\laravel\\framework\\src\\Illuminate\\Database\\Eloquent\\Concerns\\GuardsAttributes.php(155): Illuminate\\Database\\Console\\Seeds\\SeedCommand->Illuminate\\Database\\Console\\Seeds\\{closure}()
#34 C:\\OSPanel\\home\\guitar_prog1\\vendor\\laravel\\framework\\src\\Illuminate\\Database\\Console\\Seeds\\SeedCommand.php(69): Illuminate\\Database\\Eloquent\\Model::unguarded(Object(Closure))
#35 C:\\OSPanel\\home\\guitar_prog1\\vendor\\laravel\\framework\\src\\Illuminate\\Container\\BoundMethod.php(36): Illuminate\\Database\\Console\\Seeds\\SeedCommand->handle()
#36 C:\\OSPanel\\home\\guitar_prog1\\vendor\\laravel\\framework\\src\\Illuminate\\Container\\Util.php(43): Illuminate\\Container\\BoundMethod::Illuminate\\Container\\{closure}()
#37 C:\\OSPanel\\home\\guitar_prog1\\vendor\\laravel\\framework\\src\\Illuminate\\Container\\BoundMethod.php(96): Illuminate\\Container\\Util::unwrapIfClosure(Object(Closure))
#38 C:\\OSPanel\\home\\guitar_prog1\\vendor\\laravel\\framework\\src\\Illuminate\\Container\\BoundMethod.php(35): Illuminate\\Container\\BoundMethod::callBoundMethod(Object(Illuminate\\Foundation\\Application), Array, Object(Closure))
#39 C:\\OSPanel\\home\\guitar_prog1\\vendor\\laravel\\framework\\src\\Illuminate\\Container\\Container.php(754): Illuminate\\Container\\BoundMethod::call(Object(Illuminate\\Foundation\\Application), Array, Array, NULL)
#40 C:\\OSPanel\\home\\guitar_prog1\\vendor\\laravel\\framework\\src\\Illuminate\\Console\\Command.php(213): Illuminate\\Container\\Container->call(Array)
#41 C:\\OSPanel\\home\\guitar_prog1\\vendor\\symfony\\console\\Command\\Command.php(279): Illuminate\\Console\\Command->execute(Object(Symfony\\Component\\Console\\Input\\ArgvInput), Object(Illuminate\\Console\\OutputStyle))
#42 C:\\OSPanel\\home\\guitar_prog1\\vendor\\laravel\\framework\\src\\Illuminate\\Console\\Command.php(182): Symfony\\Component\\Console\\Command\\Command->run(Object(Symfony\\Component\\Console\\Input\\ArgvInput), Object(Illuminate\\Console\\OutputStyle))
#43 C:\\OSPanel\\home\\guitar_prog1\\vendor\\symfony\\console\\Application.php(1094): Illuminate\\Console\\Command->run(Object(Symfony\\Component\\Console\\Input\\ArgvInput), Object(Symfony\\Component\\Console\\Output\\ConsoleOutput))
#44 C:\\OSPanel\\home\\guitar_prog1\\vendor\\symfony\\console\\Application.php(342): Symfony\\Component\\Console\\Application->doRunCommand(Object(Illuminate\\Database\\Console\\Seeds\\SeedCommand), Object(Symfony\\Component\\Console\\Input\\ArgvInput), Object(Symfony\\Component\\Console\\Output\\ConsoleOutput))
#45 C:\\OSPanel\\home\\guitar_prog1\\vendor\\symfony\\console\\Application.php(193): Symfony\\Component\\Console\\Application->doRun(Object(Symfony\\Component\\Console\\Input\\ArgvInput), Object(Symfony\\Component\\Console\\Output\\ConsoleOutput))
#46 C:\\OSPanel\\home\\guitar_prog1\\vendor\\laravel\\framework\\src\\Illuminate\\Foundation\\Console\\Kernel.php(198): Symfony\\Component\\Console\\Application->run(Object(Symfony\\Component\\Console\\Input\\ArgvInput), Object(Symfony\\Component\\Console\\Output\\ConsoleOutput))
#47 C:\\OSPanel\\home\\guitar_prog1\\vendor\\laravel\\framework\\src\\Illuminate\\Foundation\\Application.php(1235): Illuminate\\Foundation\\Console\\Kernel->handle(Object(Symfony\\Component\\Console\\Input\\ArgvInput), Object(Symfony\\Component\\Console\\Output\\ConsoleOutput))
#48 C:\\OSPanel\\home\\guitar_prog1\\artisan(16): Illuminate\\Foundation\\Application->handleCommand(Object(Symfony\\Component\\Console\\Input\\ArgvInput))
#49 {main}

[previous exception] [object] (PDOException(code: 23000): SQLSTATE[23000]: Integrity constraint violation: 19 UNIQUE constraint failed: users.email at C:\\OSPanel\\home\\guitar_prog1\\vendor\\laravel\\framework\\src\\Illuminate\\Database\\Connection.php:569)
[stacktrace]
#0 C:\\OSPanel\\home\\guitar_prog1\\vendor\\laravel\\framework\\src\\Illuminate\\Database\\Connection.php(569): PDOStatement->execute()
#1 C:\\OSPanel\\home\\guitar_prog1\\vendor\\laravel\\framework\\src\\Illuminate\\Database\\Connection.php(810): Illuminate\\Database\\Connection->Illuminate\\Database\\{closure}('insert into \"us...', Array)
#2 C:\\OSPanel\\home\\guitar_prog1\\vendor\\laravel\\framework\\src\\Illuminate\\Database\\Connection.php(777): Illuminate\\Database\\Connection->runQueryCallback('insert into \"us...', Array, Object(Closure))
#3 C:\\OSPanel\\home\\guitar_prog1\\vendor\\laravel\\framework\\src\\Illuminate\\Database\\Connection.php(558): Illuminate\\Database\\Connection->run('insert into \"us...', Array, Object(Closure))
#4 C:\\OSPanel\\home\\guitar_prog1\\vendor\\laravel\\framework\\src\\Illuminate\\Database\\Connection.php(522): Illuminate\\Database\\Connection->statement('insert into \"us...', Array)
#5 C:\\OSPanel\\home\\guitar_prog1\\vendor\\laravel\\framework\\src\\Illuminate\\Database\\Query\\Processors\\Processor.php(32): Illuminate\\Database\\Connection->insert('insert into \"us...', Array)
#6 C:\\OSPanel\\home\\guitar_prog1\\vendor\\laravel\\framework\\src\\Illuminate\\Database\\Query\\Builder.php(3767): Illuminate\\Database\\Query\\Processors\\Processor->processInsertGetId(Object(Illuminate\\Database\\Query\\Builder), 'insert into \"us...', Array, 'id')
#7 C:\\OSPanel\\home\\guitar_prog1\\vendor\\laravel\\framework\\src\\Illuminate\\Database\\Eloquent\\Builder.php(2141): Illuminate\\Database\\Query\\Builder->insertGetId(Array, 'id')
#8 C:\\OSPanel\\home\\guitar_prog1\\vendor\\laravel\\framework\\src\\Illuminate\\Database\\Eloquent\\Model.php(1359): Illuminate\\Database\\Eloquent\\Builder->__call('insertGetId', Array)
#9 C:\\OSPanel\\home\\guitar_prog1\\vendor\\laravel\\framework\\src\\Illuminate\\Database\\Eloquent\\Model.php(1324): Illuminate\\Database\\Eloquent\\Model->insertAndSetId(Object(Illuminate\\Database\\Eloquent\\Builder), Array)
#10 C:\\OSPanel\\home\\guitar_prog1\\vendor\\laravel\\framework\\src\\Illuminate\\Database\\Eloquent\\Model.php(1163): Illuminate\\Database\\Eloquent\\Model->performInsert(Object(Illuminate\\Database\\Eloquent\\Builder))
#11 C:\\OSPanel\\home\\guitar_prog1\\vendor\\laravel\\framework\\src\\Illuminate\\Database\\Eloquent\\Builder.php(1128): Illuminate\\Database\\Eloquent\\Model->save()
#12 C:\\OSPanel\\home\\guitar_prog1\\vendor\\laravel\\framework\\src\\Illuminate\\Support\\helpers.php(399): Illuminate\\Database\\Eloquent\\Builder->Illuminate\\Database\\Eloquent\\{closure}(Object(App\\Models\\User))
#13 C:\\OSPanel\\home\\guitar_prog1\\vendor\\laravel\\framework\\src\\Illuminate\\Database\\Eloquent\\Builder.php(1127): tap(Object(App\\Models\\User), Object(Closure))
#14 C:\\OSPanel\\home\\guitar_prog1\\vendor\\laravel\\framework\\src\\Illuminate\\Support\\Traits\\ForwardsCalls.php(23): Illuminate\\Database\\Eloquent\\Builder->create(Array)
#15 C:\\OSPanel\\home\\guitar_prog1\\vendor\\laravel\\framework\\src\\Illuminate\\Database\\Eloquent\\Model.php(2372): Illuminate\\Database\\Eloquent\\Model->forwardCallTo(Object(Illuminate\\Database\\Eloquent\\Builder), 'create', Array)
#16 C:\\OSPanel\\home\\guitar_prog1\\vendor\\laravel\\framework\\src\\Illuminate\\Database\\Eloquent\\Model.php(2384): Illuminate\\Database\\Eloquent\\Model->__call('create', Array)
#17 C:\\OSPanel\\home\\guitar_prog1\\database\\seeders\\UserSeeder.php(14): Illuminate\\Database\\Eloquent\\Model::__callStatic('create', Array)
#18 C:\\OSPanel\\home\\guitar_prog1\\vendor\\laravel\\framework\\src\\Illuminate\\Container\\BoundMethod.php(36): Database\\Seeders\\UserSeeder->run()
#19 C:\\OSPanel\\home\\guitar_prog1\\vendor\\laravel\\framework\\src\\Illuminate\\Container\\Util.php(43): Illuminate\\Container\\BoundMethod::Illuminate\\Container\\{closure}()
#20 C:\\OSPanel\\home\\guitar_prog1\\vendor\\laravel\\framework\\src\\Illuminate\\Container\\BoundMethod.php(96): Illuminate\\Container\\Util::unwrapIfClosure(Object(Closure))
#21 C:\\OSPanel\\home\\guitar_prog1\\vendor\\laravel\\framework\\src\\Illuminate\\Container\\BoundMethod.php(35): Illuminate\\Container\\BoundMethod::callBoundMethod(Object(Illuminate\\Foundation\\Application), Array, Object(Closure))
#22 C:\\OSPanel\\home\\guitar_prog1\\vendor\\laravel\\framework\\src\\Illuminate\\Container\\Container.php(754): Illuminate\\Container\\BoundMethod::call(Object(Illuminate\\Foundation\\Application), Array, Array, NULL)
#23 C:\\OSPanel\\home\\guitar_prog1\\vendor\\laravel\\framework\\src\\Illuminate\\Database\\Seeder.php(188): Illuminate\\Container\\Container->call(Array, Array)
#24 C:\\OSPanel\\home\\guitar_prog1\\vendor\\laravel\\framework\\src\\Illuminate\\Database\\Seeder.php(197): Illuminate\\Database\\Seeder->Illuminate\\Database\\{closure}()
#25 C:\\OSPanel\\home\\guitar_prog1\\vendor\\laravel\\framework\\src\\Illuminate\\Database\\Seeder.php(61): Illuminate\\Database\\Seeder->__invoke(Array)
#26 C:\\OSPanel\\home\\guitar_prog1\\database\\seeders\\DatabaseSeeder.php(17): Illuminate\\Database\\Seeder->call('Database\\\\Seeder...')
#27 C:\\OSPanel\\home\\guitar_prog1\\vendor\\laravel\\framework\\src\\Illuminate\\Container\\BoundMethod.php(36): Database\\Seeders\\DatabaseSeeder->run()
#28 C:\\OSPanel\\home\\guitar_prog1\\vendor\\laravel\\framework\\src\\Illuminate\\Container\\Util.php(43): Illuminate\\Container\\BoundMethod::Illuminate\\Container\\{closure}()
#29 C:\\OSPanel\\home\\guitar_prog1\\vendor\\laravel\\framework\\src\\Illuminate\\Container\\BoundMethod.php(96): Illuminate\\Container\\Util::unwrapIfClosure(Object(Closure))
#30 C:\\OSPanel\\home\\guitar_prog1\\vendor\\laravel\\framework\\src\\Illuminate\\Container\\BoundMethod.php(35): Illuminate\\Container\\BoundMethod::callBoundMethod(Object(Illuminate\\Foundation\\Application), Array, Object(Closure))
#31 C:\\OSPanel\\home\\guitar_prog1\\vendor\\laravel\\framework\\src\\Illuminate\\Container\\Container.php(754): Illuminate\\Container\\BoundMethod::call(Object(Illuminate\\Foundation\\Application), Array, Array, NULL)
#32 C:\\OSPanel\\home\\guitar_prog1\\vendor\\laravel\\framework\\src\\Illuminate\\Database\\Seeder.php(188): Illuminate\\Container\\Container->call(Array, Array)
#33 C:\\OSPanel\\home\\guitar_prog1\\vendor\\laravel\\framework\\src\\Illuminate\\Database\\Seeder.php(197): Illuminate\\Database\\Seeder->Illuminate\\Database\\{closure}()
#34 C:\\OSPanel\\home\\guitar_prog1\\vendor\\laravel\\framework\\src\\Illuminate\\Database\\Console\\Seeds\\SeedCommand.php(70): Illuminate\\Database\\Seeder->__invoke()
#35 C:\\OSPanel\\home\\guitar_prog1\\vendor\\laravel\\framework\\src\\Illuminate\\Database\\Eloquent\\Concerns\\GuardsAttributes.php(155): Illuminate\\Database\\Console\\Seeds\\SeedCommand->Illuminate\\Database\\Console\\Seeds\\{closure}()
#36 C:\\OSPanel\\home\\guitar_prog1\\vendor\\laravel\\framework\\src\\Illuminate\\Database\\Console\\Seeds\\SeedCommand.php(69): Illuminate\\Database\\Eloquent\\Model::unguarded(Object(Closure))
#37 C:\\OSPanel\\home\\guitar_prog1\\vendor\\laravel\\framework\\src\\Illuminate\\Container\\BoundMethod.php(36): Illuminate\\Database\\Console\\Seeds\\SeedCommand->handle()
#38 C:\\OSPanel\\home\\guitar_prog1\\vendor\\laravel\\framework\\src\\Illuminate\\Container\\Util.php(43): Illuminate\\Container\\BoundMethod::Illuminate\\Container\\{closure}()
#39 C:\\OSPanel\\home\\guitar_prog1\\vendor\\laravel\\framework\\src\\Illuminate\\Container\\BoundMethod.php(96): Illuminate\\Container\\Util::unwrapIfClosure(Object(Closure))
#40 C:\\OSPanel\\home\\guitar_prog1\\vendor\\laravel\\framework\\src\\Illuminate\\Container\\BoundMethod.php(35): Illuminate\\Container\\BoundMethod::callBoundMethod(Object(Illuminate\\Foundation\\Application), Array, Object(Closure))
#41 C:\\OSPanel\\home\\guitar_prog1\\vendor\\laravel\\framework\\src\\Illuminate\\Container\\Container.php(754): Illuminate\\Container\\BoundMethod::call(Object(Illuminate\\Foundation\\Application), Array, Array, NULL)
#42 C:\\OSPanel\\home\\guitar_prog1\\vendor\\laravel\\framework\\src\\Illuminate\\Console\\Command.php(213): Illuminate\\Container\\Container->call(Array)
#43 C:\\OSPanel\\home\\guitar_prog1\\vendor\\symfony\\console\\Command\\Command.php(279): Illuminate\\Console\\Command->execute(Object(Symfony\\Component\\Console\\Input\\ArgvInput), Object(Illuminate\\Console\\OutputStyle))
#44 C:\\OSPanel\\home\\guitar_prog1\\vendor\\laravel\\framework\\src\\Illuminate\\Console\\Command.php(182): Symfony\\Component\\Console\\Command\\Command->run(Object(Symfony\\Component\\Console\\Input\\ArgvInput), Object(Illuminate\\Console\\OutputStyle))
#45 C:\\OSPanel\\home\\guitar_prog1\\vendor\\symfony\\console\\Application.php(1094): Illuminate\\Console\\Command->run(Object(Symfony\\Component\\Console\\Input\\ArgvInput), Object(Symfony\\Component\\Console\\Output\\ConsoleOutput))
#46 C:\\OSPanel\\home\\guitar_prog1\\vendor\\symfony\\console\\Application.php(342): Symfony\\Component\\Console\\Application->doRunCommand(Object(Illuminate\\Database\\Console\\Seeds\\SeedCommand), Object(Symfony\\Component\\Console\\Input\\ArgvInput), Object(Symfony\\Component\\Console\\Output\\ConsoleOutput))
#47 C:\\OSPanel\\home\\guitar_prog1\\vendor\\symfony\\console\\Application.php(193): Symfony\\Component\\Console\\Application->doRun(Object(Symfony\\Component\\Console\\Input\\ArgvInput), Object(Symfony\\Component\\Console\\Output\\ConsoleOutput))
#48 C:\\OSPanel\\home\\guitar_prog1\\vendor\\laravel\\framework\\src\\Illuminate\\Foundation\\Console\\Kernel.php(198): Symfony\\Component\\Console\\Application->run(Object(Symfony\\Component\\Console\\Input\\ArgvInput), Object(Symfony\\Component\\Console\\Output\\ConsoleOutput))
#49 C:\\OSPanel\\home\\guitar_prog1\\vendor\\laravel\\framework\\src\\Illuminate\\Foundation\\Application.php(1235): Illuminate\\Foundation\\Console\\Kernel->handle(Object(Symfony\\Component\\Console\\Input\\ArgvInput), Object(Symfony\\Component\\Console\\Output\\ConsoleOutput))
#50 C:\\OSPanel\\home\\guitar_prog1\\artisan(16): Illuminate\\Foundation\\Application->handleCommand(Object(Symfony\\Component\\Console\\Input\\ArgvInput))
#51 {main}
"} 
[2025-05-02 00:11:36] local.ERROR: SQLSTATE[23000]: Integrity constraint violation: 19 FOREIGN KEY constraint failed (Connection: sqlite, SQL: insert into "brands" ("name", "description", "logo", "category_id", "is_active", "updated_at", "created_at") values (Сагаев Антон Максимович, Описание преподавателя 1, logo1.png, 1, 1, 2025-05-02 00:11:36, 2025-05-02 00:11:36)) {"exception":"[object] (Illuminate\\Database\\QueryException(code: 23000): SQLSTATE[23000]: Integrity constraint violation: 19 FOREIGN KEY constraint failed (Connection: sqlite, SQL: insert into \"brands\" (\"name\", \"description\", \"logo\", \"category_id\", \"is_active\", \"updated_at\", \"created_at\") values (Сагаев Антон Максимович, Описание преподавателя 1, logo1.png, 1, 1, 2025-05-02 00:11:36, 2025-05-02 00:11:36)) at C:\\OSPanel\\home\\guitar_prog1\\vendor\\laravel\\framework\\src\\Illuminate\\Database\\Connection.php:823)
[stacktrace]
#0 C:\\OSPanel\\home\\guitar_prog1\\vendor\\laravel\\framework\\src\\Illuminate\\Database\\Connection.php(777): Illuminate\\Database\\Connection->runQueryCallback('insert into \"br...', Array, Object(Closure))
#1 C:\\OSPanel\\home\\guitar_prog1\\vendor\\laravel\\framework\\src\\Illuminate\\Database\\Connection.php(558): Illuminate\\Database\\Connection->run('insert into \"br...', Array, Object(Closure))
#2 C:\\OSPanel\\home\\guitar_prog1\\vendor\\laravel\\framework\\src\\Illuminate\\Database\\Connection.php(522): Illuminate\\Database\\Connection->statement('insert into \"br...', Array)
#3 C:\\OSPanel\\home\\guitar_prog1\\vendor\\laravel\\framework\\src\\Illuminate\\Database\\Query\\Processors\\Processor.php(32): Illuminate\\Database\\Connection->insert('insert into \"br...', Array)
#4 C:\\OSPanel\\home\\guitar_prog1\\vendor\\laravel\\framework\\src\\Illuminate\\Database\\Query\\Builder.php(3767): Illuminate\\Database\\Query\\Processors\\Processor->processInsertGetId(Object(Illuminate\\Database\\Query\\Builder), 'insert into \"br...', Array, 'id')
#5 C:\\OSPanel\\home\\guitar_prog1\\vendor\\laravel\\framework\\src\\Illuminate\\Database\\Eloquent\\Builder.php(2141): Illuminate\\Database\\Query\\Builder->insertGetId(Array, 'id')
#6 C:\\OSPanel\\home\\guitar_prog1\\vendor\\laravel\\framework\\src\\Illuminate\\Database\\Eloquent\\Model.php(1359): Illuminate\\Database\\Eloquent\\Builder->__call('insertGetId', Array)
#7 C:\\OSPanel\\home\\guitar_prog1\\vendor\\laravel\\framework\\src\\Illuminate\\Database\\Eloquent\\Model.php(1324): Illuminate\\Database\\Eloquent\\Model->insertAndSetId(Object(Illuminate\\Database\\Eloquent\\Builder), Array)
#8 C:\\OSPanel\\home\\guitar_prog1\\vendor\\laravel\\framework\\src\\Illuminate\\Database\\Eloquent\\Model.php(1163): Illuminate\\Database\\Eloquent\\Model->performInsert(Object(Illuminate\\Database\\Eloquent\\Builder))
#9 C:\\OSPanel\\home\\guitar_prog1\\vendor\\laravel\\framework\\src\\Illuminate\\Database\\Eloquent\\Builder.php(1128): Illuminate\\Database\\Eloquent\\Model->save()
#10 C:\\OSPanel\\home\\guitar_prog1\\vendor\\laravel\\framework\\src\\Illuminate\\Support\\helpers.php(399): Illuminate\\Database\\Eloquent\\Builder->Illuminate\\Database\\Eloquent\\{closure}(Object(App\\Models\\Brand))
#11 C:\\OSPanel\\home\\guitar_prog1\\vendor\\laravel\\framework\\src\\Illuminate\\Database\\Eloquent\\Builder.php(1127): tap(Object(App\\Models\\Brand), Object(Closure))
#12 C:\\OSPanel\\home\\guitar_prog1\\vendor\\laravel\\framework\\src\\Illuminate\\Support\\Traits\\ForwardsCalls.php(23): Illuminate\\Database\\Eloquent\\Builder->create(Array)
#13 C:\\OSPanel\\home\\guitar_prog1\\vendor\\laravel\\framework\\src\\Illuminate\\Database\\Eloquent\\Model.php(2372): Illuminate\\Database\\Eloquent\\Model->forwardCallTo(Object(Illuminate\\Database\\Eloquent\\Builder), 'create', Array)
#14 C:\\OSPanel\\home\\guitar_prog1\\vendor\\laravel\\framework\\src\\Illuminate\\Database\\Eloquent\\Model.php(2384): Illuminate\\Database\\Eloquent\\Model->__call('create', Array)
#15 C:\\OSPanel\\home\\guitar_prog1\\database\\seeders\\BrandSeeder.php(14): Illuminate\\Database\\Eloquent\\Model::__callStatic('create', Array)
#16 C:\\OSPanel\\home\\guitar_prog1\\vendor\\laravel\\framework\\src\\Illuminate\\Container\\BoundMethod.php(36): Database\\Seeders\\BrandSeeder->run()
#17 C:\\OSPanel\\home\\guitar_prog1\\vendor\\laravel\\framework\\src\\Illuminate\\Container\\Util.php(43): Illuminate\\Container\\BoundMethod::Illuminate\\Container\\{closure}()
#18 C:\\OSPanel\\home\\guitar_prog1\\vendor\\laravel\\framework\\src\\Illuminate\\Container\\BoundMethod.php(96): Illuminate\\Container\\Util::unwrapIfClosure(Object(Closure))
#19 C:\\OSPanel\\home\\guitar_prog1\\vendor\\laravel\\framework\\src\\Illuminate\\Container\\BoundMethod.php(35): Illuminate\\Container\\BoundMethod::callBoundMethod(Object(Illuminate\\Foundation\\Application), Array, Object(Closure))
#20 C:\\OSPanel\\home\\guitar_prog1\\vendor\\laravel\\framework\\src\\Illuminate\\Container\\Container.php(754): Illuminate\\Container\\BoundMethod::call(Object(Illuminate\\Foundation\\Application), Array, Array, NULL)
#21 C:\\OSPanel\\home\\guitar_prog1\\vendor\\laravel\\framework\\src\\Illuminate\\Database\\Seeder.php(188): Illuminate\\Container\\Container->call(Array, Array)
#22 C:\\OSPanel\\home\\guitar_prog1\\vendor\\laravel\\framework\\src\\Illuminate\\Database\\Seeder.php(197): Illuminate\\Database\\Seeder->Illuminate\\Database\\{closure}()
#23 C:\\OSPanel\\home\\guitar_prog1\\vendor\\laravel\\framework\\src\\Illuminate\\Database\\Seeder.php(61): Illuminate\\Database\\Seeder->__invoke(Array)
#24 C:\\OSPanel\\home\\guitar_prog1\\database\\seeders\\DatabaseSeeder.php(17): Illuminate\\Database\\Seeder->call('Database\\\\Seeder...')
#25 C:\\OSPanel\\home\\guitar_prog1\\vendor\\laravel\\framework\\src\\Illuminate\\Container\\BoundMethod.php(36): Database\\Seeders\\DatabaseSeeder->run()
#26 C:\\OSPanel\\home\\guitar_prog1\\vendor\\laravel\\framework\\src\\Illuminate\\Container\\Util.php(43): Illuminate\\Container\\BoundMethod::Illuminate\\Container\\{closure}()
#27 C:\\OSPanel\\home\\guitar_prog1\\vendor\\laravel\\framework\\src\\Illuminate\\Container\\BoundMethod.php(96): Illuminate\\Container\\Util::unwrapIfClosure(Object(Closure))
#28 C:\\OSPanel\\home\\guitar_prog1\\vendor\\laravel\\framework\\src\\Illuminate\\Container\\BoundMethod.php(35): Illuminate\\Container\\BoundMethod::callBoundMethod(Object(Illuminate\\Foundation\\Application), Array, Object(Closure))
#29 C:\\OSPanel\\home\\guitar_prog1\\vendor\\laravel\\framework\\src\\Illuminate\\Container\\Container.php(754): Illuminate\\Container\\BoundMethod::call(Object(Illuminate\\Foundation\\Application), Array, Array, NULL)
#30 C:\\OSPanel\\home\\guitar_prog1\\vendor\\laravel\\framework\\src\\Illuminate\\Database\\Seeder.php(188): Illuminate\\Container\\Container->call(Array, Array)
#31 C:\\OSPanel\\home\\guitar_prog1\\vendor\\laravel\\framework\\src\\Illuminate\\Database\\Seeder.php(197): Illuminate\\Database\\Seeder->Illuminate\\Database\\{closure}()
#32 C:\\OSPanel\\home\\guitar_prog1\\vendor\\laravel\\framework\\src\\Illuminate\\Database\\Console\\Seeds\\SeedCommand.php(70): Illuminate\\Database\\Seeder->__invoke()
#33 C:\\OSPanel\\home\\guitar_prog1\\vendor\\laravel\\framework\\src\\Illuminate\\Database\\Eloquent\\Concerns\\GuardsAttributes.php(155): Illuminate\\Database\\Console\\Seeds\\SeedCommand->Illuminate\\Database\\Console\\Seeds\\{closure}()
#34 C:\\OSPanel\\home\\guitar_prog1\\vendor\\laravel\\framework\\src\\Illuminate\\Database\\Console\\Seeds\\SeedCommand.php(69): Illuminate\\Database\\Eloquent\\Model::unguarded(Object(Closure))
#35 C:\\OSPanel\\home\\guitar_prog1\\vendor\\laravel\\framework\\src\\Illuminate\\Container\\BoundMethod.php(36): Illuminate\\Database\\Console\\Seeds\\SeedCommand->handle()
#36 C:\\OSPanel\\home\\guitar_prog1\\vendor\\laravel\\framework\\src\\Illuminate\\Container\\Util.php(43): Illuminate\\Container\\BoundMethod::Illuminate\\Container\\{closure}()
#37 C:\\OSPanel\\home\\guitar_prog1\\vendor\\laravel\\framework\\src\\Illuminate\\Container\\BoundMethod.php(96): Illuminate\\Container\\Util::unwrapIfClosure(Object(Closure))
#38 C:\\OSPanel\\home\\guitar_prog1\\vendor\\laravel\\framework\\src\\Illuminate\\Container\\BoundMethod.php(35): Illuminate\\Container\\BoundMethod::callBoundMethod(Object(Illuminate\\Foundation\\Application), Array, Object(Closure))
#39 C:\\OSPanel\\home\\guitar_prog1\\vendor\\laravel\\framework\\src\\Illuminate\\Container\\Container.php(754): Illuminate\\Container\\BoundMethod::call(Object(Illuminate\\Foundation\\Application), Array, Array, NULL)
#40 C:\\OSPanel\\home\\guitar_prog1\\vendor\\laravel\\framework\\src\\Illuminate\\Console\\Command.php(213): Illuminate\\Container\\Container->call(Array)
#41 C:\\OSPanel\\home\\guitar_prog1\\vendor\\symfony\\console\\Command\\Command.php(279): Illuminate\\Console\\Command->execute(Object(Symfony\\Component\\Console\\Input\\ArgvInput), Object(Illuminate\\Console\\OutputStyle))
#42 C:\\OSPanel\\home\\guitar_prog1\\vendor\\laravel\\framework\\src\\Illuminate\\Console\\Command.php(182): Symfony\\Component\\Console\\Command\\Command->run(Object(Symfony\\Component\\Console\\Input\\ArgvInput), Object(Illuminate\\Console\\OutputStyle))
#43 C:\\OSPanel\\home\\guitar_prog1\\vendor\\symfony\\console\\Application.php(1094): Illuminate\\Console\\Command->run(Object(Symfony\\Component\\Console\\Input\\ArgvInput), Object(Symfony\\Component\\Console\\Output\\ConsoleOutput))
#44 C:\\OSPanel\\home\\guitar_prog1\\vendor\\symfony\\console\\Application.php(342): Symfony\\Component\\Console\\Application->doRunCommand(Object(Illuminate\\Database\\Console\\Seeds\\SeedCommand), Object(Symfony\\Component\\Console\\Input\\ArgvInput), Object(Symfony\\Component\\Console\\Output\\ConsoleOutput))
#45 C:\\OSPanel\\home\\guitar_prog1\\vendor\\symfony\\console\\Application.php(193): Symfony\\Component\\Console\\Application->doRun(Object(Symfony\\Component\\Console\\Input\\ArgvInput), Object(Symfony\\Component\\Console\\Output\\ConsoleOutput))
#46 C:\\OSPanel\\home\\guitar_prog1\\vendor\\laravel\\framework\\src\\Illuminate\\Foundation\\Console\\Kernel.php(198): Symfony\\Component\\Console\\Application->run(Object(Symfony\\Component\\Console\\Input\\ArgvInput), Object(Symfony\\Component\\Console\\Output\\ConsoleOutput))
#47 C:\\OSPanel\\home\\guitar_prog1\\vendor\\laravel\\framework\\src\\Illuminate\\Foundation\\Application.php(1235): Illuminate\\Foundation\\Console\\Kernel->handle(Object(Symfony\\Component\\Console\\Input\\ArgvInput), Object(Symfony\\Component\\Console\\Output\\ConsoleOutput))
#48 C:\\OSPanel\\home\\guitar_prog1\\artisan(16): Illuminate\\Foundation\\Application->handleCommand(Object(Symfony\\Component\\Console\\Input\\ArgvInput))
#49 {main}

[previous exception] [object] (PDOException(code: 23000): SQLSTATE[23000]: Integrity constraint violation: 19 FOREIGN KEY constraint failed at C:\\OSPanel\\home\\guitar_prog1\\vendor\\laravel\\framework\\src\\Illuminate\\Database\\Connection.php:569)
[stacktrace]
#0 C:\\OSPanel\\home\\guitar_prog1\\vendor\\laravel\\framework\\src\\Illuminate\\Database\\Connection.php(569): PDOStatement->execute()
#1 C:\\OSPanel\\home\\guitar_prog1\\vendor\\laravel\\framework\\src\\Illuminate\\Database\\Connection.php(810): Illuminate\\Database\\Connection->Illuminate\\Database\\{closure}('insert into \"br...', Array)
#2 C:\\OSPanel\\home\\guitar_prog1\\vendor\\laravel\\framework\\src\\Illuminate\\Database\\Connection.php(777): Illuminate\\Database\\Connection->runQueryCallback('insert into \"br...', Array, Object(Closure))
#3 C:\\OSPanel\\home\\guitar_prog1\\vendor\\laravel\\framework\\src\\Illuminate\\Database\\Connection.php(558): Illuminate\\Database\\Connection->run('insert into \"br...', Array, Object(Closure))
#4 C:\\OSPanel\\home\\guitar_prog1\\vendor\\laravel\\framework\\src\\Illuminate\\Database\\Connection.php(522): Illuminate\\Database\\Connection->statement('insert into \"br...', Array)
#5 C:\\OSPanel\\home\\guitar_prog1\\vendor\\laravel\\framework\\src\\Illuminate\\Database\\Query\\Processors\\Processor.php(32): Illuminate\\Database\\Connection->insert('insert into \"br...', Array)
#6 C:\\OSPanel\\home\\guitar_prog1\\vendor\\laravel\\framework\\src\\Illuminate\\Database\\Query\\Builder.php(3767): Illuminate\\Database\\Query\\Processors\\Processor->processInsertGetId(Object(Illuminate\\Database\\Query\\Builder), 'insert into \"br...', Array, 'id')
#7 C:\\OSPanel\\home\\guitar_prog1\\vendor\\laravel\\framework\\src\\Illuminate\\Database\\Eloquent\\Builder.php(2141): Illuminate\\Database\\Query\\Builder->insertGetId(Array, 'id')
#8 C:\\OSPanel\\home\\guitar_prog1\\vendor\\laravel\\framework\\src\\Illuminate\\Database\\Eloquent\\Model.php(1359): Illuminate\\Database\\Eloquent\\Builder->__call('insertGetId', Array)
#9 C:\\OSPanel\\home\\guitar_prog1\\vendor\\laravel\\framework\\src\\Illuminate\\Database\\Eloquent\\Model.php(1324): Illuminate\\Database\\Eloquent\\Model->insertAndSetId(Object(Illuminate\\Database\\Eloquent\\Builder), Array)
#10 C:\\OSPanel\\home\\guitar_prog1\\vendor\\laravel\\framework\\src\\Illuminate\\Database\\Eloquent\\Model.php(1163): Illuminate\\Database\\Eloquent\\Model->performInsert(Object(Illuminate\\Database\\Eloquent\\Builder))
#11 C:\\OSPanel\\home\\guitar_prog1\\vendor\\laravel\\framework\\src\\Illuminate\\Database\\Eloquent\\Builder.php(1128): Illuminate\\Database\\Eloquent\\Model->save()
#12 C:\\OSPanel\\home\\guitar_prog1\\vendor\\laravel\\framework\\src\\Illuminate\\Support\\helpers.php(399): Illuminate\\Database\\Eloquent\\Builder->Illuminate\\Database\\Eloquent\\{closure}(Object(App\\Models\\Brand))
#13 C:\\OSPanel\\home\\guitar_prog1\\vendor\\laravel\\framework\\src\\Illuminate\\Database\\Eloquent\\Builder.php(1127): tap(Object(App\\Models\\Brand), Object(Closure))
#14 C:\\OSPanel\\home\\guitar_prog1\\vendor\\laravel\\framework\\src\\Illuminate\\Support\\Traits\\ForwardsCalls.php(23): Illuminate\\Database\\Eloquent\\Builder->create(Array)
#15 C:\\OSPanel\\home\\guitar_prog1\\vendor\\laravel\\framework\\src\\Illuminate\\Database\\Eloquent\\Model.php(2372): Illuminate\\Database\\Eloquent\\Model->forwardCallTo(Object(Illuminate\\Database\\Eloquent\\Builder), 'create', Array)
#16 C:\\OSPanel\\home\\guitar_prog1\\vendor\\laravel\\framework\\src\\Illuminate\\Database\\Eloquent\\Model.php(2384): Illuminate\\Database\\Eloquent\\Model->__call('create', Array)
#17 C:\\OSPanel\\home\\guitar_prog1\\database\\seeders\\BrandSeeder.php(14): Illuminate\\Database\\Eloquent\\Model::__callStatic('create', Array)
#18 C:\\OSPanel\\home\\guitar_prog1\\vendor\\laravel\\framework\\src\\Illuminate\\Container\\BoundMethod.php(36): Database\\Seeders\\BrandSeeder->run()
#19 C:\\OSPanel\\home\\guitar_prog1\\vendor\\laravel\\framework\\src\\Illuminate\\Container\\Util.php(43): Illuminate\\Container\\BoundMethod::Illuminate\\Container\\{closure}()
#20 C:\\OSPanel\\home\\guitar_prog1\\vendor\\laravel\\framework\\src\\Illuminate\\Container\\BoundMethod.php(96): Illuminate\\Container\\Util::unwrapIfClosure(Object(Closure))
#21 C:\\OSPanel\\home\\guitar_prog1\\vendor\\laravel\\framework\\src\\Illuminate\\Container\\BoundMethod.php(35): Illuminate\\Container\\BoundMethod::callBoundMethod(Object(Illuminate\\Foundation\\Application), Array, Object(Closure))
#22 C:\\OSPanel\\home\\guitar_prog1\\vendor\\laravel\\framework\\src\\Illuminate\\Container\\Container.php(754): Illuminate\\Container\\BoundMethod::call(Object(Illuminate\\Foundation\\Application), Array, Array, NULL)
#23 C:\\OSPanel\\home\\guitar_prog1\\vendor\\laravel\\framework\\src\\Illuminate\\Database\\Seeder.php(188): Illuminate\\Container\\Container->call(Array, Array)
#24 C:\\OSPanel\\home\\guitar_prog1\\vendor\\laravel\\framework\\src\\Illuminate\\Database\\Seeder.php(197): Illuminate\\Database\\Seeder->Illuminate\\Database\\{closure}()
#25 C:\\OSPanel\\home\\guitar_prog1\\vendor\\laravel\\framework\\src\\Illuminate\\Database\\Seeder.php(61): Illuminate\\Database\\Seeder->__invoke(Array)
#26 C:\\OSPanel\\home\\guitar_prog1\\database\\seeders\\DatabaseSeeder.php(17): Illuminate\\Database\\Seeder->call('Database\\\\Seeder...')
#27 C:\\OSPanel\\home\\guitar_prog1\\vendor\\laravel\\framework\\src\\Illuminate\\Container\\BoundMethod.php(36): Database\\Seeders\\DatabaseSeeder->run()
#28 C:\\OSPanel\\home\\guitar_prog1\\vendor\\laravel\\framework\\src\\Illuminate\\Container\\Util.php(43): Illuminate\\Container\\BoundMethod::Illuminate\\Container\\{closure}()
#29 C:\\OSPanel\\home\\guitar_prog1\\vendor\\laravel\\framework\\src\\Illuminate\\Container\\BoundMethod.php(96): Illuminate\\Container\\Util::unwrapIfClosure(Object(Closure))
#30 C:\\OSPanel\\home\\guitar_prog1\\vendor\\laravel\\framework\\src\\Illuminate\\Container\\BoundMethod.php(35): Illuminate\\Container\\BoundMethod::callBoundMethod(Object(Illuminate\\Foundation\\Application), Array, Object(Closure))
#31 C:\\OSPanel\\home\\guitar_prog1\\vendor\\laravel\\framework\\src\\Illuminate\\Container\\Container.php(754): Illuminate\\Container\\BoundMethod::call(Object(Illuminate\\Foundation\\Application), Array, Array, NULL)
#32 C:\\OSPanel\\home\\guitar_prog1\\vendor\\laravel\\framework\\src\\Illuminate\\Database\\Seeder.php(188): Illuminate\\Container\\Container->call(Array, Array)
#33 C:\\OSPanel\\home\\guitar_prog1\\vendor\\laravel\\framework\\src\\Illuminate\\Database\\Seeder.php(197): Illuminate\\Database\\Seeder->Illuminate\\Database\\{closure}()
#34 C:\\OSPanel\\home\\guitar_prog1\\vendor\\laravel\\framework\\src\\Illuminate\\Database\\Console\\Seeds\\SeedCommand.php(70): Illuminate\\Database\\Seeder->__invoke()
#35 C:\\OSPanel\\home\\guitar_prog1\\vendor\\laravel\\framework\\src\\Illuminate\\Database\\Eloquent\\Concerns\\GuardsAttributes.php(155): Illuminate\\Database\\Console\\Seeds\\SeedCommand->Illuminate\\Database\\Console\\Seeds\\{closure}()
#36 C:\\OSPanel\\home\\guitar_prog1\\vendor\\laravel\\framework\\src\\Illuminate\\Database\\Console\\Seeds\\SeedCommand.php(69): Illuminate\\Database\\Eloquent\\Model::unguarded(Object(Closure))
#37 C:\\OSPanel\\home\\guitar_prog1\\vendor\\laravel\\framework\\src\\Illuminate\\Container\\BoundMethod.php(36): Illuminate\\Database\\Console\\Seeds\\SeedCommand->handle()
#38 C:\\OSPanel\\home\\guitar_prog1\\vendor\\laravel\\framework\\src\\Illuminate\\Container\\Util.php(43): Illuminate\\Container\\BoundMethod::Illuminate\\Container\\{closure}()
#39 C:\\OSPanel\\home\\guitar_prog1\\vendor\\laravel\\framework\\src\\Illuminate\\Container\\BoundMethod.php(96): Illuminate\\Container\\Util::unwrapIfClosure(Object(Closure))
#40 C:\\OSPanel\\home\\guitar_prog1\\vendor\\laravel\\framework\\src\\Illuminate\\Container\\BoundMethod.php(35): Illuminate\\Container\\BoundMethod::callBoundMethod(Object(Illuminate\\Foundation\\Application), Array, Object(Closure))
#41 C:\\OSPanel\\home\\guitar_prog1\\vendor\\laravel\\framework\\src\\Illuminate\\Container\\Container.php(754): Illuminate\\Container\\BoundMethod::call(Object(Illuminate\\Foundation\\Application), Array, Array, NULL)
#42 C:\\OSPanel\\home\\guitar_prog1\\vendor\\laravel\\framework\\src\\Illuminate\\Console\\Command.php(213): Illuminate\\Container\\Container->call(Array)
#43 C:\\OSPanel\\home\\guitar_prog1\\vendor\\symfony\\console\\Command\\Command.php(279): Illuminate\\Console\\Command->execute(Object(Symfony\\Component\\Console\\Input\\ArgvInput), Object(Illuminate\\Console\\OutputStyle))
#44 C:\\OSPanel\\home\\guitar_prog1\\vendor\\laravel\\framework\\src\\Illuminate\\Console\\Command.php(182): Symfony\\Component\\Console\\Command\\Command->run(Object(Symfony\\Component\\Console\\Input\\ArgvInput), Object(Illuminate\\Console\\OutputStyle))
#45 C:\\OSPanel\\home\\guitar_prog1\\vendor\\symfony\\console\\Application.php(1094): Illuminate\\Console\\Command->run(Object(Symfony\\Component\\Console\\Input\\ArgvInput), Object(Symfony\\Component\\Console\\Output\\ConsoleOutput))
#46 C:\\OSPanel\\home\\guitar_prog1\\vendor\\symfony\\console\\Application.php(342): Symfony\\Component\\Console\\Application->doRunCommand(Object(Illuminate\\Database\\Console\\Seeds\\SeedCommand), Object(Symfony\\Component\\Console\\Input\\ArgvInput), Object(Symfony\\Component\\Console\\Output\\ConsoleOutput))
#47 C:\\OSPanel\\home\\guitar_prog1\\vendor\\symfony\\console\\Application.php(193): Symfony\\Component\\Console\\Application->doRun(Object(Symfony\\Component\\Console\\Input\\ArgvInput), Object(Symfony\\Component\\Console\\Output\\ConsoleOutput))
#48 C:\\OSPanel\\home\\guitar_prog1\\vendor\\laravel\\framework\\src\\Illuminate\\Foundation\\Console\\Kernel.php(198): Symfony\\Component\\Console\\Application->run(Object(Symfony\\Component\\Console\\Input\\ArgvInput), Object(Symfony\\Component\\Console\\Output\\ConsoleOutput))
#49 C:\\OSPanel\\home\\guitar_prog1\\vendor\\laravel\\framework\\src\\Illuminate\\Foundation\\Application.php(1235): Illuminate\\Foundation\\Console\\Kernel->handle(Object(Symfony\\Component\\Console\\Input\\ArgvInput), Object(Symfony\\Component\\Console\\Output\\ConsoleOutput))
#50 C:\\OSPanel\\home\\guitar_prog1\\artisan(16): Illuminate\\Foundation\\Application->handleCommand(Object(Symfony\\Component\\Console\\Input\\ArgvInput))
#51 {main}
"} 
[2025-05-02 00:14:35] local.ERROR: SQLSTATE[HY000]: General error: 1 table products has no column named instructor_id (Connection: sqlite, SQL: insert into "products" ("name", "description", "price", "is_popular", "is_active", "image", "brand_id", "instructor_id", "rating", "category_id", "updated_at", "created_at") values (Курс по игре на Балалайке, Описание курса 1, 1000, 1, 1, product1.jpg, 1, 1, 4.5, 1, 2025-05-02 00:14:34, 2025-05-02 00:14:34)) {"exception":"[object] (Illuminate\\Database\\QueryException(code: HY000): SQLSTATE[HY000]: General error: 1 table products has no column named instructor_id (Connection: sqlite, SQL: insert into \"products\" (\"name\", \"description\", \"price\", \"is_popular\", \"is_active\", \"image\", \"brand_id\", \"instructor_id\", \"rating\", \"category_id\", \"updated_at\", \"created_at\") values (Курс по игре на Балалайке, Описание курса 1, 1000, 1, 1, product1.jpg, 1, 1, 4.5, 1, 2025-05-02 00:14:34, 2025-05-02 00:14:34)) at C:\\OSPanel\\home\\guitar_prog1\\vendor\\laravel\\framework\\src\\Illuminate\\Database\\Connection.php:823)
[stacktrace]
#0 C:\\OSPanel\\home\\guitar_prog1\\vendor\\laravel\\framework\\src\\Illuminate\\Database\\Connection.php(777): Illuminate\\Database\\Connection->runQueryCallback('insert into \"pr...', Array, Object(Closure))
#1 C:\\OSPanel\\home\\guitar_prog1\\vendor\\laravel\\framework\\src\\Illuminate\\Database\\Connection.php(558): Illuminate\\Database\\Connection->run('insert into \"pr...', Array, Object(Closure))
#2 C:\\OSPanel\\home\\guitar_prog1\\vendor\\laravel\\framework\\src\\Illuminate\\Database\\Connection.php(522): Illuminate\\Database\\Connection->statement('insert into \"pr...', Array)
#3 C:\\OSPanel\\home\\guitar_prog1\\vendor\\laravel\\framework\\src\\Illuminate\\Database\\Query\\Processors\\Processor.php(32): Illuminate\\Database\\Connection->insert('insert into \"pr...', Array)
#4 C:\\OSPanel\\home\\guitar_prog1\\vendor\\laravel\\framework\\src\\Illuminate\\Database\\Query\\Builder.php(3767): Illuminate\\Database\\Query\\Processors\\Processor->processInsertGetId(Object(Illuminate\\Database\\Query\\Builder), 'insert into \"pr...', Array, 'id')
#5 C:\\OSPanel\\home\\guitar_prog1\\vendor\\laravel\\framework\\src\\Illuminate\\Database\\Eloquent\\Builder.php(2141): Illuminate\\Database\\Query\\Builder->insertGetId(Array, 'id')
#6 C:\\OSPanel\\home\\guitar_prog1\\vendor\\laravel\\framework\\src\\Illuminate\\Database\\Eloquent\\Model.php(1359): Illuminate\\Database\\Eloquent\\Builder->__call('insertGetId', Array)
#7 C:\\OSPanel\\home\\guitar_prog1\\vendor\\laravel\\framework\\src\\Illuminate\\Database\\Eloquent\\Model.php(1324): Illuminate\\Database\\Eloquent\\Model->insertAndSetId(Object(Illuminate\\Database\\Eloquent\\Builder), Array)
#8 C:\\OSPanel\\home\\guitar_prog1\\vendor\\laravel\\framework\\src\\Illuminate\\Database\\Eloquent\\Model.php(1163): Illuminate\\Database\\Eloquent\\Model->performInsert(Object(Illuminate\\Database\\Eloquent\\Builder))
#9 C:\\OSPanel\\home\\guitar_prog1\\vendor\\laravel\\framework\\src\\Illuminate\\Database\\Eloquent\\Builder.php(1128): Illuminate\\Database\\Eloquent\\Model->save()
#10 C:\\OSPanel\\home\\guitar_prog1\\vendor\\laravel\\framework\\src\\Illuminate\\Support\\helpers.php(399): Illuminate\\Database\\Eloquent\\Builder->Illuminate\\Database\\Eloquent\\{closure}(Object(App\\Models\\Product))
#11 C:\\OSPanel\\home\\guitar_prog1\\vendor\\laravel\\framework\\src\\Illuminate\\Database\\Eloquent\\Builder.php(1127): tap(Object(App\\Models\\Product), Object(Closure))
#12 C:\\OSPanel\\home\\guitar_prog1\\vendor\\laravel\\framework\\src\\Illuminate\\Support\\Traits\\ForwardsCalls.php(23): Illuminate\\Database\\Eloquent\\Builder->create(Array)
#13 C:\\OSPanel\\home\\guitar_prog1\\vendor\\laravel\\framework\\src\\Illuminate\\Database\\Eloquent\\Model.php(2372): Illuminate\\Database\\Eloquent\\Model->forwardCallTo(Object(Illuminate\\Database\\Eloquent\\Builder), 'create', Array)
#14 C:\\OSPanel\\home\\guitar_prog1\\vendor\\laravel\\framework\\src\\Illuminate\\Database\\Eloquent\\Model.php(2384): Illuminate\\Database\\Eloquent\\Model->__call('create', Array)
#15 C:\\OSPanel\\home\\guitar_prog1\\database\\seeders\\ProductSeeder.php(13): Illuminate\\Database\\Eloquent\\Model::__callStatic('create', Array)
#16 C:\\OSPanel\\home\\guitar_prog1\\vendor\\laravel\\framework\\src\\Illuminate\\Container\\BoundMethod.php(36): Database\\Seeders\\ProductSeeder->run()
#17 C:\\OSPanel\\home\\guitar_prog1\\vendor\\laravel\\framework\\src\\Illuminate\\Container\\Util.php(43): Illuminate\\Container\\BoundMethod::Illuminate\\Container\\{closure}()
#18 C:\\OSPanel\\home\\guitar_prog1\\vendor\\laravel\\framework\\src\\Illuminate\\Container\\BoundMethod.php(96): Illuminate\\Container\\Util::unwrapIfClosure(Object(Closure))
#19 C:\\OSPanel\\home\\guitar_prog1\\vendor\\laravel\\framework\\src\\Illuminate\\Container\\BoundMethod.php(35): Illuminate\\Container\\BoundMethod::callBoundMethod(Object(Illuminate\\Foundation\\Application), Array, Object(Closure))
#20 C:\\OSPanel\\home\\guitar_prog1\\vendor\\laravel\\framework\\src\\Illuminate\\Container\\Container.php(754): Illuminate\\Container\\BoundMethod::call(Object(Illuminate\\Foundation\\Application), Array, Array, NULL)
#21 C:\\OSPanel\\home\\guitar_prog1\\vendor\\laravel\\framework\\src\\Illuminate\\Database\\Seeder.php(188): Illuminate\\Container\\Container->call(Array, Array)
#22 C:\\OSPanel\\home\\guitar_prog1\\vendor\\laravel\\framework\\src\\Illuminate\\Database\\Seeder.php(197): Illuminate\\Database\\Seeder->Illuminate\\Database\\{closure}()
#23 C:\\OSPanel\\home\\guitar_prog1\\vendor\\laravel\\framework\\src\\Illuminate\\Database\\Seeder.php(61): Illuminate\\Database\\Seeder->__invoke(Array)
#24 C:\\OSPanel\\home\\guitar_prog1\\database\\seeders\\DatabaseSeeder.php(17): Illuminate\\Database\\Seeder->call('Database\\\\Seeder...')
#25 C:\\OSPanel\\home\\guitar_prog1\\vendor\\laravel\\framework\\src\\Illuminate\\Container\\BoundMethod.php(36): Database\\Seeders\\DatabaseSeeder->run()
#26 C:\\OSPanel\\home\\guitar_prog1\\vendor\\laravel\\framework\\src\\Illuminate\\Container\\Util.php(43): Illuminate\\Container\\BoundMethod::Illuminate\\Container\\{closure}()
#27 C:\\OSPanel\\home\\guitar_prog1\\vendor\\laravel\\framework\\src\\Illuminate\\Container\\BoundMethod.php(96): Illuminate\\Container\\Util::unwrapIfClosure(Object(Closure))
#28 C:\\OSPanel\\home\\guitar_prog1\\vendor\\laravel\\framework\\src\\Illuminate\\Container\\BoundMethod.php(35): Illuminate\\Container\\BoundMethod::callBoundMethod(Object(Illuminate\\Foundation\\Application), Array, Object(Closure))
#29 C:\\OSPanel\\home\\guitar_prog1\\vendor\\laravel\\framework\\src\\Illuminate\\Container\\Container.php(754): Illuminate\\Container\\BoundMethod::call(Object(Illuminate\\Foundation\\Application), Array, Array, NULL)
#30 C:\\OSPanel\\home\\guitar_prog1\\vendor\\laravel\\framework\\src\\Illuminate\\Database\\Seeder.php(188): Illuminate\\Container\\Container->call(Array, Array)
#31 C:\\OSPanel\\home\\guitar_prog1\\vendor\\laravel\\framework\\src\\Illuminate\\Database\\Seeder.php(197): Illuminate\\Database\\Seeder->Illuminate\\Database\\{closure}()
#32 C:\\OSPanel\\home\\guitar_prog1\\vendor\\laravel\\framework\\src\\Illuminate\\Database\\Console\\Seeds\\SeedCommand.php(70): Illuminate\\Database\\Seeder->__invoke()
#33 C:\\OSPanel\\home\\guitar_prog1\\vendor\\laravel\\framework\\src\\Illuminate\\Database\\Eloquent\\Concerns\\GuardsAttributes.php(155): Illuminate\\Database\\Console\\Seeds\\SeedCommand->Illuminate\\Database\\Console\\Seeds\\{closure}()
#34 C:\\OSPanel\\home\\guitar_prog1\\vendor\\laravel\\framework\\src\\Illuminate\\Database\\Console\\Seeds\\SeedCommand.php(69): Illuminate\\Database\\Eloquent\\Model::unguarded(Object(Closure))
#35 C:\\OSPanel\\home\\guitar_prog1\\vendor\\laravel\\framework\\src\\Illuminate\\Container\\BoundMethod.php(36): Illuminate\\Database\\Console\\Seeds\\SeedCommand->handle()
#36 C:\\OSPanel\\home\\guitar_prog1\\vendor\\laravel\\framework\\src\\Illuminate\\Container\\Util.php(43): Illuminate\\Container\\BoundMethod::Illuminate\\Container\\{closure}()
#37 C:\\OSPanel\\home\\guitar_prog1\\vendor\\laravel\\framework\\src\\Illuminate\\Container\\BoundMethod.php(96): Illuminate\\Container\\Util::unwrapIfClosure(Object(Closure))
#38 C:\\OSPanel\\home\\guitar_prog1\\vendor\\laravel\\framework\\src\\Illuminate\\Container\\BoundMethod.php(35): Illuminate\\Container\\BoundMethod::callBoundMethod(Object(Illuminate\\Foundation\\Application), Array, Object(Closure))
#39 C:\\OSPanel\\home\\guitar_prog1\\vendor\\laravel\\framework\\src\\Illuminate\\Container\\Container.php(754): Illuminate\\Container\\BoundMethod::call(Object(Illuminate\\Foundation\\Application), Array, Array, NULL)
#40 C:\\OSPanel\\home\\guitar_prog1\\vendor\\laravel\\framework\\src\\Illuminate\\Console\\Command.php(213): Illuminate\\Container\\Container->call(Array)
#41 C:\\OSPanel\\home\\guitar_prog1\\vendor\\symfony\\console\\Command\\Command.php(279): Illuminate\\Console\\Command->execute(Object(Symfony\\Component\\Console\\Input\\ArgvInput), Object(Illuminate\\Console\\OutputStyle))
#42 C:\\OSPanel\\home\\guitar_prog1\\vendor\\laravel\\framework\\src\\Illuminate\\Console\\Command.php(182): Symfony\\Component\\Console\\Command\\Command->run(Object(Symfony\\Component\\Console\\Input\\ArgvInput), Object(Illuminate\\Console\\OutputStyle))
#43 C:\\OSPanel\\home\\guitar_prog1\\vendor\\symfony\\console\\Application.php(1094): Illuminate\\Console\\Command->run(Object(Symfony\\Component\\Console\\Input\\ArgvInput), Object(Symfony\\Component\\Console\\Output\\ConsoleOutput))
#44 C:\\OSPanel\\home\\guitar_prog1\\vendor\\symfony\\console\\Application.php(342): Symfony\\Component\\Console\\Application->doRunCommand(Object(Illuminate\\Database\\Console\\Seeds\\SeedCommand), Object(Symfony\\Component\\Console\\Input\\ArgvInput), Object(Symfony\\Component\\Console\\Output\\ConsoleOutput))
#45 C:\\OSPanel\\home\\guitar_prog1\\vendor\\symfony\\console\\Application.php(193): Symfony\\Component\\Console\\Application->doRun(Object(Symfony\\Component\\Console\\Input\\ArgvInput), Object(Symfony\\Component\\Console\\Output\\ConsoleOutput))
#46 C:\\OSPanel\\home\\guitar_prog1\\vendor\\laravel\\framework\\src\\Illuminate\\Foundation\\Console\\Kernel.php(198): Symfony\\Component\\Console\\Application->run(Object(Symfony\\Component\\Console\\Input\\ArgvInput), Object(Symfony\\Component\\Console\\Output\\ConsoleOutput))
#47 C:\\OSPanel\\home\\guitar_prog1\\vendor\\laravel\\framework\\src\\Illuminate\\Foundation\\Application.php(1235): Illuminate\\Foundation\\Console\\Kernel->handle(Object(Symfony\\Component\\Console\\Input\\ArgvInput), Object(Symfony\\Component\\Console\\Output\\ConsoleOutput))
#48 C:\\OSPanel\\home\\guitar_prog1\\artisan(16): Illuminate\\Foundation\\Application->handleCommand(Object(Symfony\\Component\\Console\\Input\\ArgvInput))
#49 {main}

[previous exception] [object] (PDOException(code: HY000): SQLSTATE[HY000]: General error: 1 table products has no column named instructor_id at C:\\OSPanel\\home\\guitar_prog1\\vendor\\laravel\\framework\\src\\Illuminate\\Database\\Connection.php:563)
[stacktrace]
#0 C:\\OSPanel\\home\\guitar_prog1\\vendor\\laravel\\framework\\src\\Illuminate\\Database\\Connection.php(563): PDO->prepare('insert into \"pr...')
#1 C:\\OSPanel\\home\\guitar_prog1\\vendor\\laravel\\framework\\src\\Illuminate\\Database\\Connection.php(810): Illuminate\\Database\\Connection->Illuminate\\Database\\{closure}('insert into \"pr...', Array)
#2 C:\\OSPanel\\home\\guitar_prog1\\vendor\\laravel\\framework\\src\\Illuminate\\Database\\Connection.php(777): Illuminate\\Database\\Connection->runQueryCallback('insert into \"pr...', Array, Object(Closure))
#3 C:\\OSPanel\\home\\guitar_prog1\\vendor\\laravel\\framework\\src\\Illuminate\\Database\\Connection.php(558): Illuminate\\Database\\Connection->run('insert into \"pr...', Array, Object(Closure))
#4 C:\\OSPanel\\home\\guitar_prog1\\vendor\\laravel\\framework\\src\\Illuminate\\Database\\Connection.php(522): Illuminate\\Database\\Connection->statement('insert into \"pr...', Array)
#5 C:\\OSPanel\\home\\guitar_prog1\\vendor\\laravel\\framework\\src\\Illuminate\\Database\\Query\\Processors\\Processor.php(32): Illuminate\\Database\\Connection->insert('insert into \"pr...', Array)
#6 C:\\OSPanel\\home\\guitar_prog1\\vendor\\laravel\\framework\\src\\Illuminate\\Database\\Query\\Builder.php(3767): Illuminate\\Database\\Query\\Processors\\Processor->processInsertGetId(Object(Illuminate\\Database\\Query\\Builder), 'insert into \"pr...', Array, 'id')
#7 C:\\OSPanel\\home\\guitar_prog1\\vendor\\laravel\\framework\\src\\Illuminate\\Database\\Eloquent\\Builder.php(2141): Illuminate\\Database\\Query\\Builder->insertGetId(Array, 'id')
#8 C:\\OSPanel\\home\\guitar_prog1\\vendor\\laravel\\framework\\src\\Illuminate\\Database\\Eloquent\\Model.php(1359): Illuminate\\Database\\Eloquent\\Builder->__call('insertGetId', Array)
#9 C:\\OSPanel\\home\\guitar_prog1\\vendor\\laravel\\framework\\src\\Illuminate\\Database\\Eloquent\\Model.php(1324): Illuminate\\Database\\Eloquent\\Model->insertAndSetId(Object(Illuminate\\Database\\Eloquent\\Builder), Array)
#10 C:\\OSPanel\\home\\guitar_prog1\\vendor\\laravel\\framework\\src\\Illuminate\\Database\\Eloquent\\Model.php(1163): Illuminate\\Database\\Eloquent\\Model->performInsert(Object(Illuminate\\Database\\Eloquent\\Builder))
#11 C:\\OSPanel\\home\\guitar_prog1\\vendor\\laravel\\framework\\src\\Illuminate\\Database\\Eloquent\\Builder.php(1128): Illuminate\\Database\\Eloquent\\Model->save()
#12 C:\\OSPanel\\home\\guitar_prog1\\vendor\\laravel\\framework\\src\\Illuminate\\Support\\helpers.php(399): Illuminate\\Database\\Eloquent\\Builder->Illuminate\\Database\\Eloquent\\{closure}(Object(App\\Models\\Product))
#13 C:\\OSPanel\\home\\guitar_prog1\\vendor\\laravel\\framework\\src\\Illuminate\\Database\\Eloquent\\Builder.php(1127): tap(Object(App\\Models\\Product), Object(Closure))
#14 C:\\OSPanel\\home\\guitar_prog1\\vendor\\laravel\\framework\\src\\Illuminate\\Support\\Traits\\ForwardsCalls.php(23): Illuminate\\Database\\Eloquent\\Builder->create(Array)
#15 C:\\OSPanel\\home\\guitar_prog1\\vendor\\laravel\\framework\\src\\Illuminate\\Database\\Eloquent\\Model.php(2372): Illuminate\\Database\\Eloquent\\Model->forwardCallTo(Object(Illuminate\\Database\\Eloquent\\Builder), 'create', Array)
#16 C:\\OSPanel\\home\\guitar_prog1\\vendor\\laravel\\framework\\src\\Illuminate\\Database\\Eloquent\\Model.php(2384): Illuminate\\Database\\Eloquent\\Model->__call('create', Array)
#17 C:\\OSPanel\\home\\guitar_prog1\\database\\seeders\\ProductSeeder.php(13): Illuminate\\Database\\Eloquent\\Model::__callStatic('create', Array)
#18 C:\\OSPanel\\home\\guitar_prog1\\vendor\\laravel\\framework\\src\\Illuminate\\Container\\BoundMethod.php(36): Database\\Seeders\\ProductSeeder->run()
#19 C:\\OSPanel\\home\\guitar_prog1\\vendor\\laravel\\framework\\src\\Illuminate\\Container\\Util.php(43): Illuminate\\Container\\BoundMethod::Illuminate\\Container\\{closure}()
#20 C:\\OSPanel\\home\\guitar_prog1\\vendor\\laravel\\framework\\src\\Illuminate\\Container\\BoundMethod.php(96): Illuminate\\Container\\Util::unwrapIfClosure(Object(Closure))
#21 C:\\OSPanel\\home\\guitar_prog1\\vendor\\laravel\\framework\\src\\Illuminate\\Container\\BoundMethod.php(35): Illuminate\\Container\\BoundMethod::callBoundMethod(Object(Illuminate\\Foundation\\Application), Array, Object(Closure))
#22 C:\\OSPanel\\home\\guitar_prog1\\vendor\\laravel\\framework\\src\\Illuminate\\Container\\Container.php(754): Illuminate\\Container\\BoundMethod::call(Object(Illuminate\\Foundation\\Application), Array, Array, NULL)
#23 C:\\OSPanel\\home\\guitar_prog1\\vendor\\laravel\\framework\\src\\Illuminate\\Database\\Seeder.php(188): Illuminate\\Container\\Container->call(Array, Array)
#24 C:\\OSPanel\\home\\guitar_prog1\\vendor\\laravel\\framework\\src\\Illuminate\\Database\\Seeder.php(197): Illuminate\\Database\\Seeder->Illuminate\\Database\\{closure}()
#25 C:\\OSPanel\\home\\guitar_prog1\\vendor\\laravel\\framework\\src\\Illuminate\\Database\\Seeder.php(61): Illuminate\\Database\\Seeder->__invoke(Array)
#26 C:\\OSPanel\\home\\guitar_prog1\\database\\seeders\\DatabaseSeeder.php(17): Illuminate\\Database\\Seeder->call('Database\\\\Seeder...')
#27 C:\\OSPanel\\home\\guitar_prog1\\vendor\\laravel\\framework\\src\\Illuminate\\Container\\BoundMethod.php(36): Database\\Seeders\\DatabaseSeeder->run()
#28 C:\\OSPanel\\home\\guitar_prog1\\vendor\\laravel\\framework\\src\\Illuminate\\Container\\Util.php(43): Illuminate\\Container\\BoundMethod::Illuminate\\Container\\{closure}()
#29 C:\\OSPanel\\home\\guitar_prog1\\vendor\\laravel\\framework\\src\\Illuminate\\Container\\BoundMethod.php(96): Illuminate\\Container\\Util::unwrapIfClosure(Object(Closure))
#30 C:\\OSPanel\\home\\guitar_prog1\\vendor\\laravel\\framework\\src\\Illuminate\\Container\\BoundMethod.php(35): Illuminate\\Container\\BoundMethod::callBoundMethod(Object(Illuminate\\Foundation\\Application), Array, Object(Closure))
#31 C:\\OSPanel\\home\\guitar_prog1\\vendor\\laravel\\framework\\src\\Illuminate\\Container\\Container.php(754): Illuminate\\Container\\BoundMethod::call(Object(Illuminate\\Foundation\\Application), Array, Array, NULL)
#32 C:\\OSPanel\\home\\guitar_prog1\\vendor\\laravel\\framework\\src\\Illuminate\\Database\\Seeder.php(188): Illuminate\\Container\\Container->call(Array, Array)
#33 C:\\OSPanel\\home\\guitar_prog1\\vendor\\laravel\\framework\\src\\Illuminate\\Database\\Seeder.php(197): Illuminate\\Database\\Seeder->Illuminate\\Database\\{closure}()
#34 C:\\OSPanel\\home\\guitar_prog1\\vendor\\laravel\\framework\\src\\Illuminate\\Database\\Console\\Seeds\\SeedCommand.php(70): Illuminate\\Database\\Seeder->__invoke()
#35 C:\\OSPanel\\home\\guitar_prog1\\vendor\\laravel\\framework\\src\\Illuminate\\Database\\Eloquent\\Concerns\\GuardsAttributes.php(155): Illuminate\\Database\\Console\\Seeds\\SeedCommand->Illuminate\\Database\\Console\\Seeds\\{closure}()
#36 C:\\OSPanel\\home\\guitar_prog1\\vendor\\laravel\\framework\\src\\Illuminate\\Database\\Console\\Seeds\\SeedCommand.php(69): Illuminate\\Database\\Eloquent\\Model::unguarded(Object(Closure))
#37 C:\\OSPanel\\home\\guitar_prog1\\vendor\\laravel\\framework\\src\\Illuminate\\Container\\BoundMethod.php(36): Illuminate\\Database\\Console\\Seeds\\SeedCommand->handle()
#38 C:\\OSPanel\\home\\guitar_prog1\\vendor\\laravel\\framework\\src\\Illuminate\\Container\\Util.php(43): Illuminate\\Container\\BoundMethod::Illuminate\\Container\\{closure}()
#39 C:\\OSPanel\\home\\guitar_prog1\\vendor\\laravel\\framework\\src\\Illuminate\\Container\\BoundMethod.php(96): Illuminate\\Container\\Util::unwrapIfClosure(Object(Closure))
#40 C:\\OSPanel\\home\\guitar_prog1\\vendor\\laravel\\framework\\src\\Illuminate\\Container\\BoundMethod.php(35): Illuminate\\Container\\BoundMethod::callBoundMethod(Object(Illuminate\\Foundation\\Application), Array, Object(Closure))
#41 C:\\OSPanel\\home\\guitar_prog1\\vendor\\laravel\\framework\\src\\Illuminate\\Container\\Container.php(754): Illuminate\\Container\\BoundMethod::call(Object(Illuminate\\Foundation\\Application), Array, Array, NULL)
#42 C:\\OSPanel\\home\\guitar_prog1\\vendor\\laravel\\framework\\src\\Illuminate\\Console\\Command.php(213): Illuminate\\Container\\Container->call(Array)
#43 C:\\OSPanel\\home\\guitar_prog1\\vendor\\symfony\\console\\Command\\Command.php(279): Illuminate\\Console\\Command->execute(Object(Symfony\\Component\\Console\\Input\\ArgvInput), Object(Illuminate\\Console\\OutputStyle))
#44 C:\\OSPanel\\home\\guitar_prog1\\vendor\\laravel\\framework\\src\\Illuminate\\Console\\Command.php(182): Symfony\\Component\\Console\\Command\\Command->run(Object(Symfony\\Component\\Console\\Input\\ArgvInput), Object(Illuminate\\Console\\OutputStyle))
#45 C:\\OSPanel\\home\\guitar_prog1\\vendor\\symfony\\console\\Application.php(1094): Illuminate\\Console\\Command->run(Object(Symfony\\Component\\Console\\Input\\ArgvInput), Object(Symfony\\Component\\Console\\Output\\ConsoleOutput))
#46 C:\\OSPanel\\home\\guitar_prog1\\vendor\\symfony\\console\\Application.php(342): Symfony\\Component\\Console\\Application->doRunCommand(Object(Illuminate\\Database\\Console\\Seeds\\SeedCommand), Object(Symfony\\Component\\Console\\Input\\ArgvInput), Object(Symfony\\Component\\Console\\Output\\ConsoleOutput))
#47 C:\\OSPanel\\home\\guitar_prog1\\vendor\\symfony\\console\\Application.php(193): Symfony\\Component\\Console\\Application->doRun(Object(Symfony\\Component\\Console\\Input\\ArgvInput), Object(Symfony\\Component\\Console\\Output\\ConsoleOutput))
#48 C:\\OSPanel\\home\\guitar_prog1\\vendor\\laravel\\framework\\src\\Illuminate\\Foundation\\Console\\Kernel.php(198): Symfony\\Component\\Console\\Application->run(Object(Symfony\\Component\\Console\\Input\\ArgvInput), Object(Symfony\\Component\\Console\\Output\\ConsoleOutput))
#49 C:\\OSPanel\\home\\guitar_prog1\\vendor\\laravel\\framework\\src\\Illuminate\\Foundation\\Application.php(1235): Illuminate\\Foundation\\Console\\Kernel->handle(Object(Symfony\\Component\\Console\\Input\\ArgvInput), Object(Symfony\\Component\\Console\\Output\\ConsoleOutput))
#50 C:\\OSPanel\\home\\guitar_prog1\\artisan(16): Illuminate\\Foundation\\Application->handleCommand(Object(Symfony\\Component\\Console\\Input\\ArgvInput))
#51 {main}
"} 
[2025-05-02 00:20:27] local.ERROR: SQLSTATE[HY000]: General error: 1 table products has no column named rating (Connection: sqlite, SQL: insert into "products" ("name", "description", "price", "is_popular", "is_active", "image", "brand_id", "rating", "category_id", "updated_at", "created_at") values (Курс по игре на Балалайке, Описание курса 1, 1000, 1, 1, product1.jpg, 1, 4.5, 1, 2025-05-02 00:20:27, 2025-05-02 00:20:27)) {"exception":"[object] (Illuminate\\Database\\QueryException(code: HY000): SQLSTATE[HY000]: General error: 1 table products has no column named rating (Connection: sqlite, SQL: insert into \"products\" (\"name\", \"description\", \"price\", \"is_popular\", \"is_active\", \"image\", \"brand_id\", \"rating\", \"category_id\", \"updated_at\", \"created_at\") values (Курс по игре на Балалайке, Описание курса 1, 1000, 1, 1, product1.jpg, 1, 4.5, 1, 2025-05-02 00:20:27, 2025-05-02 00:20:27)) at C:\\OSPanel\\home\\guitar_prog1\\vendor\\laravel\\framework\\src\\Illuminate\\Database\\Connection.php:823)
[stacktrace]
#0 C:\\OSPanel\\home\\guitar_prog1\\vendor\\laravel\\framework\\src\\Illuminate\\Database\\Connection.php(777): Illuminate\\Database\\Connection->runQueryCallback('insert into \"pr...', Array, Object(Closure))
#1 C:\\OSPanel\\home\\guitar_prog1\\vendor\\laravel\\framework\\src\\Illuminate\\Database\\Connection.php(558): Illuminate\\Database\\Connection->run('insert into \"pr...', Array, Object(Closure))
#2 C:\\OSPanel\\home\\guitar_prog1\\vendor\\laravel\\framework\\src\\Illuminate\\Database\\Connection.php(522): Illuminate\\Database\\Connection->statement('insert into \"pr...', Array)
#3 C:\\OSPanel\\home\\guitar_prog1\\vendor\\laravel\\framework\\src\\Illuminate\\Database\\Query\\Processors\\Processor.php(32): Illuminate\\Database\\Connection->insert('insert into \"pr...', Array)
#4 C:\\OSPanel\\home\\guitar_prog1\\vendor\\laravel\\framework\\src\\Illuminate\\Database\\Query\\Builder.php(3767): Illuminate\\Database\\Query\\Processors\\Processor->processInsertGetId(Object(Illuminate\\Database\\Query\\Builder), 'insert into \"pr...', Array, 'id')
#5 C:\\OSPanel\\home\\guitar_prog1\\vendor\\laravel\\framework\\src\\Illuminate\\Database\\Eloquent\\Builder.php(2141): Illuminate\\Database\\Query\\Builder->insertGetId(Array, 'id')
#6 C:\\OSPanel\\home\\guitar_prog1\\vendor\\laravel\\framework\\src\\Illuminate\\Database\\Eloquent\\Model.php(1359): Illuminate\\Database\\Eloquent\\Builder->__call('insertGetId', Array)
#7 C:\\OSPanel\\home\\guitar_prog1\\vendor\\laravel\\framework\\src\\Illuminate\\Database\\Eloquent\\Model.php(1324): Illuminate\\Database\\Eloquent\\Model->insertAndSetId(Object(Illuminate\\Database\\Eloquent\\Builder), Array)
#8 C:\\OSPanel\\home\\guitar_prog1\\vendor\\laravel\\framework\\src\\Illuminate\\Database\\Eloquent\\Model.php(1163): Illuminate\\Database\\Eloquent\\Model->performInsert(Object(Illuminate\\Database\\Eloquent\\Builder))
#9 C:\\OSPanel\\home\\guitar_prog1\\vendor\\laravel\\framework\\src\\Illuminate\\Database\\Eloquent\\Builder.php(1128): Illuminate\\Database\\Eloquent\\Model->save()
#10 C:\\OSPanel\\home\\guitar_prog1\\vendor\\laravel\\framework\\src\\Illuminate\\Support\\helpers.php(399): Illuminate\\Database\\Eloquent\\Builder->Illuminate\\Database\\Eloquent\\{closure}(Object(App\\Models\\Product))
#11 C:\\OSPanel\\home\\guitar_prog1\\vendor\\laravel\\framework\\src\\Illuminate\\Database\\Eloquent\\Builder.php(1127): tap(Object(App\\Models\\Product), Object(Closure))
#12 C:\\OSPanel\\home\\guitar_prog1\\vendor\\laravel\\framework\\src\\Illuminate\\Support\\Traits\\ForwardsCalls.php(23): Illuminate\\Database\\Eloquent\\Builder->create(Array)
#13 C:\\OSPanel\\home\\guitar_prog1\\vendor\\laravel\\framework\\src\\Illuminate\\Database\\Eloquent\\Model.php(2372): Illuminate\\Database\\Eloquent\\Model->forwardCallTo(Object(Illuminate\\Database\\Eloquent\\Builder), 'create', Array)
#14 C:\\OSPanel\\home\\guitar_prog1\\vendor\\laravel\\framework\\src\\Illuminate\\Database\\Eloquent\\Model.php(2384): Illuminate\\Database\\Eloquent\\Model->__call('create', Array)
#15 C:\\OSPanel\\home\\guitar_prog1\\database\\seeders\\ProductSeeder.php(13): Illuminate\\Database\\Eloquent\\Model::__callStatic('create', Array)
#16 C:\\OSPanel\\home\\guitar_prog1\\vendor\\laravel\\framework\\src\\Illuminate\\Container\\BoundMethod.php(36): Database\\Seeders\\ProductSeeder->run()
#17 C:\\OSPanel\\home\\guitar_prog1\\vendor\\laravel\\framework\\src\\Illuminate\\Container\\Util.php(43): Illuminate\\Container\\BoundMethod::Illuminate\\Container\\{closure}()
#18 C:\\OSPanel\\home\\guitar_prog1\\vendor\\laravel\\framework\\src\\Illuminate\\Container\\BoundMethod.php(96): Illuminate\\Container\\Util::unwrapIfClosure(Object(Closure))
#19 C:\\OSPanel\\home\\guitar_prog1\\vendor\\laravel\\framework\\src\\Illuminate\\Container\\BoundMethod.php(35): Illuminate\\Container\\BoundMethod::callBoundMethod(Object(Illuminate\\Foundation\\Application), Array, Object(Closure))
#20 C:\\OSPanel\\home\\guitar_prog1\\vendor\\laravel\\framework\\src\\Illuminate\\Container\\Container.php(754): Illuminate\\Container\\BoundMethod::call(Object(Illuminate\\Foundation\\Application), Array, Array, NULL)
#21 C:\\OSPanel\\home\\guitar_prog1\\vendor\\laravel\\framework\\src\\Illuminate\\Database\\Seeder.php(188): Illuminate\\Container\\Container->call(Array, Array)
#22 C:\\OSPanel\\home\\guitar_prog1\\vendor\\laravel\\framework\\src\\Illuminate\\Database\\Seeder.php(197): Illuminate\\Database\\Seeder->Illuminate\\Database\\{closure}()
#23 C:\\OSPanel\\home\\guitar_prog1\\vendor\\laravel\\framework\\src\\Illuminate\\Database\\Seeder.php(61): Illuminate\\Database\\Seeder->__invoke(Array)
#24 C:\\OSPanel\\home\\guitar_prog1\\database\\seeders\\DatabaseSeeder.php(17): Illuminate\\Database\\Seeder->call('Database\\\\Seeder...')
#25 C:\\OSPanel\\home\\guitar_prog1\\vendor\\laravel\\framework\\src\\Illuminate\\Container\\BoundMethod.php(36): Database\\Seeders\\DatabaseSeeder->run()
#26 C:\\OSPanel\\home\\guitar_prog1\\vendor\\laravel\\framework\\src\\Illuminate\\Container\\Util.php(43): Illuminate\\Container\\BoundMethod::Illuminate\\Container\\{closure}()
#27 C:\\OSPanel\\home\\guitar_prog1\\vendor\\laravel\\framework\\src\\Illuminate\\Container\\BoundMethod.php(96): Illuminate\\Container\\Util::unwrapIfClosure(Object(Closure))
#28 C:\\OSPanel\\home\\guitar_prog1\\vendor\\laravel\\framework\\src\\Illuminate\\Container\\BoundMethod.php(35): Illuminate\\Container\\BoundMethod::callBoundMethod(Object(Illuminate\\Foundation\\Application), Array, Object(Closure))
#29 C:\\OSPanel\\home\\guitar_prog1\\vendor\\laravel\\framework\\src\\Illuminate\\Container\\Container.php(754): Illuminate\\Container\\BoundMethod::call(Object(Illuminate\\Foundation\\Application), Array, Array, NULL)
#30 C:\\OSPanel\\home\\guitar_prog1\\vendor\\laravel\\framework\\src\\Illuminate\\Database\\Seeder.php(188): Illuminate\\Container\\Container->call(Array, Array)
#31 C:\\OSPanel\\home\\guitar_prog1\\vendor\\laravel\\framework\\src\\Illuminate\\Database\\Seeder.php(197): Illuminate\\Database\\Seeder->Illuminate\\Database\\{closure}()
#32 C:\\OSPanel\\home\\guitar_prog1\\vendor\\laravel\\framework\\src\\Illuminate\\Database\\Console\\Seeds\\SeedCommand.php(70): Illuminate\\Database\\Seeder->__invoke()
#33 C:\\OSPanel\\home\\guitar_prog1\\vendor\\laravel\\framework\\src\\Illuminate\\Database\\Eloquent\\Concerns\\GuardsAttributes.php(155): Illuminate\\Database\\Console\\Seeds\\SeedCommand->Illuminate\\Database\\Console\\Seeds\\{closure}()
#34 C:\\OSPanel\\home\\guitar_prog1\\vendor\\laravel\\framework\\src\\Illuminate\\Database\\Console\\Seeds\\SeedCommand.php(69): Illuminate\\Database\\Eloquent\\Model::unguarded(Object(Closure))
#35 C:\\OSPanel\\home\\guitar_prog1\\vendor\\laravel\\framework\\src\\Illuminate\\Container\\BoundMethod.php(36): Illuminate\\Database\\Console\\Seeds\\SeedCommand->handle()
#36 C:\\OSPanel\\home\\guitar_prog1\\vendor\\laravel\\framework\\src\\Illuminate\\Container\\Util.php(43): Illuminate\\Container\\BoundMethod::Illuminate\\Container\\{closure}()
#37 C:\\OSPanel\\home\\guitar_prog1\\vendor\\laravel\\framework\\src\\Illuminate\\Container\\BoundMethod.php(96): Illuminate\\Container\\Util::unwrapIfClosure(Object(Closure))
#38 C:\\OSPanel\\home\\guitar_prog1\\vendor\\laravel\\framework\\src\\Illuminate\\Container\\BoundMethod.php(35): Illuminate\\Container\\BoundMethod::callBoundMethod(Object(Illuminate\\Foundation\\Application), Array, Object(Closure))
#39 C:\\OSPanel\\home\\guitar_prog1\\vendor\\laravel\\framework\\src\\Illuminate\\Container\\Container.php(754): Illuminate\\Container\\BoundMethod::call(Object(Illuminate\\Foundation\\Application), Array, Array, NULL)
#40 C:\\OSPanel\\home\\guitar_prog1\\vendor\\laravel\\framework\\src\\Illuminate\\Console\\Command.php(213): Illuminate\\Container\\Container->call(Array)
#41 C:\\OSPanel\\home\\guitar_prog1\\vendor\\symfony\\console\\Command\\Command.php(279): Illuminate\\Console\\Command->execute(Object(Symfony\\Component\\Console\\Input\\ArgvInput), Object(Illuminate\\Console\\OutputStyle))
#42 C:\\OSPanel\\home\\guitar_prog1\\vendor\\laravel\\framework\\src\\Illuminate\\Console\\Command.php(182): Symfony\\Component\\Console\\Command\\Command->run(Object(Symfony\\Component\\Console\\Input\\ArgvInput), Object(Illuminate\\Console\\OutputStyle))
#43 C:\\OSPanel\\home\\guitar_prog1\\vendor\\symfony\\console\\Application.php(1094): Illuminate\\Console\\Command->run(Object(Symfony\\Component\\Console\\Input\\ArgvInput), Object(Symfony\\Component\\Console\\Output\\ConsoleOutput))
#44 C:\\OSPanel\\home\\guitar_prog1\\vendor\\symfony\\console\\Application.php(342): Symfony\\Component\\Console\\Application->doRunCommand(Object(Illuminate\\Database\\Console\\Seeds\\SeedCommand), Object(Symfony\\Component\\Console\\Input\\ArgvInput), Object(Symfony\\Component\\Console\\Output\\ConsoleOutput))
#45 C:\\OSPanel\\home\\guitar_prog1\\vendor\\symfony\\console\\Application.php(193): Symfony\\Component\\Console\\Application->doRun(Object(Symfony\\Component\\Console\\Input\\ArgvInput), Object(Symfony\\Component\\Console\\Output\\ConsoleOutput))
#46 C:\\OSPanel\\home\\guitar_prog1\\vendor\\laravel\\framework\\src\\Illuminate\\Foundation\\Console\\Kernel.php(198): Symfony\\Component\\Console\\Application->run(Object(Symfony\\Component\\Console\\Input\\ArgvInput), Object(Symfony\\Component\\Console\\Output\\ConsoleOutput))
#47 C:\\OSPanel\\home\\guitar_prog1\\vendor\\laravel\\framework\\src\\Illuminate\\Foundation\\Application.php(1235): Illuminate\\Foundation\\Console\\Kernel->handle(Object(Symfony\\Component\\Console\\Input\\ArgvInput), Object(Symfony\\Component\\Console\\Output\\ConsoleOutput))
#48 C:\\OSPanel\\home\\guitar_prog1\\artisan(16): Illuminate\\Foundation\\Application->handleCommand(Object(Symfony\\Component\\Console\\Input\\ArgvInput))
#49 {main}

[previous exception] [object] (PDOException(code: HY000): SQLSTATE[HY000]: General error: 1 table products has no column named rating at C:\\OSPanel\\home\\guitar_prog1\\vendor\\laravel\\framework\\src\\Illuminate\\Database\\Connection.php:563)
[stacktrace]
#0 C:\\OSPanel\\home\\guitar_prog1\\vendor\\laravel\\framework\\src\\Illuminate\\Database\\Connection.php(563): PDO->prepare('insert into \"pr...')
#1 C:\\OSPanel\\home\\guitar_prog1\\vendor\\laravel\\framework\\src\\Illuminate\\Database\\Connection.php(810): Illuminate\\Database\\Connection->Illuminate\\Database\\{closure}('insert into \"pr...', Array)
#2 C:\\OSPanel\\home\\guitar_prog1\\vendor\\laravel\\framework\\src\\Illuminate\\Database\\Connection.php(777): Illuminate\\Database\\Connection->runQueryCallback('insert into \"pr...', Array, Object(Closure))
#3 C:\\OSPanel\\home\\guitar_prog1\\vendor\\laravel\\framework\\src\\Illuminate\\Database\\Connection.php(558): Illuminate\\Database\\Connection->run('insert into \"pr...', Array, Object(Closure))
#4 C:\\OSPanel\\home\\guitar_prog1\\vendor\\laravel\\framework\\src\\Illuminate\\Database\\Connection.php(522): Illuminate\\Database\\Connection->statement('insert into \"pr...', Array)
#5 C:\\OSPanel\\home\\guitar_prog1\\vendor\\laravel\\framework\\src\\Illuminate\\Database\\Query\\Processors\\Processor.php(32): Illuminate\\Database\\Connection->insert('insert into \"pr...', Array)
#6 C:\\OSPanel\\home\\guitar_prog1\\vendor\\laravel\\framework\\src\\Illuminate\\Database\\Query\\Builder.php(3767): Illuminate\\Database\\Query\\Processors\\Processor->processInsertGetId(Object(Illuminate\\Database\\Query\\Builder), 'insert into \"pr...', Array, 'id')
#7 C:\\OSPanel\\home\\guitar_prog1\\vendor\\laravel\\framework\\src\\Illuminate\\Database\\Eloquent\\Builder.php(2141): Illuminate\\Database\\Query\\Builder->insertGetId(Array, 'id')
#8 C:\\OSPanel\\home\\guitar_prog1\\vendor\\laravel\\framework\\src\\Illuminate\\Database\\Eloquent\\Model.php(1359): Illuminate\\Database\\Eloquent\\Builder->__call('insertGetId', Array)
#9 C:\\OSPanel\\home\\guitar_prog1\\vendor\\laravel\\framework\\src\\Illuminate\\Database\\Eloquent\\Model.php(1324): Illuminate\\Database\\Eloquent\\Model->insertAndSetId(Object(Illuminate\\Database\\Eloquent\\Builder), Array)
#10 C:\\OSPanel\\home\\guitar_prog1\\vendor\\laravel\\framework\\src\\Illuminate\\Database\\Eloquent\\Model.php(1163): Illuminate\\Database\\Eloquent\\Model->performInsert(Object(Illuminate\\Database\\Eloquent\\Builder))
#11 C:\\OSPanel\\home\\guitar_prog1\\vendor\\laravel\\framework\\src\\Illuminate\\Database\\Eloquent\\Builder.php(1128): Illuminate\\Database\\Eloquent\\Model->save()
#12 C:\\OSPanel\\home\\guitar_prog1\\vendor\\laravel\\framework\\src\\Illuminate\\Support\\helpers.php(399): Illuminate\\Database\\Eloquent\\Builder->Illuminate\\Database\\Eloquent\\{closure}(Object(App\\Models\\Product))
#13 C:\\OSPanel\\home\\guitar_prog1\\vendor\\laravel\\framework\\src\\Illuminate\\Database\\Eloquent\\Builder.php(1127): tap(Object(App\\Models\\Product), Object(Closure))
#14 C:\\OSPanel\\home\\guitar_prog1\\vendor\\laravel\\framework\\src\\Illuminate\\Support\\Traits\\ForwardsCalls.php(23): Illuminate\\Database\\Eloquent\\Builder->create(Array)
#15 C:\\OSPanel\\home\\guitar_prog1\\vendor\\laravel\\framework\\src\\Illuminate\\Database\\Eloquent\\Model.php(2372): Illuminate\\Database\\Eloquent\\Model->forwardCallTo(Object(Illuminate\\Database\\Eloquent\\Builder), 'create', Array)
#16 C:\\OSPanel\\home\\guitar_prog1\\vendor\\laravel\\framework\\src\\Illuminate\\Database\\Eloquent\\Model.php(2384): Illuminate\\Database\\Eloquent\\Model->__call('create', Array)
#17 C:\\OSPanel\\home\\guitar_prog1\\database\\seeders\\ProductSeeder.php(13): Illuminate\\Database\\Eloquent\\Model::__callStatic('create', Array)
#18 C:\\OSPanel\\home\\guitar_prog1\\vendor\\laravel\\framework\\src\\Illuminate\\Container\\BoundMethod.php(36): Database\\Seeders\\ProductSeeder->run()
#19 C:\\OSPanel\\home\\guitar_prog1\\vendor\\laravel\\framework\\src\\Illuminate\\Container\\Util.php(43): Illuminate\\Container\\BoundMethod::Illuminate\\Container\\{closure}()
#20 C:\\OSPanel\\home\\guitar_prog1\\vendor\\laravel\\framework\\src\\Illuminate\\Container\\BoundMethod.php(96): Illuminate\\Container\\Util::unwrapIfClosure(Object(Closure))
#21 C:\\OSPanel\\home\\guitar_prog1\\vendor\\laravel\\framework\\src\\Illuminate\\Container\\BoundMethod.php(35): Illuminate\\Container\\BoundMethod::callBoundMethod(Object(Illuminate\\Foundation\\Application), Array, Object(Closure))
#22 C:\\OSPanel\\home\\guitar_prog1\\vendor\\laravel\\framework\\src\\Illuminate\\Container\\Container.php(754): Illuminate\\Container\\BoundMethod::call(Object(Illuminate\\Foundation\\Application), Array, Array, NULL)
#23 C:\\OSPanel\\home\\guitar_prog1\\vendor\\laravel\\framework\\src\\Illuminate\\Database\\Seeder.php(188): Illuminate\\Container\\Container->call(Array, Array)
#24 C:\\OSPanel\\home\\guitar_prog1\\vendor\\laravel\\framework\\src\\Illuminate\\Database\\Seeder.php(197): Illuminate\\Database\\Seeder->Illuminate\\Database\\{closure}()
#25 C:\\OSPanel\\home\\guitar_prog1\\vendor\\laravel\\framework\\src\\Illuminate\\Database\\Seeder.php(61): Illuminate\\Database\\Seeder->__invoke(Array)
#26 C:\\OSPanel\\home\\guitar_prog1\\database\\seeders\\DatabaseSeeder.php(17): Illuminate\\Database\\Seeder->call('Database\\\\Seeder...')
#27 C:\\OSPanel\\home\\guitar_prog1\\vendor\\laravel\\framework\\src\\Illuminate\\Container\\BoundMethod.php(36): Database\\Seeders\\DatabaseSeeder->run()
#28 C:\\OSPanel\\home\\guitar_prog1\\vendor\\laravel\\framework\\src\\Illuminate\\Container\\Util.php(43): Illuminate\\Container\\BoundMethod::Illuminate\\Container\\{closure}()
#29 C:\\OSPanel\\home\\guitar_prog1\\vendor\\laravel\\framework\\src\\Illuminate\\Container\\BoundMethod.php(96): Illuminate\\Container\\Util::unwrapIfClosure(Object(Closure))
#30 C:\\OSPanel\\home\\guitar_prog1\\vendor\\laravel\\framework\\src\\Illuminate\\Container\\BoundMethod.php(35): Illuminate\\Container\\BoundMethod::callBoundMethod(Object(Illuminate\\Foundation\\Application), Array, Object(Closure))
#31 C:\\OSPanel\\home\\guitar_prog1\\vendor\\laravel\\framework\\src\\Illuminate\\Container\\Container.php(754): Illuminate\\Container\\BoundMethod::call(Object(Illuminate\\Foundation\\Application), Array, Array, NULL)
#32 C:\\OSPanel\\home\\guitar_prog1\\vendor\\laravel\\framework\\src\\Illuminate\\Database\\Seeder.php(188): Illuminate\\Container\\Container->call(Array, Array)
#33 C:\\OSPanel\\home\\guitar_prog1\\vendor\\laravel\\framework\\src\\Illuminate\\Database\\Seeder.php(197): Illuminate\\Database\\Seeder->Illuminate\\Database\\{closure}()
#34 C:\\OSPanel\\home\\guitar_prog1\\vendor\\laravel\\framework\\src\\Illuminate\\Database\\Console\\Seeds\\SeedCommand.php(70): Illuminate\\Database\\Seeder->__invoke()
#35 C:\\OSPanel\\home\\guitar_prog1\\vendor\\laravel\\framework\\src\\Illuminate\\Database\\Eloquent\\Concerns\\GuardsAttributes.php(155): Illuminate\\Database\\Console\\Seeds\\SeedCommand->Illuminate\\Database\\Console\\Seeds\\{closure}()
#36 C:\\OSPanel\\home\\guitar_prog1\\vendor\\laravel\\framework\\src\\Illuminate\\Database\\Console\\Seeds\\SeedCommand.php(69): Illuminate\\Database\\Eloquent\\Model::unguarded(Object(Closure))
#37 C:\\OSPanel\\home\\guitar_prog1\\vendor\\laravel\\framework\\src\\Illuminate\\Container\\BoundMethod.php(36): Illuminate\\Database\\Console\\Seeds\\SeedCommand->handle()
#38 C:\\OSPanel\\home\\guitar_prog1\\vendor\\laravel\\framework\\src\\Illuminate\\Container\\Util.php(43): Illuminate\\Container\\BoundMethod::Illuminate\\Container\\{closure}()
#39 C:\\OSPanel\\home\\guitar_prog1\\vendor\\laravel\\framework\\src\\Illuminate\\Container\\BoundMethod.php(96): Illuminate\\Container\\Util::unwrapIfClosure(Object(Closure))
#40 C:\\OSPanel\\home\\guitar_prog1\\vendor\\laravel\\framework\\src\\Illuminate\\Container\\BoundMethod.php(35): Illuminate\\Container\\BoundMethod::callBoundMethod(Object(Illuminate\\Foundation\\Application), Array, Object(Closure))
#41 C:\\OSPanel\\home\\guitar_prog1\\vendor\\laravel\\framework\\src\\Illuminate\\Container\\Container.php(754): Illuminate\\Container\\BoundMethod::call(Object(Illuminate\\Foundation\\Application), Array, Array, NULL)
#42 C:\\OSPanel\\home\\guitar_prog1\\vendor\\laravel\\framework\\src\\Illuminate\\Console\\Command.php(213): Illuminate\\Container\\Container->call(Array)
#43 C:\\OSPanel\\home\\guitar_prog1\\vendor\\symfony\\console\\Command\\Command.php(279): Illuminate\\Console\\Command->execute(Object(Symfony\\Component\\Console\\Input\\ArgvInput), Object(Illuminate\\Console\\OutputStyle))
#44 C:\\OSPanel\\home\\guitar_prog1\\vendor\\laravel\\framework\\src\\Illuminate\\Console\\Command.php(182): Symfony\\Component\\Console\\Command\\Command->run(Object(Symfony\\Component\\Console\\Input\\ArgvInput), Object(Illuminate\\Console\\OutputStyle))
#45 C:\\OSPanel\\home\\guitar_prog1\\vendor\\symfony\\console\\Application.php(1094): Illuminate\\Console\\Command->run(Object(Symfony\\Component\\Console\\Input\\ArgvInput), Object(Symfony\\Component\\Console\\Output\\ConsoleOutput))
#46 C:\\OSPanel\\home\\guitar_prog1\\vendor\\symfony\\console\\Application.php(342): Symfony\\Component\\Console\\Application->doRunCommand(Object(Illuminate\\Database\\Console\\Seeds\\SeedCommand), Object(Symfony\\Component\\Console\\Input\\ArgvInput), Object(Symfony\\Component\\Console\\Output\\ConsoleOutput))
#47 C:\\OSPanel\\home\\guitar_prog1\\vendor\\symfony\\console\\Application.php(193): Symfony\\Component\\Console\\Application->doRun(Object(Symfony\\Component\\Console\\Input\\ArgvInput), Object(Symfony\\Component\\Console\\Output\\ConsoleOutput))
#48 C:\\OSPanel\\home\\guitar_prog1\\vendor\\laravel\\framework\\src\\Illuminate\\Foundation\\Console\\Kernel.php(198): Symfony\\Component\\Console\\Application->run(Object(Symfony\\Component\\Console\\Input\\ArgvInput), Object(Symfony\\Component\\Console\\Output\\ConsoleOutput))
#49 C:\\OSPanel\\home\\guitar_prog1\\vendor\\laravel\\framework\\src\\Illuminate\\Foundation\\Application.php(1235): Illuminate\\Foundation\\Console\\Kernel->handle(Object(Symfony\\Component\\Console\\Input\\ArgvInput), Object(Symfony\\Component\\Console\\Output\\ConsoleOutput))
#50 C:\\OSPanel\\home\\guitar_prog1\\artisan(16): Illuminate\\Foundation\\Application->handleCommand(Object(Symfony\\Component\\Console\\Input\\ArgvInput))
#51 {main}
"} 
[2025-05-02 00:56:52] local.ERROR: Undefined variable $products (View: C:\OSPanel\home\guitar_prog1\resources\views\welcome.blade.php) {"userId":4,"exception":"[object] (Illuminate\\View\\ViewException(code: 0): Undefined variable $products (View: C:\\OSPanel\\home\\guitar_prog1\\resources\\views\\welcome.blade.php) at C:\\OSPanel\\home\\guitar_prog1\\storage\\framework\\views\\61543a1246391995a0b5f2a12db790f4.php:340)
[stacktrace]
#0 C:\\OSPanel\\home\\guitar_prog1\\vendor\\livewire\\livewire\\src\\Mechanisms\\ExtendBlade\\ExtendedCompilerEngine.php(58): Illuminate\\View\\Engines\\CompilerEngine->handleViewException(Object(ErrorException), 1)
#1 C:\\OSPanel\\home\\guitar_prog1\\vendor\\laravel\\framework\\src\\Illuminate\\View\\Engines\\PhpEngine.php(60): Livewire\\Mechanisms\\ExtendBlade\\ExtendedCompilerEngine->handleViewException(Object(ErrorException), 1)
#2 C:\\OSPanel\\home\\guitar_prog1\\vendor\\livewire\\livewire\\src\\Mechanisms\\ExtendBlade\\ExtendedCompilerEngine.php(22): Illuminate\\View\\Engines\\PhpEngine->evaluatePath('C:\\\\OSPanel\\\\home...', Array)
#3 C:\\OSPanel\\home\\guitar_prog1\\vendor\\laravel\\framework\\src\\Illuminate\\View\\Engines\\CompilerEngine.php(75): Livewire\\Mechanisms\\ExtendBlade\\ExtendedCompilerEngine->evaluatePath('C:\\\\OSPanel\\\\home...', Array)
#4 C:\\OSPanel\\home\\guitar_prog1\\vendor\\livewire\\livewire\\src\\Mechanisms\\ExtendBlade\\ExtendedCompilerEngine.php(10): Illuminate\\View\\Engines\\CompilerEngine->get('C:\\\\OSPanel\\\\home...', Array)
#5 C:\\OSPanel\\home\\guitar_prog1\\vendor\\laravel\\framework\\src\\Illuminate\\View\\View.php(209): Livewire\\Mechanisms\\ExtendBlade\\ExtendedCompilerEngine->get('C:\\\\OSPanel\\\\home...', Array)
#6 C:\\OSPanel\\home\\guitar_prog1\\vendor\\laravel\\framework\\src\\Illuminate\\View\\View.php(192): Illuminate\\View\\View->getContents()
#7 C:\\OSPanel\\home\\guitar_prog1\\vendor\\laravel\\framework\\src\\Illuminate\\View\\View.php(161): Illuminate\\View\\View->renderContents()
#8 C:\\OSPanel\\home\\guitar_prog1\\vendor\\laravel\\framework\\src\\Illuminate\\Http\\Response.php(79): Illuminate\\View\\View->render()
#9 C:\\OSPanel\\home\\guitar_prog1\\vendor\\laravel\\framework\\src\\Illuminate\\Http\\Response.php(35): Illuminate\\Http\\Response->setContent(Object(Illuminate\\View\\View))
#10 C:\\OSPanel\\home\\guitar_prog1\\vendor\\laravel\\framework\\src\\Illuminate\\Routing\\Router.php(920): Illuminate\\Http\\Response->__construct(Object(Illuminate\\View\\View), 200, Array)
#11 C:\\OSPanel\\home\\guitar_prog1\\vendor\\laravel\\framework\\src\\Illuminate\\Routing\\Router.php(887): Illuminate\\Routing\\Router::toResponse(Object(Illuminate\\Http\\Request), Object(Illuminate\\View\\View))
#12 C:\\OSPanel\\home\\guitar_prog1\\vendor\\laravel\\framework\\src\\Illuminate\\Routing\\Router.php(807): Illuminate\\Routing\\Router->prepareResponse(Object(Illuminate\\Http\\Request), Object(Illuminate\\View\\View))
#13 C:\\OSPanel\\home\\guitar_prog1\\vendor\\laravel\\framework\\src\\Illuminate\\Pipeline\\Pipeline.php(170): Illuminate\\Routing\\Router->Illuminate\\Routing\\{closure}(Object(Illuminate\\Http\\Request))
#14 C:\\OSPanel\\home\\guitar_prog1\\vendor\\laravel\\framework\\src\\Illuminate\\Routing\\Middleware\\SubstituteBindings.php(51): Illuminate\\Pipeline\\Pipeline->Illuminate\\Pipeline\\{closure}(Object(Illuminate\\Http\\Request))
#15 C:\\OSPanel\\home\\guitar_prog1\\vendor\\laravel\\framework\\src\\Illuminate\\Pipeline\\Pipeline.php(209): Illuminate\\Routing\\Middleware\\SubstituteBindings->handle(Object(Illuminate\\Http\\Request), Object(Closure))
#16 C:\\OSPanel\\home\\guitar_prog1\\vendor\\laravel\\framework\\src\\Illuminate\\Foundation\\Http\\Middleware\\VerifyCsrfToken.php(88): Illuminate\\Pipeline\\Pipeline->Illuminate\\Pipeline\\{closure}(Object(Illuminate\\Http\\Request))
#17 C:\\OSPanel\\home\\guitar_prog1\\vendor\\laravel\\framework\\src\\Illuminate\\Pipeline\\Pipeline.php(209): Illuminate\\Foundation\\Http\\Middleware\\VerifyCsrfToken->handle(Object(Illuminate\\Http\\Request), Object(Closure))
#18 C:\\OSPanel\\home\\guitar_prog1\\vendor\\laravel\\framework\\src\\Illuminate\\View\\Middleware\\ShareErrorsFromSession.php(49): Illuminate\\Pipeline\\Pipeline->Illuminate\\Pipeline\\{closure}(Object(Illuminate\\Http\\Request))
#19 C:\\OSPanel\\home\\guitar_prog1\\vendor\\laravel\\framework\\src\\Illuminate\\Pipeline\\Pipeline.php(209): Illuminate\\View\\Middleware\\ShareErrorsFromSession->handle(Object(Illuminate\\Http\\Request), Object(Closure))
#20 C:\\OSPanel\\home\\guitar_prog1\\vendor\\laravel\\framework\\src\\Illuminate\\Session\\Middleware\\StartSession.php(121): Illuminate\\Pipeline\\Pipeline->Illuminate\\Pipeline\\{closure}(Object(Illuminate\\Http\\Request))
#21 C:\\OSPanel\\home\\guitar_prog1\\vendor\\laravel\\framework\\src\\Illuminate\\Session\\Middleware\\StartSession.php(64): Illuminate\\Session\\Middleware\\StartSession->handleStatefulRequest(Object(Illuminate\\Http\\Request), Object(Illuminate\\Session\\Store), Object(Closure))
#22 C:\\OSPanel\\home\\guitar_prog1\\vendor\\laravel\\framework\\src\\Illuminate\\Pipeline\\Pipeline.php(209): Illuminate\\Session\\Middleware\\StartSession->handle(Object(Illuminate\\Http\\Request), Object(Closure))
#23 C:\\OSPanel\\home\\guitar_prog1\\vendor\\laravel\\framework\\src\\Illuminate\\Cookie\\Middleware\\AddQueuedCookiesToResponse.php(37): Illuminate\\Pipeline\\Pipeline->Illuminate\\Pipeline\\{closure}(Object(Illuminate\\Http\\Request))
#24 C:\\OSPanel\\home\\guitar_prog1\\vendor\\laravel\\framework\\src\\Illuminate\\Pipeline\\Pipeline.php(209): Illuminate\\Cookie\\Middleware\\AddQueuedCookiesToResponse->handle(Object(Illuminate\\Http\\Request), Object(Closure))
#25 C:\\OSPanel\\home\\guitar_prog1\\vendor\\laravel\\framework\\src\\Illuminate\\Cookie\\Middleware\\EncryptCookies.php(75): Illuminate\\Pipeline\\Pipeline->Illuminate\\Pipeline\\{closure}(Object(Illuminate\\Http\\Request))
#26 C:\\OSPanel\\home\\guitar_prog1\\vendor\\laravel\\framework\\src\\Illuminate\\Pipeline\\Pipeline.php(209): Illuminate\\Cookie\\Middleware\\EncryptCookies->handle(Object(Illuminate\\Http\\Request), Object(Closure))
#27 C:\\OSPanel\\home\\guitar_prog1\\vendor\\laravel\\framework\\src\\Illuminate\\Pipeline\\Pipeline.php(127): Illuminate\\Pipeline\\Pipeline->Illuminate\\Pipeline\\{closure}(Object(Illuminate\\Http\\Request))
#28 C:\\OSPanel\\home\\guitar_prog1\\vendor\\laravel\\framework\\src\\Illuminate\\Routing\\Router.php(807): Illuminate\\Pipeline\\Pipeline->then(Object(Closure))
#29 C:\\OSPanel\\home\\guitar_prog1\\vendor\\laravel\\framework\\src\\Illuminate\\Routing\\Router.php(786): Illuminate\\Routing\\Router->runRouteWithinStack(Object(Illuminate\\Routing\\Route), Object(Illuminate\\Http\\Request))
#30 C:\\OSPanel\\home\\guitar_prog1\\vendor\\laravel\\framework\\src\\Illuminate\\Routing\\Router.php(750): Illuminate\\Routing\\Router->runRoute(Object(Illuminate\\Http\\Request), Object(Illuminate\\Routing\\Route))
#31 C:\\OSPanel\\home\\guitar_prog1\\vendor\\laravel\\framework\\src\\Illuminate\\Routing\\Router.php(739): Illuminate\\Routing\\Router->dispatchToRoute(Object(Illuminate\\Http\\Request))
#32 C:\\OSPanel\\home\\guitar_prog1\\vendor\\laravel\\framework\\src\\Illuminate\\Foundation\\Http\\Kernel.php(201): Illuminate\\Routing\\Router->dispatch(Object(Illuminate\\Http\\Request))
#33 C:\\OSPanel\\home\\guitar_prog1\\vendor\\laravel\\framework\\src\\Illuminate\\Pipeline\\Pipeline.php(170): Illuminate\\Foundation\\Http\\Kernel->Illuminate\\Foundation\\Http\\{closure}(Object(Illuminate\\Http\\Request))
#34 C:\\OSPanel\\home\\guitar_prog1\\vendor\\livewire\\livewire\\src\\Features\\SupportDisablingBackButtonCache\\DisableBackButtonCacheMiddleware.php(19): Illuminate\\Pipeline\\Pipeline->Illuminate\\Pipeline\\{closure}(Object(Illuminate\\Http\\Request))
#35 C:\\OSPanel\\home\\guitar_prog1\\vendor\\laravel\\framework\\src\\Illuminate\\Pipeline\\Pipeline.php(209): Livewire\\Features\\SupportDisablingBackButtonCache\\DisableBackButtonCacheMiddleware->handle(Object(Illuminate\\Http\\Request), Object(Closure))
#36 C:\\OSPanel\\home\\guitar_prog1\\vendor\\laravel\\framework\\src\\Illuminate\\Foundation\\Http\\Middleware\\TransformsRequest.php(21): Illuminate\\Pipeline\\Pipeline->Illuminate\\Pipeline\\{closure}(Object(Illuminate\\Http\\Request))
#37 C:\\OSPanel\\home\\guitar_prog1\\vendor\\laravel\\framework\\src\\Illuminate\\Foundation\\Http\\Middleware\\ConvertEmptyStringsToNull.php(31): Illuminate\\Foundation\\Http\\Middleware\\TransformsRequest->handle(Object(Illuminate\\Http\\Request), Object(Closure))
#38 C:\\OSPanel\\home\\guitar_prog1\\vendor\\laravel\\framework\\src\\Illuminate\\Pipeline\\Pipeline.php(209): Illuminate\\Foundation\\Http\\Middleware\\ConvertEmptyStringsToNull->handle(Object(Illuminate\\Http\\Request), Object(Closure))
#39 C:\\OSPanel\\home\\guitar_prog1\\vendor\\laravel\\framework\\src\\Illuminate\\Foundation\\Http\\Middleware\\TransformsRequest.php(21): Illuminate\\Pipeline\\Pipeline->Illuminate\\Pipeline\\{closure}(Object(Illuminate\\Http\\Request))
#40 C:\\OSPanel\\home\\guitar_prog1\\vendor\\laravel\\framework\\src\\Illuminate\\Foundation\\Http\\Middleware\\TrimStrings.php(51): Illuminate\\Foundation\\Http\\Middleware\\TransformsRequest->handle(Object(Illuminate\\Http\\Request), Object(Closure))
#41 C:\\OSPanel\\home\\guitar_prog1\\vendor\\laravel\\framework\\src\\Illuminate\\Pipeline\\Pipeline.php(209): Illuminate\\Foundation\\Http\\Middleware\\TrimStrings->handle(Object(Illuminate\\Http\\Request), Object(Closure))
#42 C:\\OSPanel\\home\\guitar_prog1\\vendor\\laravel\\framework\\src\\Illuminate\\Http\\Middleware\\ValidatePostSize.php(27): Illuminate\\Pipeline\\Pipeline->Illuminate\\Pipeline\\{closure}(Object(Illuminate\\Http\\Request))
#43 C:\\OSPanel\\home\\guitar_prog1\\vendor\\laravel\\framework\\src\\Illuminate\\Pipeline\\Pipeline.php(209): Illuminate\\Http\\Middleware\\ValidatePostSize->handle(Object(Illuminate\\Http\\Request), Object(Closure))
#44 C:\\OSPanel\\home\\guitar_prog1\\vendor\\laravel\\framework\\src\\Illuminate\\Foundation\\Http\\Middleware\\PreventRequestsDuringMaintenance.php(110): Illuminate\\Pipeline\\Pipeline->Illuminate\\Pipeline\\{closure}(Object(Illuminate\\Http\\Request))
#45 C:\\OSPanel\\home\\guitar_prog1\\vendor\\laravel\\framework\\src\\Illuminate\\Pipeline\\Pipeline.php(209): Illuminate\\Foundation\\Http\\Middleware\\PreventRequestsDuringMaintenance->handle(Object(Illuminate\\Http\\Request), Object(Closure))
#46 C:\\OSPanel\\home\\guitar_prog1\\vendor\\laravel\\framework\\src\\Illuminate\\Http\\Middleware\\HandleCors.php(49): Illuminate\\Pipeline\\Pipeline->Illuminate\\Pipeline\\{closure}(Object(Illuminate\\Http\\Request))
#47 C:\\OSPanel\\home\\guitar_prog1\\vendor\\laravel\\framework\\src\\Illuminate\\Pipeline\\Pipeline.php(209): Illuminate\\Http\\Middleware\\HandleCors->handle(Object(Illuminate\\Http\\Request), Object(Closure))
#48 C:\\OSPanel\\home\\guitar_prog1\\vendor\\laravel\\framework\\src\\Illuminate\\Http\\Middleware\\TrustProxies.php(58): Illuminate\\Pipeline\\Pipeline->Illuminate\\Pipeline\\{closure}(Object(Illuminate\\Http\\Request))
#49 C:\\OSPanel\\home\\guitar_prog1\\vendor\\laravel\\framework\\src\\Illuminate\\Pipeline\\Pipeline.php(209): Illuminate\\Http\\Middleware\\TrustProxies->handle(Object(Illuminate\\Http\\Request), Object(Closure))
#50 C:\\OSPanel\\home\\guitar_prog1\\vendor\\laravel\\framework\\src\\Illuminate\\Foundation\\Http\\Middleware\\InvokeDeferredCallbacks.php(22): Illuminate\\Pipeline\\Pipeline->Illuminate\\Pipeline\\{closure}(Object(Illuminate\\Http\\Request))
#51 C:\\OSPanel\\home\\guitar_prog1\\vendor\\laravel\\framework\\src\\Illuminate\\Pipeline\\Pipeline.php(209): Illuminate\\Foundation\\Http\\Middleware\\InvokeDeferredCallbacks->handle(Object(Illuminate\\Http\\Request), Object(Closure))
#52 C:\\OSPanel\\home\\guitar_prog1\\vendor\\laravel\\framework\\src\\Illuminate\\Http\\Middleware\\ValidatePathEncoding.php(26): Illuminate\\Pipeline\\Pipeline->Illuminate\\Pipeline\\{closure}(Object(Illuminate\\Http\\Request))
#53 C:\\OSPanel\\home\\guitar_prog1\\vendor\\laravel\\framework\\src\\Illuminate\\Pipeline\\Pipeline.php(209): Illuminate\\Http\\Middleware\\ValidatePathEncoding->handle(Object(Illuminate\\Http\\Request), Object(Closure))
#54 C:\\OSPanel\\home\\guitar_prog1\\vendor\\laravel\\framework\\src\\Illuminate\\Pipeline\\Pipeline.php(127): Illuminate\\Pipeline\\Pipeline->Illuminate\\Pipeline\\{closure}(Object(Illuminate\\Http\\Request))
#55 C:\\OSPanel\\home\\guitar_prog1\\vendor\\laravel\\framework\\src\\Illuminate\\Foundation\\Http\\Kernel.php(176): Illuminate\\Pipeline\\Pipeline->then(Object(Closure))
#56 C:\\OSPanel\\home\\guitar_prog1\\vendor\\laravel\\framework\\src\\Illuminate\\Foundation\\Http\\Kernel.php(145): Illuminate\\Foundation\\Http\\Kernel->sendRequestThroughRouter(Object(Illuminate\\Http\\Request))
#57 C:\\OSPanel\\home\\guitar_prog1\\vendor\\laravel\\framework\\src\\Illuminate\\Foundation\\Application.php(1220): Illuminate\\Foundation\\Http\\Kernel->handle(Object(Illuminate\\Http\\Request))
#58 C:\\OSPanel\\home\\guitar_prog1\\public\\index.php(20): Illuminate\\Foundation\\Application->handleRequest(Object(Illuminate\\Http\\Request))
#59 C:\\OSPanel\\home\\guitar_prog1\\vendor\\laravel\\framework\\src\\Illuminate\\Foundation\\resources\\server.php(23): require_once('C:\\\\OSPanel\\\\home...')
#60 {main}

[previous exception] [object] (ErrorException(code: 0): Undefined variable $products at C:\\OSPanel\\home\\guitar_prog1\\storage\\framework\\views\\61543a1246391995a0b5f2a12db790f4.php:340)
[stacktrace]
#0 C:\\OSPanel\\home\\guitar_prog1\\vendor\\laravel\\framework\\src\\Illuminate\\Foundation\\Bootstrap\\HandleExceptions.php(256): Illuminate\\Foundation\\Bootstrap\\HandleExceptions->handleError(2, 'Undefined varia...', 'C:\\\\OSPanel\\\\home...', 340)
#1 C:\\OSPanel\\home\\guitar_prog1\\storage\\framework\\views\\61543a1246391995a0b5f2a12db790f4.php(340): Illuminate\\Foundation\\Bootstrap\\HandleExceptions->Illuminate\\Foundation\\Bootstrap\\{closure}(2, 'Undefined varia...', 'C:\\\\OSPanel\\\\home...', 340)
#2 C:\\OSPanel\\home\\guitar_prog1\\vendor\\laravel\\framework\\src\\Illuminate\\Filesystem\\Filesystem.php(123): require('C:\\\\OSPanel\\\\home...')
#3 C:\\OSPanel\\home\\guitar_prog1\\vendor\\laravel\\framework\\src\\Illuminate\\Filesystem\\Filesystem.php(124): Illuminate\\Filesystem\\Filesystem::Illuminate\\Filesystem\\{closure}()
#4 C:\\OSPanel\\home\\guitar_prog1\\vendor\\laravel\\framework\\src\\Illuminate\\View\\Engines\\PhpEngine.php(58): Illuminate\\Filesystem\\Filesystem->getRequire('C:\\\\OSPanel\\\\home...', Array)
#5 C:\\OSPanel\\home\\guitar_prog1\\vendor\\livewire\\livewire\\src\\Mechanisms\\ExtendBlade\\ExtendedCompilerEngine.php(22): Illuminate\\View\\Engines\\PhpEngine->evaluatePath('C:\\\\OSPanel\\\\home...', Array)
#6 C:\\OSPanel\\home\\guitar_prog1\\vendor\\laravel\\framework\\src\\Illuminate\\View\\Engines\\CompilerEngine.php(75): Livewire\\Mechanisms\\ExtendBlade\\ExtendedCompilerEngine->evaluatePath('C:\\\\OSPanel\\\\home...', Array)
#7 C:\\OSPanel\\home\\guitar_prog1\\vendor\\livewire\\livewire\\src\\Mechanisms\\ExtendBlade\\ExtendedCompilerEngine.php(10): Illuminate\\View\\Engines\\CompilerEngine->get('C:\\\\OSPanel\\\\home...', Array)
#8 C:\\OSPanel\\home\\guitar_prog1\\vendor\\laravel\\framework\\src\\Illuminate\\View\\View.php(209): Livewire\\Mechanisms\\ExtendBlade\\ExtendedCompilerEngine->get('C:\\\\OSPanel\\\\home...', Array)
#9 C:\\OSPanel\\home\\guitar_prog1\\vendor\\laravel\\framework\\src\\Illuminate\\View\\View.php(192): Illuminate\\View\\View->getContents()
#10 C:\\OSPanel\\home\\guitar_prog1\\vendor\\laravel\\framework\\src\\Illuminate\\View\\View.php(161): Illuminate\\View\\View->renderContents()
#11 C:\\OSPanel\\home\\guitar_prog1\\vendor\\laravel\\framework\\src\\Illuminate\\Http\\Response.php(79): Illuminate\\View\\View->render()
#12 C:\\OSPanel\\home\\guitar_prog1\\vendor\\laravel\\framework\\src\\Illuminate\\Http\\Response.php(35): Illuminate\\Http\\Response->setContent(Object(Illuminate\\View\\View))
#13 C:\\OSPanel\\home\\guitar_prog1\\vendor\\laravel\\framework\\src\\Illuminate\\Routing\\Router.php(920): Illuminate\\Http\\Response->__construct(Object(Illuminate\\View\\View), 200, Array)
#14 C:\\OSPanel\\home\\guitar_prog1\\vendor\\laravel\\framework\\src\\Illuminate\\Routing\\Router.php(887): Illuminate\\Routing\\Router::toResponse(Object(Illuminate\\Http\\Request), Object(Illuminate\\View\\View))
#15 C:\\OSPanel\\home\\guitar_prog1\\vendor\\laravel\\framework\\src\\Illuminate\\Routing\\Router.php(807): Illuminate\\Routing\\Router->prepareResponse(Object(Illuminate\\Http\\Request), Object(Illuminate\\View\\View))
#16 C:\\OSPanel\\home\\guitar_prog1\\vendor\\laravel\\framework\\src\\Illuminate\\Pipeline\\Pipeline.php(170): Illuminate\\Routing\\Router->Illuminate\\Routing\\{closure}(Object(Illuminate\\Http\\Request))
#17 C:\\OSPanel\\home\\guitar_prog1\\vendor\\laravel\\framework\\src\\Illuminate\\Routing\\Middleware\\SubstituteBindings.php(51): Illuminate\\Pipeline\\Pipeline->Illuminate\\Pipeline\\{closure}(Object(Illuminate\\Http\\Request))
#18 C:\\OSPanel\\home\\guitar_prog1\\vendor\\laravel\\framework\\src\\Illuminate\\Pipeline\\Pipeline.php(209): Illuminate\\Routing\\Middleware\\SubstituteBindings->handle(Object(Illuminate\\Http\\Request), Object(Closure))
#19 C:\\OSPanel\\home\\guitar_prog1\\vendor\\laravel\\framework\\src\\Illuminate\\Foundation\\Http\\Middleware\\VerifyCsrfToken.php(88): Illuminate\\Pipeline\\Pipeline->Illuminate\\Pipeline\\{closure}(Object(Illuminate\\Http\\Request))
#20 C:\\OSPanel\\home\\guitar_prog1\\vendor\\laravel\\framework\\src\\Illuminate\\Pipeline\\Pipeline.php(209): Illuminate\\Foundation\\Http\\Middleware\\VerifyCsrfToken->handle(Object(Illuminate\\Http\\Request), Object(Closure))
#21 C:\\OSPanel\\home\\guitar_prog1\\vendor\\laravel\\framework\\src\\Illuminate\\View\\Middleware\\ShareErrorsFromSession.php(49): Illuminate\\Pipeline\\Pipeline->Illuminate\\Pipeline\\{closure}(Object(Illuminate\\Http\\Request))
#22 C:\\OSPanel\\home\\guitar_prog1\\vendor\\laravel\\framework\\src\\Illuminate\\Pipeline\\Pipeline.php(209): Illuminate\\View\\Middleware\\ShareErrorsFromSession->handle(Object(Illuminate\\Http\\Request), Object(Closure))
#23 C:\\OSPanel\\home\\guitar_prog1\\vendor\\laravel\\framework\\src\\Illuminate\\Session\\Middleware\\StartSession.php(121): Illuminate\\Pipeline\\Pipeline->Illuminate\\Pipeline\\{closure}(Object(Illuminate\\Http\\Request))
#24 C:\\OSPanel\\home\\guitar_prog1\\vendor\\laravel\\framework\\src\\Illuminate\\Session\\Middleware\\StartSession.php(64): Illuminate\\Session\\Middleware\\StartSession->handleStatefulRequest(Object(Illuminate\\Http\\Request), Object(Illuminate\\Session\\Store), Object(Closure))
#25 C:\\OSPanel\\home\\guitar_prog1\\vendor\\laravel\\framework\\src\\Illuminate\\Pipeline\\Pipeline.php(209): Illuminate\\Session\\Middleware\\StartSession->handle(Object(Illuminate\\Http\\Request), Object(Closure))
#26 C:\\OSPanel\\home\\guitar_prog1\\vendor\\laravel\\framework\\src\\Illuminate\\Cookie\\Middleware\\AddQueuedCookiesToResponse.php(37): Illuminate\\Pipeline\\Pipeline->Illuminate\\Pipeline\\{closure}(Object(Illuminate\\Http\\Request))
#27 C:\\OSPanel\\home\\guitar_prog1\\vendor\\laravel\\framework\\src\\Illuminate\\Pipeline\\Pipeline.php(209): Illuminate\\Cookie\\Middleware\\AddQueuedCookiesToResponse->handle(Object(Illuminate\\Http\\Request), Object(Closure))
#28 C:\\OSPanel\\home\\guitar_prog1\\vendor\\laravel\\framework\\src\\Illuminate\\Cookie\\Middleware\\EncryptCookies.php(75): Illuminate\\Pipeline\\Pipeline->Illuminate\\Pipeline\\{closure}(Object(Illuminate\\Http\\Request))
#29 C:\\OSPanel\\home\\guitar_prog1\\vendor\\laravel\\framework\\src\\Illuminate\\Pipeline\\Pipeline.php(209): Illuminate\\Cookie\\Middleware\\EncryptCookies->handle(Object(Illuminate\\Http\\Request), Object(Closure))
#30 C:\\OSPanel\\home\\guitar_prog1\\vendor\\laravel\\framework\\src\\Illuminate\\Pipeline\\Pipeline.php(127): Illuminate\\Pipeline\\Pipeline->Illuminate\\Pipeline\\{closure}(Object(Illuminate\\Http\\Request))
#31 C:\\OSPanel\\home\\guitar_prog1\\vendor\\laravel\\framework\\src\\Illuminate\\Routing\\Router.php(807): Illuminate\\Pipeline\\Pipeline->then(Object(Closure))
#32 C:\\OSPanel\\home\\guitar_prog1\\vendor\\laravel\\framework\\src\\Illuminate\\Routing\\Router.php(786): Illuminate\\Routing\\Router->runRouteWithinStack(Object(Illuminate\\Routing\\Route), Object(Illuminate\\Http\\Request))
#33 C:\\OSPanel\\home\\guitar_prog1\\vendor\\laravel\\framework\\src\\Illuminate\\Routing\\Router.php(750): Illuminate\\Routing\\Router->runRoute(Object(Illuminate\\Http\\Request), Object(Illuminate\\Routing\\Route))
#34 C:\\OSPanel\\home\\guitar_prog1\\vendor\\laravel\\framework\\src\\Illuminate\\Routing\\Router.php(739): Illuminate\\Routing\\Router->dispatchToRoute(Object(Illuminate\\Http\\Request))
#35 C:\\OSPanel\\home\\guitar_prog1\\vendor\\laravel\\framework\\src\\Illuminate\\Foundation\\Http\\Kernel.php(201): Illuminate\\Routing\\Router->dispatch(Object(Illuminate\\Http\\Request))
#36 C:\\OSPanel\\home\\guitar_prog1\\vendor\\laravel\\framework\\src\\Illuminate\\Pipeline\\Pipeline.php(170): Illuminate\\Foundation\\Http\\Kernel->Illuminate\\Foundation\\Http\\{closure}(Object(Illuminate\\Http\\Request))
#37 C:\\OSPanel\\home\\guitar_prog1\\vendor\\livewire\\livewire\\src\\Features\\SupportDisablingBackButtonCache\\DisableBackButtonCacheMiddleware.php(19): Illuminate\\Pipeline\\Pipeline->Illuminate\\Pipeline\\{closure}(Object(Illuminate\\Http\\Request))
#38 C:\\OSPanel\\home\\guitar_prog1\\vendor\\laravel\\framework\\src\\Illuminate\\Pipeline\\Pipeline.php(209): Livewire\\Features\\SupportDisablingBackButtonCache\\DisableBackButtonCacheMiddleware->handle(Object(Illuminate\\Http\\Request), Object(Closure))
#39 C:\\OSPanel\\home\\guitar_prog1\\vendor\\laravel\\framework\\src\\Illuminate\\Foundation\\Http\\Middleware\\TransformsRequest.php(21): Illuminate\\Pipeline\\Pipeline->Illuminate\\Pipeline\\{closure}(Object(Illuminate\\Http\\Request))
#40 C:\\OSPanel\\home\\guitar_prog1\\vendor\\laravel\\framework\\src\\Illuminate\\Foundation\\Http\\Middleware\\ConvertEmptyStringsToNull.php(31): Illuminate\\Foundation\\Http\\Middleware\\TransformsRequest->handle(Object(Illuminate\\Http\\Request), Object(Closure))
#41 C:\\OSPanel\\home\\guitar_prog1\\vendor\\laravel\\framework\\src\\Illuminate\\Pipeline\\Pipeline.php(209): Illuminate\\Foundation\\Http\\Middleware\\ConvertEmptyStringsToNull->handle(Object(Illuminate\\Http\\Request), Object(Closure))
#42 C:\\OSPanel\\home\\guitar_prog1\\vendor\\laravel\\framework\\src\\Illuminate\\Foundation\\Http\\Middleware\\TransformsRequest.php(21): Illuminate\\Pipeline\\Pipeline->Illuminate\\Pipeline\\{closure}(Object(Illuminate\\Http\\Request))
#43 C:\\OSPanel\\home\\guitar_prog1\\vendor\\laravel\\framework\\src\\Illuminate\\Foundation\\Http\\Middleware\\TrimStrings.php(51): Illuminate\\Foundation\\Http\\Middleware\\TransformsRequest->handle(Object(Illuminate\\Http\\Request), Object(Closure))
#44 C:\\OSPanel\\home\\guitar_prog1\\vendor\\laravel\\framework\\src\\Illuminate\\Pipeline\\Pipeline.php(209): Illuminate\\Foundation\\Http\\Middleware\\TrimStrings->handle(Object(Illuminate\\Http\\Request), Object(Closure))
#45 C:\\OSPanel\\home\\guitar_prog1\\vendor\\laravel\\framework\\src\\Illuminate\\Http\\Middleware\\ValidatePostSize.php(27): Illuminate\\Pipeline\\Pipeline->Illuminate\\Pipeline\\{closure}(Object(Illuminate\\Http\\Request))
#46 C:\\OSPanel\\home\\guitar_prog1\\vendor\\laravel\\framework\\src\\Illuminate\\Pipeline\\Pipeline.php(209): Illuminate\\Http\\Middleware\\ValidatePostSize->handle(Object(Illuminate\\Http\\Request), Object(Closure))
#47 C:\\OSPanel\\home\\guitar_prog1\\vendor\\laravel\\framework\\src\\Illuminate\\Foundation\\Http\\Middleware\\PreventRequestsDuringMaintenance.php(110): Illuminate\\Pipeline\\Pipeline->Illuminate\\Pipeline\\{closure}(Object(Illuminate\\Http\\Request))
#48 C:\\OSPanel\\home\\guitar_prog1\\vendor\\laravel\\framework\\src\\Illuminate\\Pipeline\\Pipeline.php(209): Illuminate\\Foundation\\Http\\Middleware\\PreventRequestsDuringMaintenance->handle(Object(Illuminate\\Http\\Request), Object(Closure))
#49 C:\\OSPanel\\home\\guitar_prog1\\vendor\\laravel\\framework\\src\\Illuminate\\Http\\Middleware\\HandleCors.php(49): Illuminate\\Pipeline\\Pipeline->Illuminate\\Pipeline\\{closure}(Object(Illuminate\\Http\\Request))
#50 C:\\OSPanel\\home\\guitar_prog1\\vendor\\laravel\\framework\\src\\Illuminate\\Pipeline\\Pipeline.php(209): Illuminate\\Http\\Middleware\\HandleCors->handle(Object(Illuminate\\Http\\Request), Object(Closure))
#51 C:\\OSPanel\\home\\guitar_prog1\\vendor\\laravel\\framework\\src\\Illuminate\\Http\\Middleware\\TrustProxies.php(58): Illuminate\\Pipeline\\Pipeline->Illuminate\\Pipeline\\{closure}(Object(Illuminate\\Http\\Request))
#52 C:\\OSPanel\\home\\guitar_prog1\\vendor\\laravel\\framework\\src\\Illuminate\\Pipeline\\Pipeline.php(209): Illuminate\\Http\\Middleware\\TrustProxies->handle(Object(Illuminate\\Http\\Request), Object(Closure))
#53 C:\\OSPanel\\home\\guitar_prog1\\vendor\\laravel\\framework\\src\\Illuminate\\Foundation\\Http\\Middleware\\InvokeDeferredCallbacks.php(22): Illuminate\\Pipeline\\Pipeline->Illuminate\\Pipeline\\{closure}(Object(Illuminate\\Http\\Request))
#54 C:\\OSPanel\\home\\guitar_prog1\\vendor\\laravel\\framework\\src\\Illuminate\\Pipeline\\Pipeline.php(209): Illuminate\\Foundation\\Http\\Middleware\\InvokeDeferredCallbacks->handle(Object(Illuminate\\Http\\Request), Object(Closure))
#55 C:\\OSPanel\\home\\guitar_prog1\\vendor\\laravel\\framework\\src\\Illuminate\\Http\\Middleware\\ValidatePathEncoding.php(26): Illuminate\\Pipeline\\Pipeline->Illuminate\\Pipeline\\{closure}(Object(Illuminate\\Http\\Request))
#56 C:\\OSPanel\\home\\guitar_prog1\\vendor\\laravel\\framework\\src\\Illuminate\\Pipeline\\Pipeline.php(209): Illuminate\\Http\\Middleware\\ValidatePathEncoding->handle(Object(Illuminate\\Http\\Request), Object(Closure))
#57 C:\\OSPanel\\home\\guitar_prog1\\vendor\\laravel\\framework\\src\\Illuminate\\Pipeline\\Pipeline.php(127): Illuminate\\Pipeline\\Pipeline->Illuminate\\Pipeline\\{closure}(Object(Illuminate\\Http\\Request))
#58 C:\\OSPanel\\home\\guitar_prog1\\vendor\\laravel\\framework\\src\\Illuminate\\Foundation\\Http\\Kernel.php(176): Illuminate\\Pipeline\\Pipeline->then(Object(Closure))
#59 C:\\OSPanel\\home\\guitar_prog1\\vendor\\laravel\\framework\\src\\Illuminate\\Foundation\\Http\\Kernel.php(145): Illuminate\\Foundation\\Http\\Kernel->sendRequestThroughRouter(Object(Illuminate\\Http\\Request))
#60 C:\\OSPanel\\home\\guitar_prog1\\vendor\\laravel\\framework\\src\\Illuminate\\Foundation\\Application.php(1220): Illuminate\\Foundation\\Http\\Kernel->handle(Object(Illuminate\\Http\\Request))
#61 C:\\OSPanel\\home\\guitar_prog1\\public\\index.php(20): Illuminate\\Foundation\\Application->handleRequest(Object(Illuminate\\Http\\Request))
#62 C:\\OSPanel\\home\\guitar_prog1\\vendor\\laravel\\framework\\src\\Illuminate\\Foundation\\resources\\server.php(23): require_once('C:\\\\OSPanel\\\\home...')
#63 {main}
"} 
[2025-05-02 01:17:45] local.ERROR: Route [brand.show] not defined. (View: C:\OSPanel\home\guitar_prog1\resources\views\welcome.blade.php) {"userId":4,"exception":"[object] (Illuminate\\View\\ViewException(code: 0): Route [brand.show] not defined. (View: C:\\OSPanel\\home\\guitar_prog1\\resources\\views\\welcome.blade.php) at C:\\OSPanel\\home\\guitar_prog1\\vendor\\laravel\\framework\\src\\Illuminate\\Routing\\UrlGenerator.php:527)
[stacktrace]
#0 C:\\OSPanel\\home\\guitar_prog1\\vendor\\livewire\\livewire\\src\\Mechanisms\\ExtendBlade\\ExtendedCompilerEngine.php(58): Illuminate\\View\\Engines\\CompilerEngine->handleViewException(Object(Symfony\\Component\\Routing\\Exception\\RouteNotFoundException), 1)
#1 C:\\OSPanel\\home\\guitar_prog1\\vendor\\laravel\\framework\\src\\Illuminate\\View\\Engines\\PhpEngine.php(60): Livewire\\Mechanisms\\ExtendBlade\\ExtendedCompilerEngine->handleViewException(Object(Symfony\\Component\\Routing\\Exception\\RouteNotFoundException), 1)
#2 C:\\OSPanel\\home\\guitar_prog1\\vendor\\livewire\\livewire\\src\\Mechanisms\\ExtendBlade\\ExtendedCompilerEngine.php(22): Illuminate\\View\\Engines\\PhpEngine->evaluatePath('C:\\\\OSPanel\\\\home...', Array)
#3 C:\\OSPanel\\home\\guitar_prog1\\vendor\\laravel\\framework\\src\\Illuminate\\View\\Engines\\CompilerEngine.php(75): Livewire\\Mechanisms\\ExtendBlade\\ExtendedCompilerEngine->evaluatePath('C:\\\\OSPanel\\\\home...', Array)
#4 C:\\OSPanel\\home\\guitar_prog1\\vendor\\livewire\\livewire\\src\\Mechanisms\\ExtendBlade\\ExtendedCompilerEngine.php(10): Illuminate\\View\\Engines\\CompilerEngine->get('C:\\\\OSPanel\\\\home...', Array)
#5 C:\\OSPanel\\home\\guitar_prog1\\vendor\\laravel\\framework\\src\\Illuminate\\View\\View.php(209): Livewire\\Mechanisms\\ExtendBlade\\ExtendedCompilerEngine->get('C:\\\\OSPanel\\\\home...', Array)
#6 C:\\OSPanel\\home\\guitar_prog1\\vendor\\laravel\\framework\\src\\Illuminate\\View\\View.php(192): Illuminate\\View\\View->getContents()
#7 C:\\OSPanel\\home\\guitar_prog1\\vendor\\laravel\\framework\\src\\Illuminate\\View\\View.php(161): Illuminate\\View\\View->renderContents()
#8 C:\\OSPanel\\home\\guitar_prog1\\vendor\\laravel\\framework\\src\\Illuminate\\Http\\Response.php(79): Illuminate\\View\\View->render()
#9 C:\\OSPanel\\home\\guitar_prog1\\vendor\\laravel\\framework\\src\\Illuminate\\Http\\Response.php(35): Illuminate\\Http\\Response->setContent(Object(Illuminate\\View\\View))
#10 C:\\OSPanel\\home\\guitar_prog1\\vendor\\laravel\\framework\\src\\Illuminate\\Routing\\Router.php(920): Illuminate\\Http\\Response->__construct(Object(Illuminate\\View\\View), 200, Array)
#11 C:\\OSPanel\\home\\guitar_prog1\\vendor\\laravel\\framework\\src\\Illuminate\\Routing\\Router.php(887): Illuminate\\Routing\\Router::toResponse(Object(Illuminate\\Http\\Request), Object(Illuminate\\View\\View))
#12 C:\\OSPanel\\home\\guitar_prog1\\vendor\\laravel\\framework\\src\\Illuminate\\Routing\\Router.php(807): Illuminate\\Routing\\Router->prepareResponse(Object(Illuminate\\Http\\Request), Object(Illuminate\\View\\View))
#13 C:\\OSPanel\\home\\guitar_prog1\\vendor\\laravel\\framework\\src\\Illuminate\\Pipeline\\Pipeline.php(170): Illuminate\\Routing\\Router->Illuminate\\Routing\\{closure}(Object(Illuminate\\Http\\Request))
#14 C:\\OSPanel\\home\\guitar_prog1\\vendor\\laravel\\framework\\src\\Illuminate\\Routing\\Middleware\\SubstituteBindings.php(51): Illuminate\\Pipeline\\Pipeline->Illuminate\\Pipeline\\{closure}(Object(Illuminate\\Http\\Request))
#15 C:\\OSPanel\\home\\guitar_prog1\\vendor\\laravel\\framework\\src\\Illuminate\\Pipeline\\Pipeline.php(209): Illuminate\\Routing\\Middleware\\SubstituteBindings->handle(Object(Illuminate\\Http\\Request), Object(Closure))
#16 C:\\OSPanel\\home\\guitar_prog1\\vendor\\laravel\\framework\\src\\Illuminate\\Foundation\\Http\\Middleware\\VerifyCsrfToken.php(88): Illuminate\\Pipeline\\Pipeline->Illuminate\\Pipeline\\{closure}(Object(Illuminate\\Http\\Request))
#17 C:\\OSPanel\\home\\guitar_prog1\\vendor\\laravel\\framework\\src\\Illuminate\\Pipeline\\Pipeline.php(209): Illuminate\\Foundation\\Http\\Middleware\\VerifyCsrfToken->handle(Object(Illuminate\\Http\\Request), Object(Closure))
#18 C:\\OSPanel\\home\\guitar_prog1\\vendor\\laravel\\framework\\src\\Illuminate\\View\\Middleware\\ShareErrorsFromSession.php(49): Illuminate\\Pipeline\\Pipeline->Illuminate\\Pipeline\\{closure}(Object(Illuminate\\Http\\Request))
#19 C:\\OSPanel\\home\\guitar_prog1\\vendor\\laravel\\framework\\src\\Illuminate\\Pipeline\\Pipeline.php(209): Illuminate\\View\\Middleware\\ShareErrorsFromSession->handle(Object(Illuminate\\Http\\Request), Object(Closure))
#20 C:\\OSPanel\\home\\guitar_prog1\\vendor\\laravel\\framework\\src\\Illuminate\\Session\\Middleware\\StartSession.php(121): Illuminate\\Pipeline\\Pipeline->Illuminate\\Pipeline\\{closure}(Object(Illuminate\\Http\\Request))
#21 C:\\OSPanel\\home\\guitar_prog1\\vendor\\laravel\\framework\\src\\Illuminate\\Session\\Middleware\\StartSession.php(64): Illuminate\\Session\\Middleware\\StartSession->handleStatefulRequest(Object(Illuminate\\Http\\Request), Object(Illuminate\\Session\\Store), Object(Closure))
#22 C:\\OSPanel\\home\\guitar_prog1\\vendor\\laravel\\framework\\src\\Illuminate\\Pipeline\\Pipeline.php(209): Illuminate\\Session\\Middleware\\StartSession->handle(Object(Illuminate\\Http\\Request), Object(Closure))
#23 C:\\OSPanel\\home\\guitar_prog1\\vendor\\laravel\\framework\\src\\Illuminate\\Cookie\\Middleware\\AddQueuedCookiesToResponse.php(37): Illuminate\\Pipeline\\Pipeline->Illuminate\\Pipeline\\{closure}(Object(Illuminate\\Http\\Request))
#24 C:\\OSPanel\\home\\guitar_prog1\\vendor\\laravel\\framework\\src\\Illuminate\\Pipeline\\Pipeline.php(209): Illuminate\\Cookie\\Middleware\\AddQueuedCookiesToResponse->handle(Object(Illuminate\\Http\\Request), Object(Closure))
#25 C:\\OSPanel\\home\\guitar_prog1\\vendor\\laravel\\framework\\src\\Illuminate\\Cookie\\Middleware\\EncryptCookies.php(75): Illuminate\\Pipeline\\Pipeline->Illuminate\\Pipeline\\{closure}(Object(Illuminate\\Http\\Request))
#26 C:\\OSPanel\\home\\guitar_prog1\\vendor\\laravel\\framework\\src\\Illuminate\\Pipeline\\Pipeline.php(209): Illuminate\\Cookie\\Middleware\\EncryptCookies->handle(Object(Illuminate\\Http\\Request), Object(Closure))
#27 C:\\OSPanel\\home\\guitar_prog1\\vendor\\laravel\\framework\\src\\Illuminate\\Pipeline\\Pipeline.php(127): Illuminate\\Pipeline\\Pipeline->Illuminate\\Pipeline\\{closure}(Object(Illuminate\\Http\\Request))
#28 C:\\OSPanel\\home\\guitar_prog1\\vendor\\laravel\\framework\\src\\Illuminate\\Routing\\Router.php(807): Illuminate\\Pipeline\\Pipeline->then(Object(Closure))
#29 C:\\OSPanel\\home\\guitar_prog1\\vendor\\laravel\\framework\\src\\Illuminate\\Routing\\Router.php(786): Illuminate\\Routing\\Router->runRouteWithinStack(Object(Illuminate\\Routing\\Route), Object(Illuminate\\Http\\Request))
#30 C:\\OSPanel\\home\\guitar_prog1\\vendor\\laravel\\framework\\src\\Illuminate\\Routing\\Router.php(750): Illuminate\\Routing\\Router->runRoute(Object(Illuminate\\Http\\Request), Object(Illuminate\\Routing\\Route))
#31 C:\\OSPanel\\home\\guitar_prog1\\vendor\\laravel\\framework\\src\\Illuminate\\Routing\\Router.php(739): Illuminate\\Routing\\Router->dispatchToRoute(Object(Illuminate\\Http\\Request))
#32 C:\\OSPanel\\home\\guitar_prog1\\vendor\\laravel\\framework\\src\\Illuminate\\Foundation\\Http\\Kernel.php(201): Illuminate\\Routing\\Router->dispatch(Object(Illuminate\\Http\\Request))
#33 C:\\OSPanel\\home\\guitar_prog1\\vendor\\laravel\\framework\\src\\Illuminate\\Pipeline\\Pipeline.php(170): Illuminate\\Foundation\\Http\\Kernel->Illuminate\\Foundation\\Http\\{closure}(Object(Illuminate\\Http\\Request))
#34 C:\\OSPanel\\home\\guitar_prog1\\vendor\\livewire\\livewire\\src\\Features\\SupportDisablingBackButtonCache\\DisableBackButtonCacheMiddleware.php(19): Illuminate\\Pipeline\\Pipeline->Illuminate\\Pipeline\\{closure}(Object(Illuminate\\Http\\Request))
#35 C:\\OSPanel\\home\\guitar_prog1\\vendor\\laravel\\framework\\src\\Illuminate\\Pipeline\\Pipeline.php(209): Livewire\\Features\\SupportDisablingBackButtonCache\\DisableBackButtonCacheMiddleware->handle(Object(Illuminate\\Http\\Request), Object(Closure))
#36 C:\\OSPanel\\home\\guitar_prog1\\vendor\\laravel\\framework\\src\\Illuminate\\Foundation\\Http\\Middleware\\TransformsRequest.php(21): Illuminate\\Pipeline\\Pipeline->Illuminate\\Pipeline\\{closure}(Object(Illuminate\\Http\\Request))
#37 C:\\OSPanel\\home\\guitar_prog1\\vendor\\laravel\\framework\\src\\Illuminate\\Foundation\\Http\\Middleware\\ConvertEmptyStringsToNull.php(31): Illuminate\\Foundation\\Http\\Middleware\\TransformsRequest->handle(Object(Illuminate\\Http\\Request), Object(Closure))
#38 C:\\OSPanel\\home\\guitar_prog1\\vendor\\laravel\\framework\\src\\Illuminate\\Pipeline\\Pipeline.php(209): Illuminate\\Foundation\\Http\\Middleware\\ConvertEmptyStringsToNull->handle(Object(Illuminate\\Http\\Request), Object(Closure))
#39 C:\\OSPanel\\home\\guitar_prog1\\vendor\\laravel\\framework\\src\\Illuminate\\Foundation\\Http\\Middleware\\TransformsRequest.php(21): Illuminate\\Pipeline\\Pipeline->Illuminate\\Pipeline\\{closure}(Object(Illuminate\\Http\\Request))
#40 C:\\OSPanel\\home\\guitar_prog1\\vendor\\laravel\\framework\\src\\Illuminate\\Foundation\\Http\\Middleware\\TrimStrings.php(51): Illuminate\\Foundation\\Http\\Middleware\\TransformsRequest->handle(Object(Illuminate\\Http\\Request), Object(Closure))
#41 C:\\OSPanel\\home\\guitar_prog1\\vendor\\laravel\\framework\\src\\Illuminate\\Pipeline\\Pipeline.php(209): Illuminate\\Foundation\\Http\\Middleware\\TrimStrings->handle(Object(Illuminate\\Http\\Request), Object(Closure))
#42 C:\\OSPanel\\home\\guitar_prog1\\vendor\\laravel\\framework\\src\\Illuminate\\Http\\Middleware\\ValidatePostSize.php(27): Illuminate\\Pipeline\\Pipeline->Illuminate\\Pipeline\\{closure}(Object(Illuminate\\Http\\Request))
#43 C:\\OSPanel\\home\\guitar_prog1\\vendor\\laravel\\framework\\src\\Illuminate\\Pipeline\\Pipeline.php(209): Illuminate\\Http\\Middleware\\ValidatePostSize->handle(Object(Illuminate\\Http\\Request), Object(Closure))
#44 C:\\OSPanel\\home\\guitar_prog1\\vendor\\laravel\\framework\\src\\Illuminate\\Foundation\\Http\\Middleware\\PreventRequestsDuringMaintenance.php(110): Illuminate\\Pipeline\\Pipeline->Illuminate\\Pipeline\\{closure}(Object(Illuminate\\Http\\Request))
#45 C:\\OSPanel\\home\\guitar_prog1\\vendor\\laravel\\framework\\src\\Illuminate\\Pipeline\\Pipeline.php(209): Illuminate\\Foundation\\Http\\Middleware\\PreventRequestsDuringMaintenance->handle(Object(Illuminate\\Http\\Request), Object(Closure))
#46 C:\\OSPanel\\home\\guitar_prog1\\vendor\\laravel\\framework\\src\\Illuminate\\Http\\Middleware\\HandleCors.php(49): Illuminate\\Pipeline\\Pipeline->Illuminate\\Pipeline\\{closure}(Object(Illuminate\\Http\\Request))
#47 C:\\OSPanel\\home\\guitar_prog1\\vendor\\laravel\\framework\\src\\Illuminate\\Pipeline\\Pipeline.php(209): Illuminate\\Http\\Middleware\\HandleCors->handle(Object(Illuminate\\Http\\Request), Object(Closure))
#48 C:\\OSPanel\\home\\guitar_prog1\\vendor\\laravel\\framework\\src\\Illuminate\\Http\\Middleware\\TrustProxies.php(58): Illuminate\\Pipeline\\Pipeline->Illuminate\\Pipeline\\{closure}(Object(Illuminate\\Http\\Request))
#49 C:\\OSPanel\\home\\guitar_prog1\\vendor\\laravel\\framework\\src\\Illuminate\\Pipeline\\Pipeline.php(209): Illuminate\\Http\\Middleware\\TrustProxies->handle(Object(Illuminate\\Http\\Request), Object(Closure))
#50 C:\\OSPanel\\home\\guitar_prog1\\vendor\\laravel\\framework\\src\\Illuminate\\Foundation\\Http\\Middleware\\InvokeDeferredCallbacks.php(22): Illuminate\\Pipeline\\Pipeline->Illuminate\\Pipeline\\{closure}(Object(Illuminate\\Http\\Request))
#51 C:\\OSPanel\\home\\guitar_prog1\\vendor\\laravel\\framework\\src\\Illuminate\\Pipeline\\Pipeline.php(209): Illuminate\\Foundation\\Http\\Middleware\\InvokeDeferredCallbacks->handle(Object(Illuminate\\Http\\Request), Object(Closure))
#52 C:\\OSPanel\\home\\guitar_prog1\\vendor\\laravel\\framework\\src\\Illuminate\\Http\\Middleware\\ValidatePathEncoding.php(26): Illuminate\\Pipeline\\Pipeline->Illuminate\\Pipeline\\{closure}(Object(Illuminate\\Http\\Request))
#53 C:\\OSPanel\\home\\guitar_prog1\\vendor\\laravel\\framework\\src\\Illuminate\\Pipeline\\Pipeline.php(209): Illuminate\\Http\\Middleware\\ValidatePathEncoding->handle(Object(Illuminate\\Http\\Request), Object(Closure))
#54 C:\\OSPanel\\home\\guitar_prog1\\vendor\\laravel\\framework\\src\\Illuminate\\Pipeline\\Pipeline.php(127): Illuminate\\Pipeline\\Pipeline->Illuminate\\Pipeline\\{closure}(Object(Illuminate\\Http\\Request))
#55 C:\\OSPanel\\home\\guitar_prog1\\vendor\\laravel\\framework\\src\\Illuminate\\Foundation\\Http\\Kernel.php(176): Illuminate\\Pipeline\\Pipeline->then(Object(Closure))
#56 C:\\OSPanel\\home\\guitar_prog1\\vendor\\laravel\\framework\\src\\Illuminate\\Foundation\\Http\\Kernel.php(145): Illuminate\\Foundation\\Http\\Kernel->sendRequestThroughRouter(Object(Illuminate\\Http\\Request))
#57 C:\\OSPanel\\home\\guitar_prog1\\vendor\\laravel\\framework\\src\\Illuminate\\Foundation\\Application.php(1220): Illuminate\\Foundation\\Http\\Kernel->handle(Object(Illuminate\\Http\\Request))
#58 C:\\OSPanel\\home\\guitar_prog1\\public\\index.php(20): Illuminate\\Foundation\\Application->handleRequest(Object(Illuminate\\Http\\Request))
#59 C:\\OSPanel\\home\\guitar_prog1\\vendor\\laravel\\framework\\src\\Illuminate\\Foundation\\resources\\server.php(23): require_once('C:\\\\OSPanel\\\\home...')
#60 {main}

[previous exception] [object] (Symfony\\Component\\Routing\\Exception\\RouteNotFoundException(code: 0): Route [brand.show] not defined. at C:\\OSPanel\\home\\guitar_prog1\\vendor\\laravel\\framework\\src\\Illuminate\\Routing\\UrlGenerator.php:527)
[stacktrace]
#0 C:\\OSPanel\\home\\guitar_prog1\\vendor\\laravel\\framework\\src\\Illuminate\\Foundation\\helpers.php(853): Illuminate\\Routing\\UrlGenerator->route('brand.show', Object(App\\Models\\Brand), true)
#1 C:\\OSPanel\\home\\guitar_prog1\\storage\\framework\\views\\61543a1246391995a0b5f2a12db790f4.php(362): route('brand.show', Object(App\\Models\\Brand))
#2 C:\\OSPanel\\home\\guitar_prog1\\vendor\\laravel\\framework\\src\\Illuminate\\Filesystem\\Filesystem.php(123): require('C:\\\\OSPanel\\\\home...')
#3 C:\\OSPanel\\home\\guitar_prog1\\vendor\\laravel\\framework\\src\\Illuminate\\Filesystem\\Filesystem.php(124): Illuminate\\Filesystem\\Filesystem::Illuminate\\Filesystem\\{closure}()
#4 C:\\OSPanel\\home\\guitar_prog1\\vendor\\laravel\\framework\\src\\Illuminate\\View\\Engines\\PhpEngine.php(58): Illuminate\\Filesystem\\Filesystem->getRequire('C:\\\\OSPanel\\\\home...', Array)
#5 C:\\OSPanel\\home\\guitar_prog1\\vendor\\livewire\\livewire\\src\\Mechanisms\\ExtendBlade\\ExtendedCompilerEngine.php(22): Illuminate\\View\\Engines\\PhpEngine->evaluatePath('C:\\\\OSPanel\\\\home...', Array)
#6 C:\\OSPanel\\home\\guitar_prog1\\vendor\\laravel\\framework\\src\\Illuminate\\View\\Engines\\CompilerEngine.php(75): Livewire\\Mechanisms\\ExtendBlade\\ExtendedCompilerEngine->evaluatePath('C:\\\\OSPanel\\\\home...', Array)
#7 C:\\OSPanel\\home\\guitar_prog1\\vendor\\livewire\\livewire\\src\\Mechanisms\\ExtendBlade\\ExtendedCompilerEngine.php(10): Illuminate\\View\\Engines\\CompilerEngine->get('C:\\\\OSPanel\\\\home...', Array)
#8 C:\\OSPanel\\home\\guitar_prog1\\vendor\\laravel\\framework\\src\\Illuminate\\View\\View.php(209): Livewire\\Mechanisms\\ExtendBlade\\ExtendedCompilerEngine->get('C:\\\\OSPanel\\\\home...', Array)
#9 C:\\OSPanel\\home\\guitar_prog1\\vendor\\laravel\\framework\\src\\Illuminate\\View\\View.php(192): Illuminate\\View\\View->getContents()
#10 C:\\OSPanel\\home\\guitar_prog1\\vendor\\laravel\\framework\\src\\Illuminate\\View\\View.php(161): Illuminate\\View\\View->renderContents()
#11 C:\\OSPanel\\home\\guitar_prog1\\vendor\\laravel\\framework\\src\\Illuminate\\Http\\Response.php(79): Illuminate\\View\\View->render()
#12 C:\\OSPanel\\home\\guitar_prog1\\vendor\\laravel\\framework\\src\\Illuminate\\Http\\Response.php(35): Illuminate\\Http\\Response->setContent(Object(Illuminate\\View\\View))
#13 C:\\OSPanel\\home\\guitar_prog1\\vendor\\laravel\\framework\\src\\Illuminate\\Routing\\Router.php(920): Illuminate\\Http\\Response->__construct(Object(Illuminate\\View\\View), 200, Array)
#14 C:\\OSPanel\\home\\guitar_prog1\\vendor\\laravel\\framework\\src\\Illuminate\\Routing\\Router.php(887): Illuminate\\Routing\\Router::toResponse(Object(Illuminate\\Http\\Request), Object(Illuminate\\View\\View))
#15 C:\\OSPanel\\home\\guitar_prog1\\vendor\\laravel\\framework\\src\\Illuminate\\Routing\\Router.php(807): Illuminate\\Routing\\Router->prepareResponse(Object(Illuminate\\Http\\Request), Object(Illuminate\\View\\View))
#16 C:\\OSPanel\\home\\guitar_prog1\\vendor\\laravel\\framework\\src\\Illuminate\\Pipeline\\Pipeline.php(170): Illuminate\\Routing\\Router->Illuminate\\Routing\\{closure}(Object(Illuminate\\Http\\Request))
#17 C:\\OSPanel\\home\\guitar_prog1\\vendor\\laravel\\framework\\src\\Illuminate\\Routing\\Middleware\\SubstituteBindings.php(51): Illuminate\\Pipeline\\Pipeline->Illuminate\\Pipeline\\{closure}(Object(Illuminate\\Http\\Request))
#18 C:\\OSPanel\\home\\guitar_prog1\\vendor\\laravel\\framework\\src\\Illuminate\\Pipeline\\Pipeline.php(209): Illuminate\\Routing\\Middleware\\SubstituteBindings->handle(Object(Illuminate\\Http\\Request), Object(Closure))
#19 C:\\OSPanel\\home\\guitar_prog1\\vendor\\laravel\\framework\\src\\Illuminate\\Foundation\\Http\\Middleware\\VerifyCsrfToken.php(88): Illuminate\\Pipeline\\Pipeline->Illuminate\\Pipeline\\{closure}(Object(Illuminate\\Http\\Request))
#20 C:\\OSPanel\\home\\guitar_prog1\\vendor\\laravel\\framework\\src\\Illuminate\\Pipeline\\Pipeline.php(209): Illuminate\\Foundation\\Http\\Middleware\\VerifyCsrfToken->handle(Object(Illuminate\\Http\\Request), Object(Closure))
#21 C:\\OSPanel\\home\\guitar_prog1\\vendor\\laravel\\framework\\src\\Illuminate\\View\\Middleware\\ShareErrorsFromSession.php(49): Illuminate\\Pipeline\\Pipeline->Illuminate\\Pipeline\\{closure}(Object(Illuminate\\Http\\Request))
#22 C:\\OSPanel\\home\\guitar_prog1\\vendor\\laravel\\framework\\src\\Illuminate\\Pipeline\\Pipeline.php(209): Illuminate\\View\\Middleware\\ShareErrorsFromSession->handle(Object(Illuminate\\Http\\Request), Object(Closure))
#23 C:\\OSPanel\\home\\guitar_prog1\\vendor\\laravel\\framework\\src\\Illuminate\\Session\\Middleware\\StartSession.php(121): Illuminate\\Pipeline\\Pipeline->Illuminate\\Pipeline\\{closure}(Object(Illuminate\\Http\\Request))
#24 C:\\OSPanel\\home\\guitar_prog1\\vendor\\laravel\\framework\\src\\Illuminate\\Session\\Middleware\\StartSession.php(64): Illuminate\\Session\\Middleware\\StartSession->handleStatefulRequest(Object(Illuminate\\Http\\Request), Object(Illuminate\\Session\\Store), Object(Closure))
#25 C:\\OSPanel\\home\\guitar_prog1\\vendor\\laravel\\framework\\src\\Illuminate\\Pipeline\\Pipeline.php(209): Illuminate\\Session\\Middleware\\StartSession->handle(Object(Illuminate\\Http\\Request), Object(Closure))
#26 C:\\OSPanel\\home\\guitar_prog1\\vendor\\laravel\\framework\\src\\Illuminate\\Cookie\\Middleware\\AddQueuedCookiesToResponse.php(37): Illuminate\\Pipeline\\Pipeline->Illuminate\\Pipeline\\{closure}(Object(Illuminate\\Http\\Request))
#27 C:\\OSPanel\\home\\guitar_prog1\\vendor\\laravel\\framework\\src\\Illuminate\\Pipeline\\Pipeline.php(209): Illuminate\\Cookie\\Middleware\\AddQueuedCookiesToResponse->handle(Object(Illuminate\\Http\\Request), Object(Closure))
#28 C:\\OSPanel\\home\\guitar_prog1\\vendor\\laravel\\framework\\src\\Illuminate\\Cookie\\Middleware\\EncryptCookies.php(75): Illuminate\\Pipeline\\Pipeline->Illuminate\\Pipeline\\{closure}(Object(Illuminate\\Http\\Request))
#29 C:\\OSPanel\\home\\guitar_prog1\\vendor\\laravel\\framework\\src\\Illuminate\\Pipeline\\Pipeline.php(209): Illuminate\\Cookie\\Middleware\\EncryptCookies->handle(Object(Illuminate\\Http\\Request), Object(Closure))
#30 C:\\OSPanel\\home\\guitar_prog1\\vendor\\laravel\\framework\\src\\Illuminate\\Pipeline\\Pipeline.php(127): Illuminate\\Pipeline\\Pipeline->Illuminate\\Pipeline\\{closure}(Object(Illuminate\\Http\\Request))
#31 C:\\OSPanel\\home\\guitar_prog1\\vendor\\laravel\\framework\\src\\Illuminate\\Routing\\Router.php(807): Illuminate\\Pipeline\\Pipeline->then(Object(Closure))
#32 C:\\OSPanel\\home\\guitar_prog1\\vendor\\laravel\\framework\\src\\Illuminate\\Routing\\Router.php(786): Illuminate\\Routing\\Router->runRouteWithinStack(Object(Illuminate\\Routing\\Route), Object(Illuminate\\Http\\Request))
#33 C:\\OSPanel\\home\\guitar_prog1\\vendor\\laravel\\framework\\src\\Illuminate\\Routing\\Router.php(750): Illuminate\\Routing\\Router->runRoute(Object(Illuminate\\Http\\Request), Object(Illuminate\\Routing\\Route))
#34 C:\\OSPanel\\home\\guitar_prog1\\vendor\\laravel\\framework\\src\\Illuminate\\Routing\\Router.php(739): Illuminate\\Routing\\Router->dispatchToRoute(Object(Illuminate\\Http\\Request))
#35 C:\\OSPanel\\home\\guitar_prog1\\vendor\\laravel\\framework\\src\\Illuminate\\Foundation\\Http\\Kernel.php(201): Illuminate\\Routing\\Router->dispatch(Object(Illuminate\\Http\\Request))
#36 C:\\OSPanel\\home\\guitar_prog1\\vendor\\laravel\\framework\\src\\Illuminate\\Pipeline\\Pipeline.php(170): Illuminate\\Foundation\\Http\\Kernel->Illuminate\\Foundation\\Http\\{closure}(Object(Illuminate\\Http\\Request))
#37 C:\\OSPanel\\home\\guitar_prog1\\vendor\\livewire\\livewire\\src\\Features\\SupportDisablingBackButtonCache\\DisableBackButtonCacheMiddleware.php(19): Illuminate\\Pipeline\\Pipeline->Illuminate\\Pipeline\\{closure}(Object(Illuminate\\Http\\Request))
#38 C:\\OSPanel\\home\\guitar_prog1\\vendor\\laravel\\framework\\src\\Illuminate\\Pipeline\\Pipeline.php(209): Livewire\\Features\\SupportDisablingBackButtonCache\\DisableBackButtonCacheMiddleware->handle(Object(Illuminate\\Http\\Request), Object(Closure))
#39 C:\\OSPanel\\home\\guitar_prog1\\vendor\\laravel\\framework\\src\\Illuminate\\Foundation\\Http\\Middleware\\TransformsRequest.php(21): Illuminate\\Pipeline\\Pipeline->Illuminate\\Pipeline\\{closure}(Object(Illuminate\\Http\\Request))
#40 C:\\OSPanel\\home\\guitar_prog1\\vendor\\laravel\\framework\\src\\Illuminate\\Foundation\\Http\\Middleware\\ConvertEmptyStringsToNull.php(31): Illuminate\\Foundation\\Http\\Middleware\\TransformsRequest->handle(Object(Illuminate\\Http\\Request), Object(Closure))
#41 C:\\OSPanel\\home\\guitar_prog1\\vendor\\laravel\\framework\\src\\Illuminate\\Pipeline\\Pipeline.php(209): Illuminate\\Foundation\\Http\\Middleware\\ConvertEmptyStringsToNull->handle(Object(Illuminate\\Http\\Request), Object(Closure))
#42 C:\\OSPanel\\home\\guitar_prog1\\vendor\\laravel\\framework\\src\\Illuminate\\Foundation\\Http\\Middleware\\TransformsRequest.php(21): Illuminate\\Pipeline\\Pipeline->Illuminate\\Pipeline\\{closure}(Object(Illuminate\\Http\\Request))
#43 C:\\OSPanel\\home\\guitar_prog1\\vendor\\laravel\\framework\\src\\Illuminate\\Foundation\\Http\\Middleware\\TrimStrings.php(51): Illuminate\\Foundation\\Http\\Middleware\\TransformsRequest->handle(Object(Illuminate\\Http\\Request), Object(Closure))
#44 C:\\OSPanel\\home\\guitar_prog1\\vendor\\laravel\\framework\\src\\Illuminate\\Pipeline\\Pipeline.php(209): Illuminate\\Foundation\\Http\\Middleware\\TrimStrings->handle(Object(Illuminate\\Http\\Request), Object(Closure))
#45 C:\\OSPanel\\home\\guitar_prog1\\vendor\\laravel\\framework\\src\\Illuminate\\Http\\Middleware\\ValidatePostSize.php(27): Illuminate\\Pipeline\\Pipeline->Illuminate\\Pipeline\\{closure}(Object(Illuminate\\Http\\Request))
#46 C:\\OSPanel\\home\\guitar_prog1\\vendor\\laravel\\framework\\src\\Illuminate\\Pipeline\\Pipeline.php(209): Illuminate\\Http\\Middleware\\ValidatePostSize->handle(Object(Illuminate\\Http\\Request), Object(Closure))
#47 C:\\OSPanel\\home\\guitar_prog1\\vendor\\laravel\\framework\\src\\Illuminate\\Foundation\\Http\\Middleware\\PreventRequestsDuringMaintenance.php(110): Illuminate\\Pipeline\\Pipeline->Illuminate\\Pipeline\\{closure}(Object(Illuminate\\Http\\Request))
#48 C:\\OSPanel\\home\\guitar_prog1\\vendor\\laravel\\framework\\src\\Illuminate\\Pipeline\\Pipeline.php(209): Illuminate\\Foundation\\Http\\Middleware\\PreventRequestsDuringMaintenance->handle(Object(Illuminate\\Http\\Request), Object(Closure))
#49 C:\\OSPanel\\home\\guitar_prog1\\vendor\\laravel\\framework\\src\\Illuminate\\Http\\Middleware\\HandleCors.php(49): Illuminate\\Pipeline\\Pipeline->Illuminate\\Pipeline\\{closure}(Object(Illuminate\\Http\\Request))
#50 C:\\OSPanel\\home\\guitar_prog1\\vendor\\laravel\\framework\\src\\Illuminate\\Pipeline\\Pipeline.php(209): Illuminate\\Http\\Middleware\\HandleCors->handle(Object(Illuminate\\Http\\Request), Object(Closure))
#51 C:\\OSPanel\\home\\guitar_prog1\\vendor\\laravel\\framework\\src\\Illuminate\\Http\\Middleware\\TrustProxies.php(58): Illuminate\\Pipeline\\Pipeline->Illuminate\\Pipeline\\{closure}(Object(Illuminate\\Http\\Request))
#52 C:\\OSPanel\\home\\guitar_prog1\\vendor\\laravel\\framework\\src\\Illuminate\\Pipeline\\Pipeline.php(209): Illuminate\\Http\\Middleware\\TrustProxies->handle(Object(Illuminate\\Http\\Request), Object(Closure))
#53 C:\\OSPanel\\home\\guitar_prog1\\vendor\\laravel\\framework\\src\\Illuminate\\Foundation\\Http\\Middleware\\InvokeDeferredCallbacks.php(22): Illuminate\\Pipeline\\Pipeline->Illuminate\\Pipeline\\{closure}(Object(Illuminate\\Http\\Request))
#54 C:\\OSPanel\\home\\guitar_prog1\\vendor\\laravel\\framework\\src\\Illuminate\\Pipeline\\Pipeline.php(209): Illuminate\\Foundation\\Http\\Middleware\\InvokeDeferredCallbacks->handle(Object(Illuminate\\Http\\Request), Object(Closure))
#55 C:\\OSPanel\\home\\guitar_prog1\\vendor\\laravel\\framework\\src\\Illuminate\\Http\\Middleware\\ValidatePathEncoding.php(26): Illuminate\\Pipeline\\Pipeline->Illuminate\\Pipeline\\{closure}(Object(Illuminate\\Http\\Request))
#56 C:\\OSPanel\\home\\guitar_prog1\\vendor\\laravel\\framework\\src\\Illuminate\\Pipeline\\Pipeline.php(209): Illuminate\\Http\\Middleware\\ValidatePathEncoding->handle(Object(Illuminate\\Http\\Request), Object(Closure))
#57 C:\\OSPanel\\home\\guitar_prog1\\vendor\\laravel\\framework\\src\\Illuminate\\Pipeline\\Pipeline.php(127): Illuminate\\Pipeline\\Pipeline->Illuminate\\Pipeline\\{closure}(Object(Illuminate\\Http\\Request))
#58 C:\\OSPanel\\home\\guitar_prog1\\vendor\\laravel\\framework\\src\\Illuminate\\Foundation\\Http\\Kernel.php(176): Illuminate\\Pipeline\\Pipeline->then(Object(Closure))
#59 C:\\OSPanel\\home\\guitar_prog1\\vendor\\laravel\\framework\\src\\Illuminate\\Foundation\\Http\\Kernel.php(145): Illuminate\\Foundation\\Http\\Kernel->sendRequestThroughRouter(Object(Illuminate\\Http\\Request))
#60 C:\\OSPanel\\home\\guitar_prog1\\vendor\\laravel\\framework\\src\\Illuminate\\Foundation\\Application.php(1220): Illuminate\\Foundation\\Http\\Kernel->handle(Object(Illuminate\\Http\\Request))
#61 C:\\OSPanel\\home\\guitar_prog1\\public\\index.php(20): Illuminate\\Foundation\\Application->handleRequest(Object(Illuminate\\Http\\Request))
#62 C:\\OSPanel\\home\\guitar_prog1\\vendor\\laravel\\framework\\src\\Illuminate\\Foundation\\resources\\server.php(23): require_once('C:\\\\OSPanel\\\\home...')
#63 {main}
"} 
[2025-05-02 10:04:13] local.ERROR: syntax error, unexpected end of file, expecting "elseif" or "else" or "endif" (View: C:\OSPanel\home\guitar_prog1\resources\views\cart\index.blade.php) {"userId":4,"exception":"[object] (Illuminate\\View\\ViewException(code: 0): syntax error, unexpected end of file, expecting \"elseif\" or \"else\" or \"endif\" (View: C:\\OSPanel\\home\\guitar_prog1\\resources\\views\\cart\\index.blade.php) at C:\\OSPanel\\home\\guitar_prog1\\storage\\framework\\views\\065d2442fb694df646775c5b6bb10c58.php:270)
[stacktrace]
#0 C:\\OSPanel\\home\\guitar_prog1\\vendor\\livewire\\livewire\\src\\Mechanisms\\ExtendBlade\\ExtendedCompilerEngine.php(58): Illuminate\\View\\Engines\\CompilerEngine->handleViewException(Object(ParseError), 1)
#1 C:\\OSPanel\\home\\guitar_prog1\\vendor\\laravel\\framework\\src\\Illuminate\\View\\Engines\\PhpEngine.php(60): Livewire\\Mechanisms\\ExtendBlade\\ExtendedCompilerEngine->handleViewException(Object(ParseError), 1)
#2 C:\\OSPanel\\home\\guitar_prog1\\vendor\\livewire\\livewire\\src\\Mechanisms\\ExtendBlade\\ExtendedCompilerEngine.php(22): Illuminate\\View\\Engines\\PhpEngine->evaluatePath('C:\\\\OSPanel\\\\home...', Array)
#3 C:\\OSPanel\\home\\guitar_prog1\\vendor\\laravel\\framework\\src\\Illuminate\\View\\Engines\\CompilerEngine.php(75): Livewire\\Mechanisms\\ExtendBlade\\ExtendedCompilerEngine->evaluatePath('C:\\\\OSPanel\\\\home...', Array)
#4 C:\\OSPanel\\home\\guitar_prog1\\vendor\\livewire\\livewire\\src\\Mechanisms\\ExtendBlade\\ExtendedCompilerEngine.php(10): Illuminate\\View\\Engines\\CompilerEngine->get('C:\\\\OSPanel\\\\home...', Array)
#5 C:\\OSPanel\\home\\guitar_prog1\\vendor\\laravel\\framework\\src\\Illuminate\\View\\View.php(209): Livewire\\Mechanisms\\ExtendBlade\\ExtendedCompilerEngine->get('C:\\\\OSPanel\\\\home...', Array)
#6 C:\\OSPanel\\home\\guitar_prog1\\vendor\\laravel\\framework\\src\\Illuminate\\View\\View.php(192): Illuminate\\View\\View->getContents()
#7 C:\\OSPanel\\home\\guitar_prog1\\vendor\\laravel\\framework\\src\\Illuminate\\View\\View.php(161): Illuminate\\View\\View->renderContents()
#8 C:\\OSPanel\\home\\guitar_prog1\\vendor\\laravel\\framework\\src\\Illuminate\\Http\\Response.php(79): Illuminate\\View\\View->render()
#9 C:\\OSPanel\\home\\guitar_prog1\\vendor\\laravel\\framework\\src\\Illuminate\\Http\\Response.php(35): Illuminate\\Http\\Response->setContent(Object(Illuminate\\View\\View))
#10 C:\\OSPanel\\home\\guitar_prog1\\vendor\\laravel\\framework\\src\\Illuminate\\Routing\\Router.php(920): Illuminate\\Http\\Response->__construct(Object(Illuminate\\View\\View), 200, Array)
#11 C:\\OSPanel\\home\\guitar_prog1\\vendor\\laravel\\framework\\src\\Illuminate\\Routing\\Router.php(887): Illuminate\\Routing\\Router::toResponse(Object(Illuminate\\Http\\Request), Object(Illuminate\\View\\View))
#12 C:\\OSPanel\\home\\guitar_prog1\\vendor\\laravel\\framework\\src\\Illuminate\\Routing\\Router.php(807): Illuminate\\Routing\\Router->prepareResponse(Object(Illuminate\\Http\\Request), Object(Illuminate\\View\\View))
#13 C:\\OSPanel\\home\\guitar_prog1\\vendor\\laravel\\framework\\src\\Illuminate\\Pipeline\\Pipeline.php(170): Illuminate\\Routing\\Router->Illuminate\\Routing\\{closure}(Object(Illuminate\\Http\\Request))
#14 C:\\OSPanel\\home\\guitar_prog1\\vendor\\laravel\\framework\\src\\Illuminate\\Auth\\Middleware\\EnsureEmailIsVerified.php(41): Illuminate\\Pipeline\\Pipeline->Illuminate\\Pipeline\\{closure}(Object(Illuminate\\Http\\Request))
#15 C:\\OSPanel\\home\\guitar_prog1\\vendor\\laravel\\framework\\src\\Illuminate\\Pipeline\\Pipeline.php(209): Illuminate\\Auth\\Middleware\\EnsureEmailIsVerified->handle(Object(Illuminate\\Http\\Request), Object(Closure))
#16 C:\\OSPanel\\home\\guitar_prog1\\vendor\\laravel\\framework\\src\\Illuminate\\Routing\\Middleware\\SubstituteBindings.php(51): Illuminate\\Pipeline\\Pipeline->Illuminate\\Pipeline\\{closure}(Object(Illuminate\\Http\\Request))
#17 C:\\OSPanel\\home\\guitar_prog1\\vendor\\laravel\\framework\\src\\Illuminate\\Pipeline\\Pipeline.php(209): Illuminate\\Routing\\Middleware\\SubstituteBindings->handle(Object(Illuminate\\Http\\Request), Object(Closure))
#18 C:\\OSPanel\\home\\guitar_prog1\\vendor\\laravel\\framework\\src\\Illuminate\\Auth\\Middleware\\Authenticate.php(64): Illuminate\\Pipeline\\Pipeline->Illuminate\\Pipeline\\{closure}(Object(Illuminate\\Http\\Request))
#19 C:\\OSPanel\\home\\guitar_prog1\\vendor\\laravel\\framework\\src\\Illuminate\\Pipeline\\Pipeline.php(209): Illuminate\\Auth\\Middleware\\Authenticate->handle(Object(Illuminate\\Http\\Request), Object(Closure))
#20 C:\\OSPanel\\home\\guitar_prog1\\vendor\\laravel\\framework\\src\\Illuminate\\Foundation\\Http\\Middleware\\VerifyCsrfToken.php(88): Illuminate\\Pipeline\\Pipeline->Illuminate\\Pipeline\\{closure}(Object(Illuminate\\Http\\Request))
#21 C:\\OSPanel\\home\\guitar_prog1\\vendor\\laravel\\framework\\src\\Illuminate\\Pipeline\\Pipeline.php(209): Illuminate\\Foundation\\Http\\Middleware\\VerifyCsrfToken->handle(Object(Illuminate\\Http\\Request), Object(Closure))
#22 C:\\OSPanel\\home\\guitar_prog1\\vendor\\laravel\\framework\\src\\Illuminate\\View\\Middleware\\ShareErrorsFromSession.php(49): Illuminate\\Pipeline\\Pipeline->Illuminate\\Pipeline\\{closure}(Object(Illuminate\\Http\\Request))
#23 C:\\OSPanel\\home\\guitar_prog1\\vendor\\laravel\\framework\\src\\Illuminate\\Pipeline\\Pipeline.php(209): Illuminate\\View\\Middleware\\ShareErrorsFromSession->handle(Object(Illuminate\\Http\\Request), Object(Closure))
#24 C:\\OSPanel\\home\\guitar_prog1\\vendor\\laravel\\framework\\src\\Illuminate\\Session\\Middleware\\StartSession.php(121): Illuminate\\Pipeline\\Pipeline->Illuminate\\Pipeline\\{closure}(Object(Illuminate\\Http\\Request))
#25 C:\\OSPanel\\home\\guitar_prog1\\vendor\\laravel\\framework\\src\\Illuminate\\Session\\Middleware\\StartSession.php(64): Illuminate\\Session\\Middleware\\StartSession->handleStatefulRequest(Object(Illuminate\\Http\\Request), Object(Illuminate\\Session\\Store), Object(Closure))
#26 C:\\OSPanel\\home\\guitar_prog1\\vendor\\laravel\\framework\\src\\Illuminate\\Pipeline\\Pipeline.php(209): Illuminate\\Session\\Middleware\\StartSession->handle(Object(Illuminate\\Http\\Request), Object(Closure))
#27 C:\\OSPanel\\home\\guitar_prog1\\vendor\\laravel\\framework\\src\\Illuminate\\Cookie\\Middleware\\AddQueuedCookiesToResponse.php(37): Illuminate\\Pipeline\\Pipeline->Illuminate\\Pipeline\\{closure}(Object(Illuminate\\Http\\Request))
#28 C:\\OSPanel\\home\\guitar_prog1\\vendor\\laravel\\framework\\src\\Illuminate\\Pipeline\\Pipeline.php(209): Illuminate\\Cookie\\Middleware\\AddQueuedCookiesToResponse->handle(Object(Illuminate\\Http\\Request), Object(Closure))
#29 C:\\OSPanel\\home\\guitar_prog1\\vendor\\laravel\\framework\\src\\Illuminate\\Cookie\\Middleware\\EncryptCookies.php(75): Illuminate\\Pipeline\\Pipeline->Illuminate\\Pipeline\\{closure}(Object(Illuminate\\Http\\Request))
#30 C:\\OSPanel\\home\\guitar_prog1\\vendor\\laravel\\framework\\src\\Illuminate\\Pipeline\\Pipeline.php(209): Illuminate\\Cookie\\Middleware\\EncryptCookies->handle(Object(Illuminate\\Http\\Request), Object(Closure))
#31 C:\\OSPanel\\home\\guitar_prog1\\vendor\\laravel\\framework\\src\\Illuminate\\Pipeline\\Pipeline.php(127): Illuminate\\Pipeline\\Pipeline->Illuminate\\Pipeline\\{closure}(Object(Illuminate\\Http\\Request))
#32 C:\\OSPanel\\home\\guitar_prog1\\vendor\\laravel\\framework\\src\\Illuminate\\Routing\\Router.php(807): Illuminate\\Pipeline\\Pipeline->then(Object(Closure))
#33 C:\\OSPanel\\home\\guitar_prog1\\vendor\\laravel\\framework\\src\\Illuminate\\Routing\\Router.php(786): Illuminate\\Routing\\Router->runRouteWithinStack(Object(Illuminate\\Routing\\Route), Object(Illuminate\\Http\\Request))
#34 C:\\OSPanel\\home\\guitar_prog1\\vendor\\laravel\\framework\\src\\Illuminate\\Routing\\Router.php(750): Illuminate\\Routing\\Router->runRoute(Object(Illuminate\\Http\\Request), Object(Illuminate\\Routing\\Route))
#35 C:\\OSPanel\\home\\guitar_prog1\\vendor\\laravel\\framework\\src\\Illuminate\\Routing\\Router.php(739): Illuminate\\Routing\\Router->dispatchToRoute(Object(Illuminate\\Http\\Request))
#36 C:\\OSPanel\\home\\guitar_prog1\\vendor\\laravel\\framework\\src\\Illuminate\\Foundation\\Http\\Kernel.php(201): Illuminate\\Routing\\Router->dispatch(Object(Illuminate\\Http\\Request))
#37 C:\\OSPanel\\home\\guitar_prog1\\vendor\\laravel\\framework\\src\\Illuminate\\Pipeline\\Pipeline.php(170): Illuminate\\Foundation\\Http\\Kernel->Illuminate\\Foundation\\Http\\{closure}(Object(Illuminate\\Http\\Request))
#38 C:\\OSPanel\\home\\guitar_prog1\\vendor\\livewire\\livewire\\src\\Features\\SupportDisablingBackButtonCache\\DisableBackButtonCacheMiddleware.php(19): Illuminate\\Pipeline\\Pipeline->Illuminate\\Pipeline\\{closure}(Object(Illuminate\\Http\\Request))
#39 C:\\OSPanel\\home\\guitar_prog1\\vendor\\laravel\\framework\\src\\Illuminate\\Pipeline\\Pipeline.php(209): Livewire\\Features\\SupportDisablingBackButtonCache\\DisableBackButtonCacheMiddleware->handle(Object(Illuminate\\Http\\Request), Object(Closure))
#40 C:\\OSPanel\\home\\guitar_prog1\\vendor\\laravel\\framework\\src\\Illuminate\\Foundation\\Http\\Middleware\\TransformsRequest.php(21): Illuminate\\Pipeline\\Pipeline->Illuminate\\Pipeline\\{closure}(Object(Illuminate\\Http\\Request))
#41 C:\\OSPanel\\home\\guitar_prog1\\vendor\\laravel\\framework\\src\\Illuminate\\Foundation\\Http\\Middleware\\ConvertEmptyStringsToNull.php(31): Illuminate\\Foundation\\Http\\Middleware\\TransformsRequest->handle(Object(Illuminate\\Http\\Request), Object(Closure))
#42 C:\\OSPanel\\home\\guitar_prog1\\vendor\\laravel\\framework\\src\\Illuminate\\Pipeline\\Pipeline.php(209): Illuminate\\Foundation\\Http\\Middleware\\ConvertEmptyStringsToNull->handle(Object(Illuminate\\Http\\Request), Object(Closure))
#43 C:\\OSPanel\\home\\guitar_prog1\\vendor\\laravel\\framework\\src\\Illuminate\\Foundation\\Http\\Middleware\\TransformsRequest.php(21): Illuminate\\Pipeline\\Pipeline->Illuminate\\Pipeline\\{closure}(Object(Illuminate\\Http\\Request))
#44 C:\\OSPanel\\home\\guitar_prog1\\vendor\\laravel\\framework\\src\\Illuminate\\Foundation\\Http\\Middleware\\TrimStrings.php(51): Illuminate\\Foundation\\Http\\Middleware\\TransformsRequest->handle(Object(Illuminate\\Http\\Request), Object(Closure))
#45 C:\\OSPanel\\home\\guitar_prog1\\vendor\\laravel\\framework\\src\\Illuminate\\Pipeline\\Pipeline.php(209): Illuminate\\Foundation\\Http\\Middleware\\TrimStrings->handle(Object(Illuminate\\Http\\Request), Object(Closure))
#46 C:\\OSPanel\\home\\guitar_prog1\\vendor\\laravel\\framework\\src\\Illuminate\\Http\\Middleware\\ValidatePostSize.php(27): Illuminate\\Pipeline\\Pipeline->Illuminate\\Pipeline\\{closure}(Object(Illuminate\\Http\\Request))
#47 C:\\OSPanel\\home\\guitar_prog1\\vendor\\laravel\\framework\\src\\Illuminate\\Pipeline\\Pipeline.php(209): Illuminate\\Http\\Middleware\\ValidatePostSize->handle(Object(Illuminate\\Http\\Request), Object(Closure))
#48 C:\\OSPanel\\home\\guitar_prog1\\vendor\\laravel\\framework\\src\\Illuminate\\Foundation\\Http\\Middleware\\PreventRequestsDuringMaintenance.php(110): Illuminate\\Pipeline\\Pipeline->Illuminate\\Pipeline\\{closure}(Object(Illuminate\\Http\\Request))
#49 C:\\OSPanel\\home\\guitar_prog1\\vendor\\laravel\\framework\\src\\Illuminate\\Pipeline\\Pipeline.php(209): Illuminate\\Foundation\\Http\\Middleware\\PreventRequestsDuringMaintenance->handle(Object(Illuminate\\Http\\Request), Object(Closure))
#50 C:\\OSPanel\\home\\guitar_prog1\\vendor\\laravel\\framework\\src\\Illuminate\\Http\\Middleware\\HandleCors.php(49): Illuminate\\Pipeline\\Pipeline->Illuminate\\Pipeline\\{closure}(Object(Illuminate\\Http\\Request))
#51 C:\\OSPanel\\home\\guitar_prog1\\vendor\\laravel\\framework\\src\\Illuminate\\Pipeline\\Pipeline.php(209): Illuminate\\Http\\Middleware\\HandleCors->handle(Object(Illuminate\\Http\\Request), Object(Closure))
#52 C:\\OSPanel\\home\\guitar_prog1\\vendor\\laravel\\framework\\src\\Illuminate\\Http\\Middleware\\TrustProxies.php(58): Illuminate\\Pipeline\\Pipeline->Illuminate\\Pipeline\\{closure}(Object(Illuminate\\Http\\Request))
#53 C:\\OSPanel\\home\\guitar_prog1\\vendor\\laravel\\framework\\src\\Illuminate\\Pipeline\\Pipeline.php(209): Illuminate\\Http\\Middleware\\TrustProxies->handle(Object(Illuminate\\Http\\Request), Object(Closure))
#54 C:\\OSPanel\\home\\guitar_prog1\\vendor\\laravel\\framework\\src\\Illuminate\\Foundation\\Http\\Middleware\\InvokeDeferredCallbacks.php(22): Illuminate\\Pipeline\\Pipeline->Illuminate\\Pipeline\\{closure}(Object(Illuminate\\Http\\Request))
#55 C:\\OSPanel\\home\\guitar_prog1\\vendor\\laravel\\framework\\src\\Illuminate\\Pipeline\\Pipeline.php(209): Illuminate\\Foundation\\Http\\Middleware\\InvokeDeferredCallbacks->handle(Object(Illuminate\\Http\\Request), Object(Closure))
#56 C:\\OSPanel\\home\\guitar_prog1\\vendor\\laravel\\framework\\src\\Illuminate\\Http\\Middleware\\ValidatePathEncoding.php(26): Illuminate\\Pipeline\\Pipeline->Illuminate\\Pipeline\\{closure}(Object(Illuminate\\Http\\Request))
#57 C:\\OSPanel\\home\\guitar_prog1\\vendor\\laravel\\framework\\src\\Illuminate\\Pipeline\\Pipeline.php(209): Illuminate\\Http\\Middleware\\ValidatePathEncoding->handle(Object(Illuminate\\Http\\Request), Object(Closure))
#58 C:\\OSPanel\\home\\guitar_prog1\\vendor\\laravel\\framework\\src\\Illuminate\\Pipeline\\Pipeline.php(127): Illuminate\\Pipeline\\Pipeline->Illuminate\\Pipeline\\{closure}(Object(Illuminate\\Http\\Request))
#59 C:\\OSPanel\\home\\guitar_prog1\\vendor\\laravel\\framework\\src\\Illuminate\\Foundation\\Http\\Kernel.php(176): Illuminate\\Pipeline\\Pipeline->then(Object(Closure))
#60 C:\\OSPanel\\home\\guitar_prog1\\vendor\\laravel\\framework\\src\\Illuminate\\Foundation\\Http\\Kernel.php(145): Illuminate\\Foundation\\Http\\Kernel->sendRequestThroughRouter(Object(Illuminate\\Http\\Request))
#61 C:\\OSPanel\\home\\guitar_prog1\\vendor\\laravel\\framework\\src\\Illuminate\\Foundation\\Application.php(1220): Illuminate\\Foundation\\Http\\Kernel->handle(Object(Illuminate\\Http\\Request))
#62 C:\\OSPanel\\home\\guitar_prog1\\public\\index.php(20): Illuminate\\Foundation\\Application->handleRequest(Object(Illuminate\\Http\\Request))
#63 C:\\OSPanel\\home\\guitar_prog1\\vendor\\laravel\\framework\\src\\Illuminate\\Foundation\\resources\\server.php(23): require_once('C:\\\\OSPanel\\\\home...')
#64 {main}

[previous exception] [object] (ParseError(code: 0): syntax error, unexpected end of file, expecting \"elseif\" or \"else\" or \"endif\" at C:\\OSPanel\\home\\guitar_prog1\\storage\\framework\\views\\065d2442fb694df646775c5b6bb10c58.php:270)
[stacktrace]
#0 C:\\OSPanel\\home\\guitar_prog1\\vendor\\laravel\\framework\\src\\Illuminate\\Filesystem\\Filesystem.php(124): Illuminate\\Filesystem\\Filesystem::Illuminate\\Filesystem\\{closure}()
#1 C:\\OSPanel\\home\\guitar_prog1\\vendor\\laravel\\framework\\src\\Illuminate\\View\\Engines\\PhpEngine.php(58): Illuminate\\Filesystem\\Filesystem->getRequire('C:\\\\OSPanel\\\\home...', Array)
#2 C:\\OSPanel\\home\\guitar_prog1\\vendor\\livewire\\livewire\\src\\Mechanisms\\ExtendBlade\\ExtendedCompilerEngine.php(22): Illuminate\\View\\Engines\\PhpEngine->evaluatePath('C:\\\\OSPanel\\\\home...', Array)
#3 C:\\OSPanel\\home\\guitar_prog1\\vendor\\laravel\\framework\\src\\Illuminate\\View\\Engines\\CompilerEngine.php(75): Livewire\\Mechanisms\\ExtendBlade\\ExtendedCompilerEngine->evaluatePath('C:\\\\OSPanel\\\\home...', Array)
#4 C:\\OSPanel\\home\\guitar_prog1\\vendor\\livewire\\livewire\\src\\Mechanisms\\ExtendBlade\\ExtendedCompilerEngine.php(10): Illuminate\\View\\Engines\\CompilerEngine->get('C:\\\\OSPanel\\\\home...', Array)
#5 C:\\OSPanel\\home\\guitar_prog1\\vendor\\laravel\\framework\\src\\Illuminate\\View\\View.php(209): Livewire\\Mechanisms\\ExtendBlade\\ExtendedCompilerEngine->get('C:\\\\OSPanel\\\\home...', Array)
#6 C:\\OSPanel\\home\\guitar_prog1\\vendor\\laravel\\framework\\src\\Illuminate\\View\\View.php(192): Illuminate\\View\\View->getContents()
#7 C:\\OSPanel\\home\\guitar_prog1\\vendor\\laravel\\framework\\src\\Illuminate\\View\\View.php(161): Illuminate\\View\\View->renderContents()
#8 C:\\OSPanel\\home\\guitar_prog1\\vendor\\laravel\\framework\\src\\Illuminate\\Http\\Response.php(79): Illuminate\\View\\View->render()
#9 C:\\OSPanel\\home\\guitar_prog1\\vendor\\laravel\\framework\\src\\Illuminate\\Http\\Response.php(35): Illuminate\\Http\\Response->setContent(Object(Illuminate\\View\\View))
#10 C:\\OSPanel\\home\\guitar_prog1\\vendor\\laravel\\framework\\src\\Illuminate\\Routing\\Router.php(920): Illuminate\\Http\\Response->__construct(Object(Illuminate\\View\\View), 200, Array)
#11 C:\\OSPanel\\home\\guitar_prog1\\vendor\\laravel\\framework\\src\\Illuminate\\Routing\\Router.php(887): Illuminate\\Routing\\Router::toResponse(Object(Illuminate\\Http\\Request), Object(Illuminate\\View\\View))
#12 C:\\OSPanel\\home\\guitar_prog1\\vendor\\laravel\\framework\\src\\Illuminate\\Routing\\Router.php(807): Illuminate\\Routing\\Router->prepareResponse(Object(Illuminate\\Http\\Request), Object(Illuminate\\View\\View))
#13 C:\\OSPanel\\home\\guitar_prog1\\vendor\\laravel\\framework\\src\\Illuminate\\Pipeline\\Pipeline.php(170): Illuminate\\Routing\\Router->Illuminate\\Routing\\{closure}(Object(Illuminate\\Http\\Request))
#14 C:\\OSPanel\\home\\guitar_prog1\\vendor\\laravel\\framework\\src\\Illuminate\\Auth\\Middleware\\EnsureEmailIsVerified.php(41): Illuminate\\Pipeline\\Pipeline->Illuminate\\Pipeline\\{closure}(Object(Illuminate\\Http\\Request))
#15 C:\\OSPanel\\home\\guitar_prog1\\vendor\\laravel\\framework\\src\\Illuminate\\Pipeline\\Pipeline.php(209): Illuminate\\Auth\\Middleware\\EnsureEmailIsVerified->handle(Object(Illuminate\\Http\\Request), Object(Closure))
#16 C:\\OSPanel\\home\\guitar_prog1\\vendor\\laravel\\framework\\src\\Illuminate\\Routing\\Middleware\\SubstituteBindings.php(51): Illuminate\\Pipeline\\Pipeline->Illuminate\\Pipeline\\{closure}(Object(Illuminate\\Http\\Request))
#17 C:\\OSPanel\\home\\guitar_prog1\\vendor\\laravel\\framework\\src\\Illuminate\\Pipeline\\Pipeline.php(209): Illuminate\\Routing\\Middleware\\SubstituteBindings->handle(Object(Illuminate\\Http\\Request), Object(Closure))
#18 C:\\OSPanel\\home\\guitar_prog1\\vendor\\laravel\\framework\\src\\Illuminate\\Auth\\Middleware\\Authenticate.php(64): Illuminate\\Pipeline\\Pipeline->Illuminate\\Pipeline\\{closure}(Object(Illuminate\\Http\\Request))
#19 C:\\OSPanel\\home\\guitar_prog1\\vendor\\laravel\\framework\\src\\Illuminate\\Pipeline\\Pipeline.php(209): Illuminate\\Auth\\Middleware\\Authenticate->handle(Object(Illuminate\\Http\\Request), Object(Closure))
#20 C:\\OSPanel\\home\\guitar_prog1\\vendor\\laravel\\framework\\src\\Illuminate\\Foundation\\Http\\Middleware\\VerifyCsrfToken.php(88): Illuminate\\Pipeline\\Pipeline->Illuminate\\Pipeline\\{closure}(Object(Illuminate\\Http\\Request))
#21 C:\\OSPanel\\home\\guitar_prog1\\vendor\\laravel\\framework\\src\\Illuminate\\Pipeline\\Pipeline.php(209): Illuminate\\Foundation\\Http\\Middleware\\VerifyCsrfToken->handle(Object(Illuminate\\Http\\Request), Object(Closure))
#22 C:\\OSPanel\\home\\guitar_prog1\\vendor\\laravel\\framework\\src\\Illuminate\\View\\Middleware\\ShareErrorsFromSession.php(49): Illuminate\\Pipeline\\Pipeline->Illuminate\\Pipeline\\{closure}(Object(Illuminate\\Http\\Request))
#23 C:\\OSPanel\\home\\guitar_prog1\\vendor\\laravel\\framework\\src\\Illuminate\\Pipeline\\Pipeline.php(209): Illuminate\\View\\Middleware\\ShareErrorsFromSession->handle(Object(Illuminate\\Http\\Request), Object(Closure))
#24 C:\\OSPanel\\home\\guitar_prog1\\vendor\\laravel\\framework\\src\\Illuminate\\Session\\Middleware\\StartSession.php(121): Illuminate\\Pipeline\\Pipeline->Illuminate\\Pipeline\\{closure}(Object(Illuminate\\Http\\Request))
#25 C:\\OSPanel\\home\\guitar_prog1\\vendor\\laravel\\framework\\src\\Illuminate\\Session\\Middleware\\StartSession.php(64): Illuminate\\Session\\Middleware\\StartSession->handleStatefulRequest(Object(Illuminate\\Http\\Request), Object(Illuminate\\Session\\Store), Object(Closure))
#26 C:\\OSPanel\\home\\guitar_prog1\\vendor\\laravel\\framework\\src\\Illuminate\\Pipeline\\Pipeline.php(209): Illuminate\\Session\\Middleware\\StartSession->handle(Object(Illuminate\\Http\\Request), Object(Closure))
#27 C:\\OSPanel\\home\\guitar_prog1\\vendor\\laravel\\framework\\src\\Illuminate\\Cookie\\Middleware\\AddQueuedCookiesToResponse.php(37): Illuminate\\Pipeline\\Pipeline->Illuminate\\Pipeline\\{closure}(Object(Illuminate\\Http\\Request))
#28 C:\\OSPanel\\home\\guitar_prog1\\vendor\\laravel\\framework\\src\\Illuminate\\Pipeline\\Pipeline.php(209): Illuminate\\Cookie\\Middleware\\AddQueuedCookiesToResponse->handle(Object(Illuminate\\Http\\Request), Object(Closure))
#29 C:\\OSPanel\\home\\guitar_prog1\\vendor\\laravel\\framework\\src\\Illuminate\\Cookie\\Middleware\\EncryptCookies.php(75): Illuminate\\Pipeline\\Pipeline->Illuminate\\Pipeline\\{closure}(Object(Illuminate\\Http\\Request))
#30 C:\\OSPanel\\home\\guitar_prog1\\vendor\\laravel\\framework\\src\\Illuminate\\Pipeline\\Pipeline.php(209): Illuminate\\Cookie\\Middleware\\EncryptCookies->handle(Object(Illuminate\\Http\\Request), Object(Closure))
#31 C:\\OSPanel\\home\\guitar_prog1\\vendor\\laravel\\framework\\src\\Illuminate\\Pipeline\\Pipeline.php(127): Illuminate\\Pipeline\\Pipeline->Illuminate\\Pipeline\\{closure}(Object(Illuminate\\Http\\Request))
#32 C:\\OSPanel\\home\\guitar_prog1\\vendor\\laravel\\framework\\src\\Illuminate\\Routing\\Router.php(807): Illuminate\\Pipeline\\Pipeline->then(Object(Closure))
#33 C:\\OSPanel\\home\\guitar_prog1\\vendor\\laravel\\framework\\src\\Illuminate\\Routing\\Router.php(786): Illuminate\\Routing\\Router->runRouteWithinStack(Object(Illuminate\\Routing\\Route), Object(Illuminate\\Http\\Request))
#34 C:\\OSPanel\\home\\guitar_prog1\\vendor\\laravel\\framework\\src\\Illuminate\\Routing\\Router.php(750): Illuminate\\Routing\\Router->runRoute(Object(Illuminate\\Http\\Request), Object(Illuminate\\Routing\\Route))
#35 C:\\OSPanel\\home\\guitar_prog1\\vendor\\laravel\\framework\\src\\Illuminate\\Routing\\Router.php(739): Illuminate\\Routing\\Router->dispatchToRoute(Object(Illuminate\\Http\\Request))
#36 C:\\OSPanel\\home\\guitar_prog1\\vendor\\laravel\\framework\\src\\Illuminate\\Foundation\\Http\\Kernel.php(201): Illuminate\\Routing\\Router->dispatch(Object(Illuminate\\Http\\Request))
#37 C:\\OSPanel\\home\\guitar_prog1\\vendor\\laravel\\framework\\src\\Illuminate\\Pipeline\\Pipeline.php(170): Illuminate\\Foundation\\Http\\Kernel->Illuminate\\Foundation\\Http\\{closure}(Object(Illuminate\\Http\\Request))
#38 C:\\OSPanel\\home\\guitar_prog1\\vendor\\livewire\\livewire\\src\\Features\\SupportDisablingBackButtonCache\\DisableBackButtonCacheMiddleware.php(19): Illuminate\\Pipeline\\Pipeline->Illuminate\\Pipeline\\{closure}(Object(Illuminate\\Http\\Request))
#39 C:\\OSPanel\\home\\guitar_prog1\\vendor\\laravel\\framework\\src\\Illuminate\\Pipeline\\Pipeline.php(209): Livewire\\Features\\SupportDisablingBackButtonCache\\DisableBackButtonCacheMiddleware->handle(Object(Illuminate\\Http\\Request), Object(Closure))
#40 C:\\OSPanel\\home\\guitar_prog1\\vendor\\laravel\\framework\\src\\Illuminate\\Foundation\\Http\\Middleware\\TransformsRequest.php(21): Illuminate\\Pipeline\\Pipeline->Illuminate\\Pipeline\\{closure}(Object(Illuminate\\Http\\Request))
#41 C:\\OSPanel\\home\\guitar_prog1\\vendor\\laravel\\framework\\src\\Illuminate\\Foundation\\Http\\Middleware\\ConvertEmptyStringsToNull.php(31): Illuminate\\Foundation\\Http\\Middleware\\TransformsRequest->handle(Object(Illuminate\\Http\\Request), Object(Closure))
#42 C:\\OSPanel\\home\\guitar_prog1\\vendor\\laravel\\framework\\src\\Illuminate\\Pipeline\\Pipeline.php(209): Illuminate\\Foundation\\Http\\Middleware\\ConvertEmptyStringsToNull->handle(Object(Illuminate\\Http\\Request), Object(Closure))
#43 C:\\OSPanel\\home\\guitar_prog1\\vendor\\laravel\\framework\\src\\Illuminate\\Foundation\\Http\\Middleware\\TransformsRequest.php(21): Illuminate\\Pipeline\\Pipeline->Illuminate\\Pipeline\\{closure}(Object(Illuminate\\Http\\Request))
#44 C:\\OSPanel\\home\\guitar_prog1\\vendor\\laravel\\framework\\src\\Illuminate\\Foundation\\Http\\Middleware\\TrimStrings.php(51): Illuminate\\Foundation\\Http\\Middleware\\TransformsRequest->handle(Object(Illuminate\\Http\\Request), Object(Closure))
#45 C:\\OSPanel\\home\\guitar_prog1\\vendor\\laravel\\framework\\src\\Illuminate\\Pipeline\\Pipeline.php(209): Illuminate\\Foundation\\Http\\Middleware\\TrimStrings->handle(Object(Illuminate\\Http\\Request), Object(Closure))
#46 C:\\OSPanel\\home\\guitar_prog1\\vendor\\laravel\\framework\\src\\Illuminate\\Http\\Middleware\\ValidatePostSize.php(27): Illuminate\\Pipeline\\Pipeline->Illuminate\\Pipeline\\{closure}(Object(Illuminate\\Http\\Request))
#47 C:\\OSPanel\\home\\guitar_prog1\\vendor\\laravel\\framework\\src\\Illuminate\\Pipeline\\Pipeline.php(209): Illuminate\\Http\\Middleware\\ValidatePostSize->handle(Object(Illuminate\\Http\\Request), Object(Closure))
#48 C:\\OSPanel\\home\\guitar_prog1\\vendor\\laravel\\framework\\src\\Illuminate\\Foundation\\Http\\Middleware\\PreventRequestsDuringMaintenance.php(110): Illuminate\\Pipeline\\Pipeline->Illuminate\\Pipeline\\{closure}(Object(Illuminate\\Http\\Request))
#49 C:\\OSPanel\\home\\guitar_prog1\\vendor\\laravel\\framework\\src\\Illuminate\\Pipeline\\Pipeline.php(209): Illuminate\\Foundation\\Http\\Middleware\\PreventRequestsDuringMaintenance->handle(Object(Illuminate\\Http\\Request), Object(Closure))
#50 C:\\OSPanel\\home\\guitar_prog1\\vendor\\laravel\\framework\\src\\Illuminate\\Http\\Middleware\\HandleCors.php(49): Illuminate\\Pipeline\\Pipeline->Illuminate\\Pipeline\\{closure}(Object(Illuminate\\Http\\Request))
#51 C:\\OSPanel\\home\\guitar_prog1\\vendor\\laravel\\framework\\src\\Illuminate\\Pipeline\\Pipeline.php(209): Illuminate\\Http\\Middleware\\HandleCors->handle(Object(Illuminate\\Http\\Request), Object(Closure))
#52 C:\\OSPanel\\home\\guitar_prog1\\vendor\\laravel\\framework\\src\\Illuminate\\Http\\Middleware\\TrustProxies.php(58): Illuminate\\Pipeline\\Pipeline->Illuminate\\Pipeline\\{closure}(Object(Illuminate\\Http\\Request))
#53 C:\\OSPanel\\home\\guitar_prog1\\vendor\\laravel\\framework\\src\\Illuminate\\Pipeline\\Pipeline.php(209): Illuminate\\Http\\Middleware\\TrustProxies->handle(Object(Illuminate\\Http\\Request), Object(Closure))
#54 C:\\OSPanel\\home\\guitar_prog1\\vendor\\laravel\\framework\\src\\Illuminate\\Foundation\\Http\\Middleware\\InvokeDeferredCallbacks.php(22): Illuminate\\Pipeline\\Pipeline->Illuminate\\Pipeline\\{closure}(Object(Illuminate\\Http\\Request))
#55 C:\\OSPanel\\home\\guitar_prog1\\vendor\\laravel\\framework\\src\\Illuminate\\Pipeline\\Pipeline.php(209): Illuminate\\Foundation\\Http\\Middleware\\InvokeDeferredCallbacks->handle(Object(Illuminate\\Http\\Request), Object(Closure))
#56 C:\\OSPanel\\home\\guitar_prog1\\vendor\\laravel\\framework\\src\\Illuminate\\Http\\Middleware\\ValidatePathEncoding.php(26): Illuminate\\Pipeline\\Pipeline->Illuminate\\Pipeline\\{closure}(Object(Illuminate\\Http\\Request))
#57 C:\\OSPanel\\home\\guitar_prog1\\vendor\\laravel\\framework\\src\\Illuminate\\Pipeline\\Pipeline.php(209): Illuminate\\Http\\Middleware\\ValidatePathEncoding->handle(Object(Illuminate\\Http\\Request), Object(Closure))
#58 C:\\OSPanel\\home\\guitar_prog1\\vendor\\laravel\\framework\\src\\Illuminate\\Pipeline\\Pipeline.php(127): Illuminate\\Pipeline\\Pipeline->Illuminate\\Pipeline\\{closure}(Object(Illuminate\\Http\\Request))
#59 C:\\OSPanel\\home\\guitar_prog1\\vendor\\laravel\\framework\\src\\Illuminate\\Foundation\\Http\\Kernel.php(176): Illuminate\\Pipeline\\Pipeline->then(Object(Closure))
#60 C:\\OSPanel\\home\\guitar_prog1\\vendor\\laravel\\framework\\src\\Illuminate\\Foundation\\Http\\Kernel.php(145): Illuminate\\Foundation\\Http\\Kernel->sendRequestThroughRouter(Object(Illuminate\\Http\\Request))
#61 C:\\OSPanel\\home\\guitar_prog1\\vendor\\laravel\\framework\\src\\Illuminate\\Foundation\\Application.php(1220): Illuminate\\Foundation\\Http\\Kernel->handle(Object(Illuminate\\Http\\Request))
#62 C:\\OSPanel\\home\\guitar_prog1\\public\\index.php(20): Illuminate\\Foundation\\Application->handleRequest(Object(Illuminate\\Http\\Request))
#63 C:\\OSPanel\\home\\guitar_prog1\\vendor\\laravel\\framework\\src\\Illuminate\\Foundation\\resources\\server.php(23): require_once('C:\\\\OSPanel\\\\home...')
#64 {main}
"} 
[2025-05-02 10:04:18] local.ERROR: syntax error, unexpected end of file, expecting "elseif" or "else" or "endif" (View: C:\OSPanel\home\guitar_prog1\resources\views\cart\index.blade.php) {"userId":4,"exception":"[object] (Illuminate\\View\\ViewException(code: 0): syntax error, unexpected end of file, expecting \"elseif\" or \"else\" or \"endif\" (View: C:\\OSPanel\\home\\guitar_prog1\\resources\\views\\cart\\index.blade.php) at C:\\OSPanel\\home\\guitar_prog1\\storage\\framework\\views\\065d2442fb694df646775c5b6bb10c58.php:270)
[stacktrace]
#0 C:\\OSPanel\\home\\guitar_prog1\\vendor\\livewire\\livewire\\src\\Mechanisms\\ExtendBlade\\ExtendedCompilerEngine.php(58): Illuminate\\View\\Engines\\CompilerEngine->handleViewException(Object(ParseError), 1)
#1 C:\\OSPanel\\home\\guitar_prog1\\vendor\\laravel\\framework\\src\\Illuminate\\View\\Engines\\PhpEngine.php(60): Livewire\\Mechanisms\\ExtendBlade\\ExtendedCompilerEngine->handleViewException(Object(ParseError), 1)
#2 C:\\OSPanel\\home\\guitar_prog1\\vendor\\livewire\\livewire\\src\\Mechanisms\\ExtendBlade\\ExtendedCompilerEngine.php(22): Illuminate\\View\\Engines\\PhpEngine->evaluatePath('C:\\\\OSPanel\\\\home...', Array)
#3 C:\\OSPanel\\home\\guitar_prog1\\vendor\\laravel\\framework\\src\\Illuminate\\View\\Engines\\CompilerEngine.php(75): Livewire\\Mechanisms\\ExtendBlade\\ExtendedCompilerEngine->evaluatePath('C:\\\\OSPanel\\\\home...', Array)
#4 C:\\OSPanel\\home\\guitar_prog1\\vendor\\livewire\\livewire\\src\\Mechanisms\\ExtendBlade\\ExtendedCompilerEngine.php(10): Illuminate\\View\\Engines\\CompilerEngine->get('C:\\\\OSPanel\\\\home...', Array)
#5 C:\\OSPanel\\home\\guitar_prog1\\vendor\\laravel\\framework\\src\\Illuminate\\View\\View.php(209): Livewire\\Mechanisms\\ExtendBlade\\ExtendedCompilerEngine->get('C:\\\\OSPanel\\\\home...', Array)
#6 C:\\OSPanel\\home\\guitar_prog1\\vendor\\laravel\\framework\\src\\Illuminate\\View\\View.php(192): Illuminate\\View\\View->getContents()
#7 C:\\OSPanel\\home\\guitar_prog1\\vendor\\laravel\\framework\\src\\Illuminate\\View\\View.php(161): Illuminate\\View\\View->renderContents()
#8 C:\\OSPanel\\home\\guitar_prog1\\vendor\\laravel\\framework\\src\\Illuminate\\Http\\Response.php(79): Illuminate\\View\\View->render()
#9 C:\\OSPanel\\home\\guitar_prog1\\vendor\\laravel\\framework\\src\\Illuminate\\Http\\Response.php(35): Illuminate\\Http\\Response->setContent(Object(Illuminate\\View\\View))
#10 C:\\OSPanel\\home\\guitar_prog1\\vendor\\laravel\\framework\\src\\Illuminate\\Routing\\Router.php(920): Illuminate\\Http\\Response->__construct(Object(Illuminate\\View\\View), 200, Array)
#11 C:\\OSPanel\\home\\guitar_prog1\\vendor\\laravel\\framework\\src\\Illuminate\\Routing\\Router.php(887): Illuminate\\Routing\\Router::toResponse(Object(Illuminate\\Http\\Request), Object(Illuminate\\View\\View))
#12 C:\\OSPanel\\home\\guitar_prog1\\vendor\\laravel\\framework\\src\\Illuminate\\Routing\\Router.php(807): Illuminate\\Routing\\Router->prepareResponse(Object(Illuminate\\Http\\Request), Object(Illuminate\\View\\View))
#13 C:\\OSPanel\\home\\guitar_prog1\\vendor\\laravel\\framework\\src\\Illuminate\\Pipeline\\Pipeline.php(170): Illuminate\\Routing\\Router->Illuminate\\Routing\\{closure}(Object(Illuminate\\Http\\Request))
#14 C:\\OSPanel\\home\\guitar_prog1\\vendor\\laravel\\framework\\src\\Illuminate\\Auth\\Middleware\\EnsureEmailIsVerified.php(41): Illuminate\\Pipeline\\Pipeline->Illuminate\\Pipeline\\{closure}(Object(Illuminate\\Http\\Request))
#15 C:\\OSPanel\\home\\guitar_prog1\\vendor\\laravel\\framework\\src\\Illuminate\\Pipeline\\Pipeline.php(209): Illuminate\\Auth\\Middleware\\EnsureEmailIsVerified->handle(Object(Illuminate\\Http\\Request), Object(Closure))
#16 C:\\OSPanel\\home\\guitar_prog1\\vendor\\laravel\\framework\\src\\Illuminate\\Routing\\Middleware\\SubstituteBindings.php(51): Illuminate\\Pipeline\\Pipeline->Illuminate\\Pipeline\\{closure}(Object(Illuminate\\Http\\Request))
#17 C:\\OSPanel\\home\\guitar_prog1\\vendor\\laravel\\framework\\src\\Illuminate\\Pipeline\\Pipeline.php(209): Illuminate\\Routing\\Middleware\\SubstituteBindings->handle(Object(Illuminate\\Http\\Request), Object(Closure))
#18 C:\\OSPanel\\home\\guitar_prog1\\vendor\\laravel\\framework\\src\\Illuminate\\Auth\\Middleware\\Authenticate.php(64): Illuminate\\Pipeline\\Pipeline->Illuminate\\Pipeline\\{closure}(Object(Illuminate\\Http\\Request))
#19 C:\\OSPanel\\home\\guitar_prog1\\vendor\\laravel\\framework\\src\\Illuminate\\Pipeline\\Pipeline.php(209): Illuminate\\Auth\\Middleware\\Authenticate->handle(Object(Illuminate\\Http\\Request), Object(Closure))
#20 C:\\OSPanel\\home\\guitar_prog1\\vendor\\laravel\\framework\\src\\Illuminate\\Foundation\\Http\\Middleware\\VerifyCsrfToken.php(88): Illuminate\\Pipeline\\Pipeline->Illuminate\\Pipeline\\{closure}(Object(Illuminate\\Http\\Request))
#21 C:\\OSPanel\\home\\guitar_prog1\\vendor\\laravel\\framework\\src\\Illuminate\\Pipeline\\Pipeline.php(209): Illuminate\\Foundation\\Http\\Middleware\\VerifyCsrfToken->handle(Object(Illuminate\\Http\\Request), Object(Closure))
#22 C:\\OSPanel\\home\\guitar_prog1\\vendor\\laravel\\framework\\src\\Illuminate\\View\\Middleware\\ShareErrorsFromSession.php(49): Illuminate\\Pipeline\\Pipeline->Illuminate\\Pipeline\\{closure}(Object(Illuminate\\Http\\Request))
#23 C:\\OSPanel\\home\\guitar_prog1\\vendor\\laravel\\framework\\src\\Illuminate\\Pipeline\\Pipeline.php(209): Illuminate\\View\\Middleware\\ShareErrorsFromSession->handle(Object(Illuminate\\Http\\Request), Object(Closure))
#24 C:\\OSPanel\\home\\guitar_prog1\\vendor\\laravel\\framework\\src\\Illuminate\\Session\\Middleware\\StartSession.php(121): Illuminate\\Pipeline\\Pipeline->Illuminate\\Pipeline\\{closure}(Object(Illuminate\\Http\\Request))
#25 C:\\OSPanel\\home\\guitar_prog1\\vendor\\laravel\\framework\\src\\Illuminate\\Session\\Middleware\\StartSession.php(64): Illuminate\\Session\\Middleware\\StartSession->handleStatefulRequest(Object(Illuminate\\Http\\Request), Object(Illuminate\\Session\\Store), Object(Closure))
#26 C:\\OSPanel\\home\\guitar_prog1\\vendor\\laravel\\framework\\src\\Illuminate\\Pipeline\\Pipeline.php(209): Illuminate\\Session\\Middleware\\StartSession->handle(Object(Illuminate\\Http\\Request), Object(Closure))
#27 C:\\OSPanel\\home\\guitar_prog1\\vendor\\laravel\\framework\\src\\Illuminate\\Cookie\\Middleware\\AddQueuedCookiesToResponse.php(37): Illuminate\\Pipeline\\Pipeline->Illuminate\\Pipeline\\{closure}(Object(Illuminate\\Http\\Request))
#28 C:\\OSPanel\\home\\guitar_prog1\\vendor\\laravel\\framework\\src\\Illuminate\\Pipeline\\Pipeline.php(209): Illuminate\\Cookie\\Middleware\\AddQueuedCookiesToResponse->handle(Object(Illuminate\\Http\\Request), Object(Closure))
#29 C:\\OSPanel\\home\\guitar_prog1\\vendor\\laravel\\framework\\src\\Illuminate\\Cookie\\Middleware\\EncryptCookies.php(75): Illuminate\\Pipeline\\Pipeline->Illuminate\\Pipeline\\{closure}(Object(Illuminate\\Http\\Request))
#30 C:\\OSPanel\\home\\guitar_prog1\\vendor\\laravel\\framework\\src\\Illuminate\\Pipeline\\Pipeline.php(209): Illuminate\\Cookie\\Middleware\\EncryptCookies->handle(Object(Illuminate\\Http\\Request), Object(Closure))
#31 C:\\OSPanel\\home\\guitar_prog1\\vendor\\laravel\\framework\\src\\Illuminate\\Pipeline\\Pipeline.php(127): Illuminate\\Pipeline\\Pipeline->Illuminate\\Pipeline\\{closure}(Object(Illuminate\\Http\\Request))
#32 C:\\OSPanel\\home\\guitar_prog1\\vendor\\laravel\\framework\\src\\Illuminate\\Routing\\Router.php(807): Illuminate\\Pipeline\\Pipeline->then(Object(Closure))
#33 C:\\OSPanel\\home\\guitar_prog1\\vendor\\laravel\\framework\\src\\Illuminate\\Routing\\Router.php(786): Illuminate\\Routing\\Router->runRouteWithinStack(Object(Illuminate\\Routing\\Route), Object(Illuminate\\Http\\Request))
#34 C:\\OSPanel\\home\\guitar_prog1\\vendor\\laravel\\framework\\src\\Illuminate\\Routing\\Router.php(750): Illuminate\\Routing\\Router->runRoute(Object(Illuminate\\Http\\Request), Object(Illuminate\\Routing\\Route))
#35 C:\\OSPanel\\home\\guitar_prog1\\vendor\\laravel\\framework\\src\\Illuminate\\Routing\\Router.php(739): Illuminate\\Routing\\Router->dispatchToRoute(Object(Illuminate\\Http\\Request))
#36 C:\\OSPanel\\home\\guitar_prog1\\vendor\\laravel\\framework\\src\\Illuminate\\Foundation\\Http\\Kernel.php(201): Illuminate\\Routing\\Router->dispatch(Object(Illuminate\\Http\\Request))
#37 C:\\OSPanel\\home\\guitar_prog1\\vendor\\laravel\\framework\\src\\Illuminate\\Pipeline\\Pipeline.php(170): Illuminate\\Foundation\\Http\\Kernel->Illuminate\\Foundation\\Http\\{closure}(Object(Illuminate\\Http\\Request))
#38 C:\\OSPanel\\home\\guitar_prog1\\vendor\\livewire\\livewire\\src\\Features\\SupportDisablingBackButtonCache\\DisableBackButtonCacheMiddleware.php(19): Illuminate\\Pipeline\\Pipeline->Illuminate\\Pipeline\\{closure}(Object(Illuminate\\Http\\Request))
#39 C:\\OSPanel\\home\\guitar_prog1\\vendor\\laravel\\framework\\src\\Illuminate\\Pipeline\\Pipeline.php(209): Livewire\\Features\\SupportDisablingBackButtonCache\\DisableBackButtonCacheMiddleware->handle(Object(Illuminate\\Http\\Request), Object(Closure))
#40 C:\\OSPanel\\home\\guitar_prog1\\vendor\\laravel\\framework\\src\\Illuminate\\Foundation\\Http\\Middleware\\TransformsRequest.php(21): Illuminate\\Pipeline\\Pipeline->Illuminate\\Pipeline\\{closure}(Object(Illuminate\\Http\\Request))
#41 C:\\OSPanel\\home\\guitar_prog1\\vendor\\laravel\\framework\\src\\Illuminate\\Foundation\\Http\\Middleware\\ConvertEmptyStringsToNull.php(31): Illuminate\\Foundation\\Http\\Middleware\\TransformsRequest->handle(Object(Illuminate\\Http\\Request), Object(Closure))
#42 C:\\OSPanel\\home\\guitar_prog1\\vendor\\laravel\\framework\\src\\Illuminate\\Pipeline\\Pipeline.php(209): Illuminate\\Foundation\\Http\\Middleware\\ConvertEmptyStringsToNull->handle(Object(Illuminate\\Http\\Request), Object(Closure))
#43 C:\\OSPanel\\home\\guitar_prog1\\vendor\\laravel\\framework\\src\\Illuminate\\Foundation\\Http\\Middleware\\TransformsRequest.php(21): Illuminate\\Pipeline\\Pipeline->Illuminate\\Pipeline\\{closure}(Object(Illuminate\\Http\\Request))
#44 C:\\OSPanel\\home\\guitar_prog1\\vendor\\laravel\\framework\\src\\Illuminate\\Foundation\\Http\\Middleware\\TrimStrings.php(51): Illuminate\\Foundation\\Http\\Middleware\\TransformsRequest->handle(Object(Illuminate\\Http\\Request), Object(Closure))
#45 C:\\OSPanel\\home\\guitar_prog1\\vendor\\laravel\\framework\\src\\Illuminate\\Pipeline\\Pipeline.php(209): Illuminate\\Foundation\\Http\\Middleware\\TrimStrings->handle(Object(Illuminate\\Http\\Request), Object(Closure))
#46 C:\\OSPanel\\home\\guitar_prog1\\vendor\\laravel\\framework\\src\\Illuminate\\Http\\Middleware\\ValidatePostSize.php(27): Illuminate\\Pipeline\\Pipeline->Illuminate\\Pipeline\\{closure}(Object(Illuminate\\Http\\Request))
#47 C:\\OSPanel\\home\\guitar_prog1\\vendor\\laravel\\framework\\src\\Illuminate\\Pipeline\\Pipeline.php(209): Illuminate\\Http\\Middleware\\ValidatePostSize->handle(Object(Illuminate\\Http\\Request), Object(Closure))
#48 C:\\OSPanel\\home\\guitar_prog1\\vendor\\laravel\\framework\\src\\Illuminate\\Foundation\\Http\\Middleware\\PreventRequestsDuringMaintenance.php(110): Illuminate\\Pipeline\\Pipeline->Illuminate\\Pipeline\\{closure}(Object(Illuminate\\Http\\Request))
#49 C:\\OSPanel\\home\\guitar_prog1\\vendor\\laravel\\framework\\src\\Illuminate\\Pipeline\\Pipeline.php(209): Illuminate\\Foundation\\Http\\Middleware\\PreventRequestsDuringMaintenance->handle(Object(Illuminate\\Http\\Request), Object(Closure))
#50 C:\\OSPanel\\home\\guitar_prog1\\vendor\\laravel\\framework\\src\\Illuminate\\Http\\Middleware\\HandleCors.php(49): Illuminate\\Pipeline\\Pipeline->Illuminate\\Pipeline\\{closure}(Object(Illuminate\\Http\\Request))
#51 C:\\OSPanel\\home\\guitar_prog1\\vendor\\laravel\\framework\\src\\Illuminate\\Pipeline\\Pipeline.php(209): Illuminate\\Http\\Middleware\\HandleCors->handle(Object(Illuminate\\Http\\Request), Object(Closure))
#52 C:\\OSPanel\\home\\guitar_prog1\\vendor\\laravel\\framework\\src\\Illuminate\\Http\\Middleware\\TrustProxies.php(58): Illuminate\\Pipeline\\Pipeline->Illuminate\\Pipeline\\{closure}(Object(Illuminate\\Http\\Request))
#53 C:\\OSPanel\\home\\guitar_prog1\\vendor\\laravel\\framework\\src\\Illuminate\\Pipeline\\Pipeline.php(209): Illuminate\\Http\\Middleware\\TrustProxies->handle(Object(Illuminate\\Http\\Request), Object(Closure))
#54 C:\\OSPanel\\home\\guitar_prog1\\vendor\\laravel\\framework\\src\\Illuminate\\Foundation\\Http\\Middleware\\InvokeDeferredCallbacks.php(22): Illuminate\\Pipeline\\Pipeline->Illuminate\\Pipeline\\{closure}(Object(Illuminate\\Http\\Request))
#55 C:\\OSPanel\\home\\guitar_prog1\\vendor\\laravel\\framework\\src\\Illuminate\\Pipeline\\Pipeline.php(209): Illuminate\\Foundation\\Http\\Middleware\\InvokeDeferredCallbacks->handle(Object(Illuminate\\Http\\Request), Object(Closure))
#56 C:\\OSPanel\\home\\guitar_prog1\\vendor\\laravel\\framework\\src\\Illuminate\\Http\\Middleware\\ValidatePathEncoding.php(26): Illuminate\\Pipeline\\Pipeline->Illuminate\\Pipeline\\{closure}(Object(Illuminate\\Http\\Request))
#57 C:\\OSPanel\\home\\guitar_prog1\\vendor\\laravel\\framework\\src\\Illuminate\\Pipeline\\Pipeline.php(209): Illuminate\\Http\\Middleware\\ValidatePathEncoding->handle(Object(Illuminate\\Http\\Request), Object(Closure))
#58 C:\\OSPanel\\home\\guitar_prog1\\vendor\\laravel\\framework\\src\\Illuminate\\Pipeline\\Pipeline.php(127): Illuminate\\Pipeline\\Pipeline->Illuminate\\Pipeline\\{closure}(Object(Illuminate\\Http\\Request))
#59 C:\\OSPanel\\home\\guitar_prog1\\vendor\\laravel\\framework\\src\\Illuminate\\Foundation\\Http\\Kernel.php(176): Illuminate\\Pipeline\\Pipeline->then(Object(Closure))
#60 C:\\OSPanel\\home\\guitar_prog1\\vendor\\laravel\\framework\\src\\Illuminate\\Foundation\\Http\\Kernel.php(145): Illuminate\\Foundation\\Http\\Kernel->sendRequestThroughRouter(Object(Illuminate\\Http\\Request))
#61 C:\\OSPanel\\home\\guitar_prog1\\vendor\\laravel\\framework\\src\\Illuminate\\Foundation\\Application.php(1220): Illuminate\\Foundation\\Http\\Kernel->handle(Object(Illuminate\\Http\\Request))
#62 C:\\OSPanel\\home\\guitar_prog1\\public\\index.php(20): Illuminate\\Foundation\\Application->handleRequest(Object(Illuminate\\Http\\Request))
#63 C:\\OSPanel\\home\\guitar_prog1\\vendor\\laravel\\framework\\src\\Illuminate\\Foundation\\resources\\server.php(23): require_once('C:\\\\OSPanel\\\\home...')
#64 {main}

[previous exception] [object] (ParseError(code: 0): syntax error, unexpected end of file, expecting \"elseif\" or \"else\" or \"endif\" at C:\\OSPanel\\home\\guitar_prog1\\storage\\framework\\views\\065d2442fb694df646775c5b6bb10c58.php:270)
[stacktrace]
#0 C:\\OSPanel\\home\\guitar_prog1\\vendor\\laravel\\framework\\src\\Illuminate\\Filesystem\\Filesystem.php(124): Illuminate\\Filesystem\\Filesystem::Illuminate\\Filesystem\\{closure}()
#1 C:\\OSPanel\\home\\guitar_prog1\\vendor\\laravel\\framework\\src\\Illuminate\\View\\Engines\\PhpEngine.php(58): Illuminate\\Filesystem\\Filesystem->getRequire('C:\\\\OSPanel\\\\home...', Array)
#2 C:\\OSPanel\\home\\guitar_prog1\\vendor\\livewire\\livewire\\src\\Mechanisms\\ExtendBlade\\ExtendedCompilerEngine.php(22): Illuminate\\View\\Engines\\PhpEngine->evaluatePath('C:\\\\OSPanel\\\\home...', Array)
#3 C:\\OSPanel\\home\\guitar_prog1\\vendor\\laravel\\framework\\src\\Illuminate\\View\\Engines\\CompilerEngine.php(75): Livewire\\Mechanisms\\ExtendBlade\\ExtendedCompilerEngine->evaluatePath('C:\\\\OSPanel\\\\home...', Array)
#4 C:\\OSPanel\\home\\guitar_prog1\\vendor\\livewire\\livewire\\src\\Mechanisms\\ExtendBlade\\ExtendedCompilerEngine.php(10): Illuminate\\View\\Engines\\CompilerEngine->get('C:\\\\OSPanel\\\\home...', Array)
#5 C:\\OSPanel\\home\\guitar_prog1\\vendor\\laravel\\framework\\src\\Illuminate\\View\\View.php(209): Livewire\\Mechanisms\\ExtendBlade\\ExtendedCompilerEngine->get('C:\\\\OSPanel\\\\home...', Array)
#6 C:\\OSPanel\\home\\guitar_prog1\\vendor\\laravel\\framework\\src\\Illuminate\\View\\View.php(192): Illuminate\\View\\View->getContents()
#7 C:\\OSPanel\\home\\guitar_prog1\\vendor\\laravel\\framework\\src\\Illuminate\\View\\View.php(161): Illuminate\\View\\View->renderContents()
#8 C:\\OSPanel\\home\\guitar_prog1\\vendor\\laravel\\framework\\src\\Illuminate\\Http\\Response.php(79): Illuminate\\View\\View->render()
#9 C:\\OSPanel\\home\\guitar_prog1\\vendor\\laravel\\framework\\src\\Illuminate\\Http\\Response.php(35): Illuminate\\Http\\Response->setContent(Object(Illuminate\\View\\View))
#10 C:\\OSPanel\\home\\guitar_prog1\\vendor\\laravel\\framework\\src\\Illuminate\\Routing\\Router.php(920): Illuminate\\Http\\Response->__construct(Object(Illuminate\\View\\View), 200, Array)
#11 C:\\OSPanel\\home\\guitar_prog1\\vendor\\laravel\\framework\\src\\Illuminate\\Routing\\Router.php(887): Illuminate\\Routing\\Router::toResponse(Object(Illuminate\\Http\\Request), Object(Illuminate\\View\\View))
#12 C:\\OSPanel\\home\\guitar_prog1\\vendor\\laravel\\framework\\src\\Illuminate\\Routing\\Router.php(807): Illuminate\\Routing\\Router->prepareResponse(Object(Illuminate\\Http\\Request), Object(Illuminate\\View\\View))
#13 C:\\OSPanel\\home\\guitar_prog1\\vendor\\laravel\\framework\\src\\Illuminate\\Pipeline\\Pipeline.php(170): Illuminate\\Routing\\Router->Illuminate\\Routing\\{closure}(Object(Illuminate\\Http\\Request))
#14 C:\\OSPanel\\home\\guitar_prog1\\vendor\\laravel\\framework\\src\\Illuminate\\Auth\\Middleware\\EnsureEmailIsVerified.php(41): Illuminate\\Pipeline\\Pipeline->Illuminate\\Pipeline\\{closure}(Object(Illuminate\\Http\\Request))
#15 C:\\OSPanel\\home\\guitar_prog1\\vendor\\laravel\\framework\\src\\Illuminate\\Pipeline\\Pipeline.php(209): Illuminate\\Auth\\Middleware\\EnsureEmailIsVerified->handle(Object(Illuminate\\Http\\Request), Object(Closure))
#16 C:\\OSPanel\\home\\guitar_prog1\\vendor\\laravel\\framework\\src\\Illuminate\\Routing\\Middleware\\SubstituteBindings.php(51): Illuminate\\Pipeline\\Pipeline->Illuminate\\Pipeline\\{closure}(Object(Illuminate\\Http\\Request))
#17 C:\\OSPanel\\home\\guitar_prog1\\vendor\\laravel\\framework\\src\\Illuminate\\Pipeline\\Pipeline.php(209): Illuminate\\Routing\\Middleware\\SubstituteBindings->handle(Object(Illuminate\\Http\\Request), Object(Closure))
#18 C:\\OSPanel\\home\\guitar_prog1\\vendor\\laravel\\framework\\src\\Illuminate\\Auth\\Middleware\\Authenticate.php(64): Illuminate\\Pipeline\\Pipeline->Illuminate\\Pipeline\\{closure}(Object(Illuminate\\Http\\Request))
#19 C:\\OSPanel\\home\\guitar_prog1\\vendor\\laravel\\framework\\src\\Illuminate\\Pipeline\\Pipeline.php(209): Illuminate\\Auth\\Middleware\\Authenticate->handle(Object(Illuminate\\Http\\Request), Object(Closure))
#20 C:\\OSPanel\\home\\guitar_prog1\\vendor\\laravel\\framework\\src\\Illuminate\\Foundation\\Http\\Middleware\\VerifyCsrfToken.php(88): Illuminate\\Pipeline\\Pipeline->Illuminate\\Pipeline\\{closure}(Object(Illuminate\\Http\\Request))
#21 C:\\OSPanel\\home\\guitar_prog1\\vendor\\laravel\\framework\\src\\Illuminate\\Pipeline\\Pipeline.php(209): Illuminate\\Foundation\\Http\\Middleware\\VerifyCsrfToken->handle(Object(Illuminate\\Http\\Request), Object(Closure))
#22 C:\\OSPanel\\home\\guitar_prog1\\vendor\\laravel\\framework\\src\\Illuminate\\View\\Middleware\\ShareErrorsFromSession.php(49): Illuminate\\Pipeline\\Pipeline->Illuminate\\Pipeline\\{closure}(Object(Illuminate\\Http\\Request))
#23 C:\\OSPanel\\home\\guitar_prog1\\vendor\\laravel\\framework\\src\\Illuminate\\Pipeline\\Pipeline.php(209): Illuminate\\View\\Middleware\\ShareErrorsFromSession->handle(Object(Illuminate\\Http\\Request), Object(Closure))
#24 C:\\OSPanel\\home\\guitar_prog1\\vendor\\laravel\\framework\\src\\Illuminate\\Session\\Middleware\\StartSession.php(121): Illuminate\\Pipeline\\Pipeline->Illuminate\\Pipeline\\{closure}(Object(Illuminate\\Http\\Request))
#25 C:\\OSPanel\\home\\guitar_prog1\\vendor\\laravel\\framework\\src\\Illuminate\\Session\\Middleware\\StartSession.php(64): Illuminate\\Session\\Middleware\\StartSession->handleStatefulRequest(Object(Illuminate\\Http\\Request), Object(Illuminate\\Session\\Store), Object(Closure))
#26 C:\\OSPanel\\home\\guitar_prog1\\vendor\\laravel\\framework\\src\\Illuminate\\Pipeline\\Pipeline.php(209): Illuminate\\Session\\Middleware\\StartSession->handle(Object(Illuminate\\Http\\Request), Object(Closure))
#27 C:\\OSPanel\\home\\guitar_prog1\\vendor\\laravel\\framework\\src\\Illuminate\\Cookie\\Middleware\\AddQueuedCookiesToResponse.php(37): Illuminate\\Pipeline\\Pipeline->Illuminate\\Pipeline\\{closure}(Object(Illuminate\\Http\\Request))
#28 C:\\OSPanel\\home\\guitar_prog1\\vendor\\laravel\\framework\\src\\Illuminate\\Pipeline\\Pipeline.php(209): Illuminate\\Cookie\\Middleware\\AddQueuedCookiesToResponse->handle(Object(Illuminate\\Http\\Request), Object(Closure))
#29 C:\\OSPanel\\home\\guitar_prog1\\vendor\\laravel\\framework\\src\\Illuminate\\Cookie\\Middleware\\EncryptCookies.php(75): Illuminate\\Pipeline\\Pipeline->Illuminate\\Pipeline\\{closure}(Object(Illuminate\\Http\\Request))
#30 C:\\OSPanel\\home\\guitar_prog1\\vendor\\laravel\\framework\\src\\Illuminate\\Pipeline\\Pipeline.php(209): Illuminate\\Cookie\\Middleware\\EncryptCookies->handle(Object(Illuminate\\Http\\Request), Object(Closure))
#31 C:\\OSPanel\\home\\guitar_prog1\\vendor\\laravel\\framework\\src\\Illuminate\\Pipeline\\Pipeline.php(127): Illuminate\\Pipeline\\Pipeline->Illuminate\\Pipeline\\{closure}(Object(Illuminate\\Http\\Request))
#32 C:\\OSPanel\\home\\guitar_prog1\\vendor\\laravel\\framework\\src\\Illuminate\\Routing\\Router.php(807): Illuminate\\Pipeline\\Pipeline->then(Object(Closure))
#33 C:\\OSPanel\\home\\guitar_prog1\\vendor\\laravel\\framework\\src\\Illuminate\\Routing\\Router.php(786): Illuminate\\Routing\\Router->runRouteWithinStack(Object(Illuminate\\Routing\\Route), Object(Illuminate\\Http\\Request))
#34 C:\\OSPanel\\home\\guitar_prog1\\vendor\\laravel\\framework\\src\\Illuminate\\Routing\\Router.php(750): Illuminate\\Routing\\Router->runRoute(Object(Illuminate\\Http\\Request), Object(Illuminate\\Routing\\Route))
#35 C:\\OSPanel\\home\\guitar_prog1\\vendor\\laravel\\framework\\src\\Illuminate\\Routing\\Router.php(739): Illuminate\\Routing\\Router->dispatchToRoute(Object(Illuminate\\Http\\Request))
#36 C:\\OSPanel\\home\\guitar_prog1\\vendor\\laravel\\framework\\src\\Illuminate\\Foundation\\Http\\Kernel.php(201): Illuminate\\Routing\\Router->dispatch(Object(Illuminate\\Http\\Request))
#37 C:\\OSPanel\\home\\guitar_prog1\\vendor\\laravel\\framework\\src\\Illuminate\\Pipeline\\Pipeline.php(170): Illuminate\\Foundation\\Http\\Kernel->Illuminate\\Foundation\\Http\\{closure}(Object(Illuminate\\Http\\Request))
#38 C:\\OSPanel\\home\\guitar_prog1\\vendor\\livewire\\livewire\\src\\Features\\SupportDisablingBackButtonCache\\DisableBackButtonCacheMiddleware.php(19): Illuminate\\Pipeline\\Pipeline->Illuminate\\Pipeline\\{closure}(Object(Illuminate\\Http\\Request))
#39 C:\\OSPanel\\home\\guitar_prog1\\vendor\\laravel\\framework\\src\\Illuminate\\Pipeline\\Pipeline.php(209): Livewire\\Features\\SupportDisablingBackButtonCache\\DisableBackButtonCacheMiddleware->handle(Object(Illuminate\\Http\\Request), Object(Closure))
#40 C:\\OSPanel\\home\\guitar_prog1\\vendor\\laravel\\framework\\src\\Illuminate\\Foundation\\Http\\Middleware\\TransformsRequest.php(21): Illuminate\\Pipeline\\Pipeline->Illuminate\\Pipeline\\{closure}(Object(Illuminate\\Http\\Request))
#41 C:\\OSPanel\\home\\guitar_prog1\\vendor\\laravel\\framework\\src\\Illuminate\\Foundation\\Http\\Middleware\\ConvertEmptyStringsToNull.php(31): Illuminate\\Foundation\\Http\\Middleware\\TransformsRequest->handle(Object(Illuminate\\Http\\Request), Object(Closure))
#42 C:\\OSPanel\\home\\guitar_prog1\\vendor\\laravel\\framework\\src\\Illuminate\\Pipeline\\Pipeline.php(209): Illuminate\\Foundation\\Http\\Middleware\\ConvertEmptyStringsToNull->handle(Object(Illuminate\\Http\\Request), Object(Closure))
#43 C:\\OSPanel\\home\\guitar_prog1\\vendor\\laravel\\framework\\src\\Illuminate\\Foundation\\Http\\Middleware\\TransformsRequest.php(21): Illuminate\\Pipeline\\Pipeline->Illuminate\\Pipeline\\{closure}(Object(Illuminate\\Http\\Request))
#44 C:\\OSPanel\\home\\guitar_prog1\\vendor\\laravel\\framework\\src\\Illuminate\\Foundation\\Http\\Middleware\\TrimStrings.php(51): Illuminate\\Foundation\\Http\\Middleware\\TransformsRequest->handle(Object(Illuminate\\Http\\Request), Object(Closure))
#45 C:\\OSPanel\\home\\guitar_prog1\\vendor\\laravel\\framework\\src\\Illuminate\\Pipeline\\Pipeline.php(209): Illuminate\\Foundation\\Http\\Middleware\\TrimStrings->handle(Object(Illuminate\\Http\\Request), Object(Closure))
#46 C:\\OSPanel\\home\\guitar_prog1\\vendor\\laravel\\framework\\src\\Illuminate\\Http\\Middleware\\ValidatePostSize.php(27): Illuminate\\Pipeline\\Pipeline->Illuminate\\Pipeline\\{closure}(Object(Illuminate\\Http\\Request))
#47 C:\\OSPanel\\home\\guitar_prog1\\vendor\\laravel\\framework\\src\\Illuminate\\Pipeline\\Pipeline.php(209): Illuminate\\Http\\Middleware\\ValidatePostSize->handle(Object(Illuminate\\Http\\Request), Object(Closure))
#48 C:\\OSPanel\\home\\guitar_prog1\\vendor\\laravel\\framework\\src\\Illuminate\\Foundation\\Http\\Middleware\\PreventRequestsDuringMaintenance.php(110): Illuminate\\Pipeline\\Pipeline->Illuminate\\Pipeline\\{closure}(Object(Illuminate\\Http\\Request))
#49 C:\\OSPanel\\home\\guitar_prog1\\vendor\\laravel\\framework\\src\\Illuminate\\Pipeline\\Pipeline.php(209): Illuminate\\Foundation\\Http\\Middleware\\PreventRequestsDuringMaintenance->handle(Object(Illuminate\\Http\\Request), Object(Closure))
#50 C:\\OSPanel\\home\\guitar_prog1\\vendor\\laravel\\framework\\src\\Illuminate\\Http\\Middleware\\HandleCors.php(49): Illuminate\\Pipeline\\Pipeline->Illuminate\\Pipeline\\{closure}(Object(Illuminate\\Http\\Request))
#51 C:\\OSPanel\\home\\guitar_prog1\\vendor\\laravel\\framework\\src\\Illuminate\\Pipeline\\Pipeline.php(209): Illuminate\\Http\\Middleware\\HandleCors->handle(Object(Illuminate\\Http\\Request), Object(Closure))
#52 C:\\OSPanel\\home\\guitar_prog1\\vendor\\laravel\\framework\\src\\Illuminate\\Http\\Middleware\\TrustProxies.php(58): Illuminate\\Pipeline\\Pipeline->Illuminate\\Pipeline\\{closure}(Object(Illuminate\\Http\\Request))
#53 C:\\OSPanel\\home\\guitar_prog1\\vendor\\laravel\\framework\\src\\Illuminate\\Pipeline\\Pipeline.php(209): Illuminate\\Http\\Middleware\\TrustProxies->handle(Object(Illuminate\\Http\\Request), Object(Closure))
#54 C:\\OSPanel\\home\\guitar_prog1\\vendor\\laravel\\framework\\src\\Illuminate\\Foundation\\Http\\Middleware\\InvokeDeferredCallbacks.php(22): Illuminate\\Pipeline\\Pipeline->Illuminate\\Pipeline\\{closure}(Object(Illuminate\\Http\\Request))
#55 C:\\OSPanel\\home\\guitar_prog1\\vendor\\laravel\\framework\\src\\Illuminate\\Pipeline\\Pipeline.php(209): Illuminate\\Foundation\\Http\\Middleware\\InvokeDeferredCallbacks->handle(Object(Illuminate\\Http\\Request), Object(Closure))
#56 C:\\OSPanel\\home\\guitar_prog1\\vendor\\laravel\\framework\\src\\Illuminate\\Http\\Middleware\\ValidatePathEncoding.php(26): Illuminate\\Pipeline\\Pipeline->Illuminate\\Pipeline\\{closure}(Object(Illuminate\\Http\\Request))
#57 C:\\OSPanel\\home\\guitar_prog1\\vendor\\laravel\\framework\\src\\Illuminate\\Pipeline\\Pipeline.php(209): Illuminate\\Http\\Middleware\\ValidatePathEncoding->handle(Object(Illuminate\\Http\\Request), Object(Closure))
#58 C:\\OSPanel\\home\\guitar_prog1\\vendor\\laravel\\framework\\src\\Illuminate\\Pipeline\\Pipeline.php(127): Illuminate\\Pipeline\\Pipeline->Illuminate\\Pipeline\\{closure}(Object(Illuminate\\Http\\Request))
#59 C:\\OSPanel\\home\\guitar_prog1\\vendor\\laravel\\framework\\src\\Illuminate\\Foundation\\Http\\Kernel.php(176): Illuminate\\Pipeline\\Pipeline->then(Object(Closure))
#60 C:\\OSPanel\\home\\guitar_prog1\\vendor\\laravel\\framework\\src\\Illuminate\\Foundation\\Http\\Kernel.php(145): Illuminate\\Foundation\\Http\\Kernel->sendRequestThroughRouter(Object(Illuminate\\Http\\Request))
#61 C:\\OSPanel\\home\\guitar_prog1\\vendor\\laravel\\framework\\src\\Illuminate\\Foundation\\Application.php(1220): Illuminate\\Foundation\\Http\\Kernel->handle(Object(Illuminate\\Http\\Request))
#62 C:\\OSPanel\\home\\guitar_prog1\\public\\index.php(20): Illuminate\\Foundation\\Application->handleRequest(Object(Illuminate\\Http\\Request))
#63 C:\\OSPanel\\home\\guitar_prog1\\vendor\\laravel\\framework\\src\\Illuminate\\Foundation\\resources\\server.php(23): require_once('C:\\\\OSPanel\\\\home...')
#64 {main}
"} 
[2025-05-02 10:07:14] local.ERROR: syntax error, unexpected end of file, expecting "elseif" or "else" or "endif" (View: C:\OSPanel\home\guitar_prog1\resources\views\cart\index.blade.php) {"userId":4,"exception":"[object] (Illuminate\\View\\ViewException(code: 0): syntax error, unexpected end of file, expecting \"elseif\" or \"else\" or \"endif\" (View: C:\\OSPanel\\home\\guitar_prog1\\resources\\views\\cart\\index.blade.php) at C:\\OSPanel\\home\\guitar_prog1\\storage\\framework\\views\\065d2442fb694df646775c5b6bb10c58.php:281)
[stacktrace]
#0 C:\\OSPanel\\home\\guitar_prog1\\vendor\\livewire\\livewire\\src\\Mechanisms\\ExtendBlade\\ExtendedCompilerEngine.php(58): Illuminate\\View\\Engines\\CompilerEngine->handleViewException(Object(ParseError), 1)
#1 C:\\OSPanel\\home\\guitar_prog1\\vendor\\laravel\\framework\\src\\Illuminate\\View\\Engines\\PhpEngine.php(60): Livewire\\Mechanisms\\ExtendBlade\\ExtendedCompilerEngine->handleViewException(Object(ParseError), 1)
#2 C:\\OSPanel\\home\\guitar_prog1\\vendor\\livewire\\livewire\\src\\Mechanisms\\ExtendBlade\\ExtendedCompilerEngine.php(22): Illuminate\\View\\Engines\\PhpEngine->evaluatePath('C:\\\\OSPanel\\\\home...', Array)
#3 C:\\OSPanel\\home\\guitar_prog1\\vendor\\laravel\\framework\\src\\Illuminate\\View\\Engines\\CompilerEngine.php(75): Livewire\\Mechanisms\\ExtendBlade\\ExtendedCompilerEngine->evaluatePath('C:\\\\OSPanel\\\\home...', Array)
#4 C:\\OSPanel\\home\\guitar_prog1\\vendor\\livewire\\livewire\\src\\Mechanisms\\ExtendBlade\\ExtendedCompilerEngine.php(10): Illuminate\\View\\Engines\\CompilerEngine->get('C:\\\\OSPanel\\\\home...', Array)
#5 C:\\OSPanel\\home\\guitar_prog1\\vendor\\laravel\\framework\\src\\Illuminate\\View\\View.php(209): Livewire\\Mechanisms\\ExtendBlade\\ExtendedCompilerEngine->get('C:\\\\OSPanel\\\\home...', Array)
#6 C:\\OSPanel\\home\\guitar_prog1\\vendor\\laravel\\framework\\src\\Illuminate\\View\\View.php(192): Illuminate\\View\\View->getContents()
#7 C:\\OSPanel\\home\\guitar_prog1\\vendor\\laravel\\framework\\src\\Illuminate\\View\\View.php(161): Illuminate\\View\\View->renderContents()
#8 C:\\OSPanel\\home\\guitar_prog1\\vendor\\laravel\\framework\\src\\Illuminate\\Http\\Response.php(79): Illuminate\\View\\View->render()
#9 C:\\OSPanel\\home\\guitar_prog1\\vendor\\laravel\\framework\\src\\Illuminate\\Http\\Response.php(35): Illuminate\\Http\\Response->setContent(Object(Illuminate\\View\\View))
#10 C:\\OSPanel\\home\\guitar_prog1\\vendor\\laravel\\framework\\src\\Illuminate\\Routing\\Router.php(920): Illuminate\\Http\\Response->__construct(Object(Illuminate\\View\\View), 200, Array)
#11 C:\\OSPanel\\home\\guitar_prog1\\vendor\\laravel\\framework\\src\\Illuminate\\Routing\\Router.php(887): Illuminate\\Routing\\Router::toResponse(Object(Illuminate\\Http\\Request), Object(Illuminate\\View\\View))
#12 C:\\OSPanel\\home\\guitar_prog1\\vendor\\laravel\\framework\\src\\Illuminate\\Routing\\Router.php(807): Illuminate\\Routing\\Router->prepareResponse(Object(Illuminate\\Http\\Request), Object(Illuminate\\View\\View))
#13 C:\\OSPanel\\home\\guitar_prog1\\vendor\\laravel\\framework\\src\\Illuminate\\Pipeline\\Pipeline.php(170): Illuminate\\Routing\\Router->Illuminate\\Routing\\{closure}(Object(Illuminate\\Http\\Request))
#14 C:\\OSPanel\\home\\guitar_prog1\\vendor\\laravel\\framework\\src\\Illuminate\\Auth\\Middleware\\EnsureEmailIsVerified.php(41): Illuminate\\Pipeline\\Pipeline->Illuminate\\Pipeline\\{closure}(Object(Illuminate\\Http\\Request))
#15 C:\\OSPanel\\home\\guitar_prog1\\vendor\\laravel\\framework\\src\\Illuminate\\Pipeline\\Pipeline.php(209): Illuminate\\Auth\\Middleware\\EnsureEmailIsVerified->handle(Object(Illuminate\\Http\\Request), Object(Closure))
#16 C:\\OSPanel\\home\\guitar_prog1\\vendor\\laravel\\framework\\src\\Illuminate\\Routing\\Middleware\\SubstituteBindings.php(51): Illuminate\\Pipeline\\Pipeline->Illuminate\\Pipeline\\{closure}(Object(Illuminate\\Http\\Request))
#17 C:\\OSPanel\\home\\guitar_prog1\\vendor\\laravel\\framework\\src\\Illuminate\\Pipeline\\Pipeline.php(209): Illuminate\\Routing\\Middleware\\SubstituteBindings->handle(Object(Illuminate\\Http\\Request), Object(Closure))
#18 C:\\OSPanel\\home\\guitar_prog1\\vendor\\laravel\\framework\\src\\Illuminate\\Auth\\Middleware\\Authenticate.php(64): Illuminate\\Pipeline\\Pipeline->Illuminate\\Pipeline\\{closure}(Object(Illuminate\\Http\\Request))
#19 C:\\OSPanel\\home\\guitar_prog1\\vendor\\laravel\\framework\\src\\Illuminate\\Pipeline\\Pipeline.php(209): Illuminate\\Auth\\Middleware\\Authenticate->handle(Object(Illuminate\\Http\\Request), Object(Closure))
#20 C:\\OSPanel\\home\\guitar_prog1\\vendor\\laravel\\framework\\src\\Illuminate\\Foundation\\Http\\Middleware\\VerifyCsrfToken.php(88): Illuminate\\Pipeline\\Pipeline->Illuminate\\Pipeline\\{closure}(Object(Illuminate\\Http\\Request))
#21 C:\\OSPanel\\home\\guitar_prog1\\vendor\\laravel\\framework\\src\\Illuminate\\Pipeline\\Pipeline.php(209): Illuminate\\Foundation\\Http\\Middleware\\VerifyCsrfToken->handle(Object(Illuminate\\Http\\Request), Object(Closure))
#22 C:\\OSPanel\\home\\guitar_prog1\\vendor\\laravel\\framework\\src\\Illuminate\\View\\Middleware\\ShareErrorsFromSession.php(49): Illuminate\\Pipeline\\Pipeline->Illuminate\\Pipeline\\{closure}(Object(Illuminate\\Http\\Request))
#23 C:\\OSPanel\\home\\guitar_prog1\\vendor\\laravel\\framework\\src\\Illuminate\\Pipeline\\Pipeline.php(209): Illuminate\\View\\Middleware\\ShareErrorsFromSession->handle(Object(Illuminate\\Http\\Request), Object(Closure))
#24 C:\\OSPanel\\home\\guitar_prog1\\vendor\\laravel\\framework\\src\\Illuminate\\Session\\Middleware\\StartSession.php(121): Illuminate\\Pipeline\\Pipeline->Illuminate\\Pipeline\\{closure}(Object(Illuminate\\Http\\Request))
#25 C:\\OSPanel\\home\\guitar_prog1\\vendor\\laravel\\framework\\src\\Illuminate\\Session\\Middleware\\StartSession.php(64): Illuminate\\Session\\Middleware\\StartSession->handleStatefulRequest(Object(Illuminate\\Http\\Request), Object(Illuminate\\Session\\Store), Object(Closure))
#26 C:\\OSPanel\\home\\guitar_prog1\\vendor\\laravel\\framework\\src\\Illuminate\\Pipeline\\Pipeline.php(209): Illuminate\\Session\\Middleware\\StartSession->handle(Object(Illuminate\\Http\\Request), Object(Closure))
#27 C:\\OSPanel\\home\\guitar_prog1\\vendor\\laravel\\framework\\src\\Illuminate\\Cookie\\Middleware\\AddQueuedCookiesToResponse.php(37): Illuminate\\Pipeline\\Pipeline->Illuminate\\Pipeline\\{closure}(Object(Illuminate\\Http\\Request))
#28 C:\\OSPanel\\home\\guitar_prog1\\vendor\\laravel\\framework\\src\\Illuminate\\Pipeline\\Pipeline.php(209): Illuminate\\Cookie\\Middleware\\AddQueuedCookiesToResponse->handle(Object(Illuminate\\Http\\Request), Object(Closure))
#29 C:\\OSPanel\\home\\guitar_prog1\\vendor\\laravel\\framework\\src\\Illuminate\\Cookie\\Middleware\\EncryptCookies.php(75): Illuminate\\Pipeline\\Pipeline->Illuminate\\Pipeline\\{closure}(Object(Illuminate\\Http\\Request))
#30 C:\\OSPanel\\home\\guitar_prog1\\vendor\\laravel\\framework\\src\\Illuminate\\Pipeline\\Pipeline.php(209): Illuminate\\Cookie\\Middleware\\EncryptCookies->handle(Object(Illuminate\\Http\\Request), Object(Closure))
#31 C:\\OSPanel\\home\\guitar_prog1\\vendor\\laravel\\framework\\src\\Illuminate\\Pipeline\\Pipeline.php(127): Illuminate\\Pipeline\\Pipeline->Illuminate\\Pipeline\\{closure}(Object(Illuminate\\Http\\Request))
#32 C:\\OSPanel\\home\\guitar_prog1\\vendor\\laravel\\framework\\src\\Illuminate\\Routing\\Router.php(807): Illuminate\\Pipeline\\Pipeline->then(Object(Closure))
#33 C:\\OSPanel\\home\\guitar_prog1\\vendor\\laravel\\framework\\src\\Illuminate\\Routing\\Router.php(786): Illuminate\\Routing\\Router->runRouteWithinStack(Object(Illuminate\\Routing\\Route), Object(Illuminate\\Http\\Request))
#34 C:\\OSPanel\\home\\guitar_prog1\\vendor\\laravel\\framework\\src\\Illuminate\\Routing\\Router.php(750): Illuminate\\Routing\\Router->runRoute(Object(Illuminate\\Http\\Request), Object(Illuminate\\Routing\\Route))
#35 C:\\OSPanel\\home\\guitar_prog1\\vendor\\laravel\\framework\\src\\Illuminate\\Routing\\Router.php(739): Illuminate\\Routing\\Router->dispatchToRoute(Object(Illuminate\\Http\\Request))
#36 C:\\OSPanel\\home\\guitar_prog1\\vendor\\laravel\\framework\\src\\Illuminate\\Foundation\\Http\\Kernel.php(201): Illuminate\\Routing\\Router->dispatch(Object(Illuminate\\Http\\Request))
#37 C:\\OSPanel\\home\\guitar_prog1\\vendor\\laravel\\framework\\src\\Illuminate\\Pipeline\\Pipeline.php(170): Illuminate\\Foundation\\Http\\Kernel->Illuminate\\Foundation\\Http\\{closure}(Object(Illuminate\\Http\\Request))
#38 C:\\OSPanel\\home\\guitar_prog1\\vendor\\livewire\\livewire\\src\\Features\\SupportDisablingBackButtonCache\\DisableBackButtonCacheMiddleware.php(19): Illuminate\\Pipeline\\Pipeline->Illuminate\\Pipeline\\{closure}(Object(Illuminate\\Http\\Request))
#39 C:\\OSPanel\\home\\guitar_prog1\\vendor\\laravel\\framework\\src\\Illuminate\\Pipeline\\Pipeline.php(209): Livewire\\Features\\SupportDisablingBackButtonCache\\DisableBackButtonCacheMiddleware->handle(Object(Illuminate\\Http\\Request), Object(Closure))
#40 C:\\OSPanel\\home\\guitar_prog1\\vendor\\laravel\\framework\\src\\Illuminate\\Foundation\\Http\\Middleware\\TransformsRequest.php(21): Illuminate\\Pipeline\\Pipeline->Illuminate\\Pipeline\\{closure}(Object(Illuminate\\Http\\Request))
#41 C:\\OSPanel\\home\\guitar_prog1\\vendor\\laravel\\framework\\src\\Illuminate\\Foundation\\Http\\Middleware\\ConvertEmptyStringsToNull.php(31): Illuminate\\Foundation\\Http\\Middleware\\TransformsRequest->handle(Object(Illuminate\\Http\\Request), Object(Closure))
#42 C:\\OSPanel\\home\\guitar_prog1\\vendor\\laravel\\framework\\src\\Illuminate\\Pipeline\\Pipeline.php(209): Illuminate\\Foundation\\Http\\Middleware\\ConvertEmptyStringsToNull->handle(Object(Illuminate\\Http\\Request), Object(Closure))
#43 C:\\OSPanel\\home\\guitar_prog1\\vendor\\laravel\\framework\\src\\Illuminate\\Foundation\\Http\\Middleware\\TransformsRequest.php(21): Illuminate\\Pipeline\\Pipeline->Illuminate\\Pipeline\\{closure}(Object(Illuminate\\Http\\Request))
#44 C:\\OSPanel\\home\\guitar_prog1\\vendor\\laravel\\framework\\src\\Illuminate\\Foundation\\Http\\Middleware\\TrimStrings.php(51): Illuminate\\Foundation\\Http\\Middleware\\TransformsRequest->handle(Object(Illuminate\\Http\\Request), Object(Closure))
#45 C:\\OSPanel\\home\\guitar_prog1\\vendor\\laravel\\framework\\src\\Illuminate\\Pipeline\\Pipeline.php(209): Illuminate\\Foundation\\Http\\Middleware\\TrimStrings->handle(Object(Illuminate\\Http\\Request), Object(Closure))
#46 C:\\OSPanel\\home\\guitar_prog1\\vendor\\laravel\\framework\\src\\Illuminate\\Http\\Middleware\\ValidatePostSize.php(27): Illuminate\\Pipeline\\Pipeline->Illuminate\\Pipeline\\{closure}(Object(Illuminate\\Http\\Request))
#47 C:\\OSPanel\\home\\guitar_prog1\\vendor\\laravel\\framework\\src\\Illuminate\\Pipeline\\Pipeline.php(209): Illuminate\\Http\\Middleware\\ValidatePostSize->handle(Object(Illuminate\\Http\\Request), Object(Closure))
#48 C:\\OSPanel\\home\\guitar_prog1\\vendor\\laravel\\framework\\src\\Illuminate\\Foundation\\Http\\Middleware\\PreventRequestsDuringMaintenance.php(110): Illuminate\\Pipeline\\Pipeline->Illuminate\\Pipeline\\{closure}(Object(Illuminate\\Http\\Request))
#49 C:\\OSPanel\\home\\guitar_prog1\\vendor\\laravel\\framework\\src\\Illuminate\\Pipeline\\Pipeline.php(209): Illuminate\\Foundation\\Http\\Middleware\\PreventRequestsDuringMaintenance->handle(Object(Illuminate\\Http\\Request), Object(Closure))
#50 C:\\OSPanel\\home\\guitar_prog1\\vendor\\laravel\\framework\\src\\Illuminate\\Http\\Middleware\\HandleCors.php(49): Illuminate\\Pipeline\\Pipeline->Illuminate\\Pipeline\\{closure}(Object(Illuminate\\Http\\Request))
#51 C:\\OSPanel\\home\\guitar_prog1\\vendor\\laravel\\framework\\src\\Illuminate\\Pipeline\\Pipeline.php(209): Illuminate\\Http\\Middleware\\HandleCors->handle(Object(Illuminate\\Http\\Request), Object(Closure))
#52 C:\\OSPanel\\home\\guitar_prog1\\vendor\\laravel\\framework\\src\\Illuminate\\Http\\Middleware\\TrustProxies.php(58): Illuminate\\Pipeline\\Pipeline->Illuminate\\Pipeline\\{closure}(Object(Illuminate\\Http\\Request))
#53 C:\\OSPanel\\home\\guitar_prog1\\vendor\\laravel\\framework\\src\\Illuminate\\Pipeline\\Pipeline.php(209): Illuminate\\Http\\Middleware\\TrustProxies->handle(Object(Illuminate\\Http\\Request), Object(Closure))
#54 C:\\OSPanel\\home\\guitar_prog1\\vendor\\laravel\\framework\\src\\Illuminate\\Foundation\\Http\\Middleware\\InvokeDeferredCallbacks.php(22): Illuminate\\Pipeline\\Pipeline->Illuminate\\Pipeline\\{closure}(Object(Illuminate\\Http\\Request))
#55 C:\\OSPanel\\home\\guitar_prog1\\vendor\\laravel\\framework\\src\\Illuminate\\Pipeline\\Pipeline.php(209): Illuminate\\Foundation\\Http\\Middleware\\InvokeDeferredCallbacks->handle(Object(Illuminate\\Http\\Request), Object(Closure))
#56 C:\\OSPanel\\home\\guitar_prog1\\vendor\\laravel\\framework\\src\\Illuminate\\Http\\Middleware\\ValidatePathEncoding.php(26): Illuminate\\Pipeline\\Pipeline->Illuminate\\Pipeline\\{closure}(Object(Illuminate\\Http\\Request))
#57 C:\\OSPanel\\home\\guitar_prog1\\vendor\\laravel\\framework\\src\\Illuminate\\Pipeline\\Pipeline.php(209): Illuminate\\Http\\Middleware\\ValidatePathEncoding->handle(Object(Illuminate\\Http\\Request), Object(Closure))
#58 C:\\OSPanel\\home\\guitar_prog1\\vendor\\laravel\\framework\\src\\Illuminate\\Pipeline\\Pipeline.php(127): Illuminate\\Pipeline\\Pipeline->Illuminate\\Pipeline\\{closure}(Object(Illuminate\\Http\\Request))
#59 C:\\OSPanel\\home\\guitar_prog1\\vendor\\laravel\\framework\\src\\Illuminate\\Foundation\\Http\\Kernel.php(176): Illuminate\\Pipeline\\Pipeline->then(Object(Closure))
#60 C:\\OSPanel\\home\\guitar_prog1\\vendor\\laravel\\framework\\src\\Illuminate\\Foundation\\Http\\Kernel.php(145): Illuminate\\Foundation\\Http\\Kernel->sendRequestThroughRouter(Object(Illuminate\\Http\\Request))
#61 C:\\OSPanel\\home\\guitar_prog1\\vendor\\laravel\\framework\\src\\Illuminate\\Foundation\\Application.php(1220): Illuminate\\Foundation\\Http\\Kernel->handle(Object(Illuminate\\Http\\Request))
#62 C:\\OSPanel\\home\\guitar_prog1\\public\\index.php(20): Illuminate\\Foundation\\Application->handleRequest(Object(Illuminate\\Http\\Request))
#63 C:\\OSPanel\\home\\guitar_prog1\\vendor\\laravel\\framework\\src\\Illuminate\\Foundation\\resources\\server.php(23): require_once('C:\\\\OSPanel\\\\home...')
#64 {main}

[previous exception] [object] (ParseError(code: 0): syntax error, unexpected end of file, expecting \"elseif\" or \"else\" or \"endif\" at C:\\OSPanel\\home\\guitar_prog1\\storage\\framework\\views\\065d2442fb694df646775c5b6bb10c58.php:281)
[stacktrace]
#0 C:\\OSPanel\\home\\guitar_prog1\\vendor\\laravel\\framework\\src\\Illuminate\\Filesystem\\Filesystem.php(124): Illuminate\\Filesystem\\Filesystem::Illuminate\\Filesystem\\{closure}()
#1 C:\\OSPanel\\home\\guitar_prog1\\vendor\\laravel\\framework\\src\\Illuminate\\View\\Engines\\PhpEngine.php(58): Illuminate\\Filesystem\\Filesystem->getRequire('C:\\\\OSPanel\\\\home...', Array)
#2 C:\\OSPanel\\home\\guitar_prog1\\vendor\\livewire\\livewire\\src\\Mechanisms\\ExtendBlade\\ExtendedCompilerEngine.php(22): Illuminate\\View\\Engines\\PhpEngine->evaluatePath('C:\\\\OSPanel\\\\home...', Array)
#3 C:\\OSPanel\\home\\guitar_prog1\\vendor\\laravel\\framework\\src\\Illuminate\\View\\Engines\\CompilerEngine.php(75): Livewire\\Mechanisms\\ExtendBlade\\ExtendedCompilerEngine->evaluatePath('C:\\\\OSPanel\\\\home...', Array)
#4 C:\\OSPanel\\home\\guitar_prog1\\vendor\\livewire\\livewire\\src\\Mechanisms\\ExtendBlade\\ExtendedCompilerEngine.php(10): Illuminate\\View\\Engines\\CompilerEngine->get('C:\\\\OSPanel\\\\home...', Array)
#5 C:\\OSPanel\\home\\guitar_prog1\\vendor\\laravel\\framework\\src\\Illuminate\\View\\View.php(209): Livewire\\Mechanisms\\ExtendBlade\\ExtendedCompilerEngine->get('C:\\\\OSPanel\\\\home...', Array)
#6 C:\\OSPanel\\home\\guitar_prog1\\vendor\\laravel\\framework\\src\\Illuminate\\View\\View.php(192): Illuminate\\View\\View->getContents()
#7 C:\\OSPanel\\home\\guitar_prog1\\vendor\\laravel\\framework\\src\\Illuminate\\View\\View.php(161): Illuminate\\View\\View->renderContents()
#8 C:\\OSPanel\\home\\guitar_prog1\\vendor\\laravel\\framework\\src\\Illuminate\\Http\\Response.php(79): Illuminate\\View\\View->render()
#9 C:\\OSPanel\\home\\guitar_prog1\\vendor\\laravel\\framework\\src\\Illuminate\\Http\\Response.php(35): Illuminate\\Http\\Response->setContent(Object(Illuminate\\View\\View))
#10 C:\\OSPanel\\home\\guitar_prog1\\vendor\\laravel\\framework\\src\\Illuminate\\Routing\\Router.php(920): Illuminate\\Http\\Response->__construct(Object(Illuminate\\View\\View), 200, Array)
#11 C:\\OSPanel\\home\\guitar_prog1\\vendor\\laravel\\framework\\src\\Illuminate\\Routing\\Router.php(887): Illuminate\\Routing\\Router::toResponse(Object(Illuminate\\Http\\Request), Object(Illuminate\\View\\View))
#12 C:\\OSPanel\\home\\guitar_prog1\\vendor\\laravel\\framework\\src\\Illuminate\\Routing\\Router.php(807): Illuminate\\Routing\\Router->prepareResponse(Object(Illuminate\\Http\\Request), Object(Illuminate\\View\\View))
#13 C:\\OSPanel\\home\\guitar_prog1\\vendor\\laravel\\framework\\src\\Illuminate\\Pipeline\\Pipeline.php(170): Illuminate\\Routing\\Router->Illuminate\\Routing\\{closure}(Object(Illuminate\\Http\\Request))
#14 C:\\OSPanel\\home\\guitar_prog1\\vendor\\laravel\\framework\\src\\Illuminate\\Auth\\Middleware\\EnsureEmailIsVerified.php(41): Illuminate\\Pipeline\\Pipeline->Illuminate\\Pipeline\\{closure}(Object(Illuminate\\Http\\Request))
#15 C:\\OSPanel\\home\\guitar_prog1\\vendor\\laravel\\framework\\src\\Illuminate\\Pipeline\\Pipeline.php(209): Illuminate\\Auth\\Middleware\\EnsureEmailIsVerified->handle(Object(Illuminate\\Http\\Request), Object(Closure))
#16 C:\\OSPanel\\home\\guitar_prog1\\vendor\\laravel\\framework\\src\\Illuminate\\Routing\\Middleware\\SubstituteBindings.php(51): Illuminate\\Pipeline\\Pipeline->Illuminate\\Pipeline\\{closure}(Object(Illuminate\\Http\\Request))
#17 C:\\OSPanel\\home\\guitar_prog1\\vendor\\laravel\\framework\\src\\Illuminate\\Pipeline\\Pipeline.php(209): Illuminate\\Routing\\Middleware\\SubstituteBindings->handle(Object(Illuminate\\Http\\Request), Object(Closure))
#18 C:\\OSPanel\\home\\guitar_prog1\\vendor\\laravel\\framework\\src\\Illuminate\\Auth\\Middleware\\Authenticate.php(64): Illuminate\\Pipeline\\Pipeline->Illuminate\\Pipeline\\{closure}(Object(Illuminate\\Http\\Request))
#19 C:\\OSPanel\\home\\guitar_prog1\\vendor\\laravel\\framework\\src\\Illuminate\\Pipeline\\Pipeline.php(209): Illuminate\\Auth\\Middleware\\Authenticate->handle(Object(Illuminate\\Http\\Request), Object(Closure))
#20 C:\\OSPanel\\home\\guitar_prog1\\vendor\\laravel\\framework\\src\\Illuminate\\Foundation\\Http\\Middleware\\VerifyCsrfToken.php(88): Illuminate\\Pipeline\\Pipeline->Illuminate\\Pipeline\\{closure}(Object(Illuminate\\Http\\Request))
#21 C:\\OSPanel\\home\\guitar_prog1\\vendor\\laravel\\framework\\src\\Illuminate\\Pipeline\\Pipeline.php(209): Illuminate\\Foundation\\Http\\Middleware\\VerifyCsrfToken->handle(Object(Illuminate\\Http\\Request), Object(Closure))
#22 C:\\OSPanel\\home\\guitar_prog1\\vendor\\laravel\\framework\\src\\Illuminate\\View\\Middleware\\ShareErrorsFromSession.php(49): Illuminate\\Pipeline\\Pipeline->Illuminate\\Pipeline\\{closure}(Object(Illuminate\\Http\\Request))
#23 C:\\OSPanel\\home\\guitar_prog1\\vendor\\laravel\\framework\\src\\Illuminate\\Pipeline\\Pipeline.php(209): Illuminate\\View\\Middleware\\ShareErrorsFromSession->handle(Object(Illuminate\\Http\\Request), Object(Closure))
#24 C:\\OSPanel\\home\\guitar_prog1\\vendor\\laravel\\framework\\src\\Illuminate\\Session\\Middleware\\StartSession.php(121): Illuminate\\Pipeline\\Pipeline->Illuminate\\Pipeline\\{closure}(Object(Illuminate\\Http\\Request))
#25 C:\\OSPanel\\home\\guitar_prog1\\vendor\\laravel\\framework\\src\\Illuminate\\Session\\Middleware\\StartSession.php(64): Illuminate\\Session\\Middleware\\StartSession->handleStatefulRequest(Object(Illuminate\\Http\\Request), Object(Illuminate\\Session\\Store), Object(Closure))
#26 C:\\OSPanel\\home\\guitar_prog1\\vendor\\laravel\\framework\\src\\Illuminate\\Pipeline\\Pipeline.php(209): Illuminate\\Session\\Middleware\\StartSession->handle(Object(Illuminate\\Http\\Request), Object(Closure))
#27 C:\\OSPanel\\home\\guitar_prog1\\vendor\\laravel\\framework\\src\\Illuminate\\Cookie\\Middleware\\AddQueuedCookiesToResponse.php(37): Illuminate\\Pipeline\\Pipeline->Illuminate\\Pipeline\\{closure}(Object(Illuminate\\Http\\Request))
#28 C:\\OSPanel\\home\\guitar_prog1\\vendor\\laravel\\framework\\src\\Illuminate\\Pipeline\\Pipeline.php(209): Illuminate\\Cookie\\Middleware\\AddQueuedCookiesToResponse->handle(Object(Illuminate\\Http\\Request), Object(Closure))
#29 C:\\OSPanel\\home\\guitar_prog1\\vendor\\laravel\\framework\\src\\Illuminate\\Cookie\\Middleware\\EncryptCookies.php(75): Illuminate\\Pipeline\\Pipeline->Illuminate\\Pipeline\\{closure}(Object(Illuminate\\Http\\Request))
#30 C:\\OSPanel\\home\\guitar_prog1\\vendor\\laravel\\framework\\src\\Illuminate\\Pipeline\\Pipeline.php(209): Illuminate\\Cookie\\Middleware\\EncryptCookies->handle(Object(Illuminate\\Http\\Request), Object(Closure))
#31 C:\\OSPanel\\home\\guitar_prog1\\vendor\\laravel\\framework\\src\\Illuminate\\Pipeline\\Pipeline.php(127): Illuminate\\Pipeline\\Pipeline->Illuminate\\Pipeline\\{closure}(Object(Illuminate\\Http\\Request))
#32 C:\\OSPanel\\home\\guitar_prog1\\vendor\\laravel\\framework\\src\\Illuminate\\Routing\\Router.php(807): Illuminate\\Pipeline\\Pipeline->then(Object(Closure))
#33 C:\\OSPanel\\home\\guitar_prog1\\vendor\\laravel\\framework\\src\\Illuminate\\Routing\\Router.php(786): Illuminate\\Routing\\Router->runRouteWithinStack(Object(Illuminate\\Routing\\Route), Object(Illuminate\\Http\\Request))
#34 C:\\OSPanel\\home\\guitar_prog1\\vendor\\laravel\\framework\\src\\Illuminate\\Routing\\Router.php(750): Illuminate\\Routing\\Router->runRoute(Object(Illuminate\\Http\\Request), Object(Illuminate\\Routing\\Route))
#35 C:\\OSPanel\\home\\guitar_prog1\\vendor\\laravel\\framework\\src\\Illuminate\\Routing\\Router.php(739): Illuminate\\Routing\\Router->dispatchToRoute(Object(Illuminate\\Http\\Request))
#36 C:\\OSPanel\\home\\guitar_prog1\\vendor\\laravel\\framework\\src\\Illuminate\\Foundation\\Http\\Kernel.php(201): Illuminate\\Routing\\Router->dispatch(Object(Illuminate\\Http\\Request))
#37 C:\\OSPanel\\home\\guitar_prog1\\vendor\\laravel\\framework\\src\\Illuminate\\Pipeline\\Pipeline.php(170): Illuminate\\Foundation\\Http\\Kernel->Illuminate\\Foundation\\Http\\{closure}(Object(Illuminate\\Http\\Request))
#38 C:\\OSPanel\\home\\guitar_prog1\\vendor\\livewire\\livewire\\src\\Features\\SupportDisablingBackButtonCache\\DisableBackButtonCacheMiddleware.php(19): Illuminate\\Pipeline\\Pipeline->Illuminate\\Pipeline\\{closure}(Object(Illuminate\\Http\\Request))
#39 C:\\OSPanel\\home\\guitar_prog1\\vendor\\laravel\\framework\\src\\Illuminate\\Pipeline\\Pipeline.php(209): Livewire\\Features\\SupportDisablingBackButtonCache\\DisableBackButtonCacheMiddleware->handle(Object(Illuminate\\Http\\Request), Object(Closure))
#40 C:\\OSPanel\\home\\guitar_prog1\\vendor\\laravel\\framework\\src\\Illuminate\\Foundation\\Http\\Middleware\\TransformsRequest.php(21): Illuminate\\Pipeline\\Pipeline->Illuminate\\Pipeline\\{closure}(Object(Illuminate\\Http\\Request))
#41 C:\\OSPanel\\home\\guitar_prog1\\vendor\\laravel\\framework\\src\\Illuminate\\Foundation\\Http\\Middleware\\ConvertEmptyStringsToNull.php(31): Illuminate\\Foundation\\Http\\Middleware\\TransformsRequest->handle(Object(Illuminate\\Http\\Request), Object(Closure))
#42 C:\\OSPanel\\home\\guitar_prog1\\vendor\\laravel\\framework\\src\\Illuminate\\Pipeline\\Pipeline.php(209): Illuminate\\Foundation\\Http\\Middleware\\ConvertEmptyStringsToNull->handle(Object(Illuminate\\Http\\Request), Object(Closure))
#43 C:\\OSPanel\\home\\guitar_prog1\\vendor\\laravel\\framework\\src\\Illuminate\\Foundation\\Http\\Middleware\\TransformsRequest.php(21): Illuminate\\Pipeline\\Pipeline->Illuminate\\Pipeline\\{closure}(Object(Illuminate\\Http\\Request))
#44 C:\\OSPanel\\home\\guitar_prog1\\vendor\\laravel\\framework\\src\\Illuminate\\Foundation\\Http\\Middleware\\TrimStrings.php(51): Illuminate\\Foundation\\Http\\Middleware\\TransformsRequest->handle(Object(Illuminate\\Http\\Request), Object(Closure))
#45 C:\\OSPanel\\home\\guitar_prog1\\vendor\\laravel\\framework\\src\\Illuminate\\Pipeline\\Pipeline.php(209): Illuminate\\Foundation\\Http\\Middleware\\TrimStrings->handle(Object(Illuminate\\Http\\Request), Object(Closure))
#46 C:\\OSPanel\\home\\guitar_prog1\\vendor\\laravel\\framework\\src\\Illuminate\\Http\\Middleware\\ValidatePostSize.php(27): Illuminate\\Pipeline\\Pipeline->Illuminate\\Pipeline\\{closure}(Object(Illuminate\\Http\\Request))
#47 C:\\OSPanel\\home\\guitar_prog1\\vendor\\laravel\\framework\\src\\Illuminate\\Pipeline\\Pipeline.php(209): Illuminate\\Http\\Middleware\\ValidatePostSize->handle(Object(Illuminate\\Http\\Request), Object(Closure))
#48 C:\\OSPanel\\home\\guitar_prog1\\vendor\\laravel\\framework\\src\\Illuminate\\Foundation\\Http\\Middleware\\PreventRequestsDuringMaintenance.php(110): Illuminate\\Pipeline\\Pipeline->Illuminate\\Pipeline\\{closure}(Object(Illuminate\\Http\\Request))
#49 C:\\OSPanel\\home\\guitar_prog1\\vendor\\laravel\\framework\\src\\Illuminate\\Pipeline\\Pipeline.php(209): Illuminate\\Foundation\\Http\\Middleware\\PreventRequestsDuringMaintenance->handle(Object(Illuminate\\Http\\Request), Object(Closure))
#50 C:\\OSPanel\\home\\guitar_prog1\\vendor\\laravel\\framework\\src\\Illuminate\\Http\\Middleware\\HandleCors.php(49): Illuminate\\Pipeline\\Pipeline->Illuminate\\Pipeline\\{closure}(Object(Illuminate\\Http\\Request))
#51 C:\\OSPanel\\home\\guitar_prog1\\vendor\\laravel\\framework\\src\\Illuminate\\Pipeline\\Pipeline.php(209): Illuminate\\Http\\Middleware\\HandleCors->handle(Object(Illuminate\\Http\\Request), Object(Closure))
#52 C:\\OSPanel\\home\\guitar_prog1\\vendor\\laravel\\framework\\src\\Illuminate\\Http\\Middleware\\TrustProxies.php(58): Illuminate\\Pipeline\\Pipeline->Illuminate\\Pipeline\\{closure}(Object(Illuminate\\Http\\Request))
#53 C:\\OSPanel\\home\\guitar_prog1\\vendor\\laravel\\framework\\src\\Illuminate\\Pipeline\\Pipeline.php(209): Illuminate\\Http\\Middleware\\TrustProxies->handle(Object(Illuminate\\Http\\Request), Object(Closure))
#54 C:\\OSPanel\\home\\guitar_prog1\\vendor\\laravel\\framework\\src\\Illuminate\\Foundation\\Http\\Middleware\\InvokeDeferredCallbacks.php(22): Illuminate\\Pipeline\\Pipeline->Illuminate\\Pipeline\\{closure}(Object(Illuminate\\Http\\Request))
#55 C:\\OSPanel\\home\\guitar_prog1\\vendor\\laravel\\framework\\src\\Illuminate\\Pipeline\\Pipeline.php(209): Illuminate\\Foundation\\Http\\Middleware\\InvokeDeferredCallbacks->handle(Object(Illuminate\\Http\\Request), Object(Closure))
#56 C:\\OSPanel\\home\\guitar_prog1\\vendor\\laravel\\framework\\src\\Illuminate\\Http\\Middleware\\ValidatePathEncoding.php(26): Illuminate\\Pipeline\\Pipeline->Illuminate\\Pipeline\\{closure}(Object(Illuminate\\Http\\Request))
#57 C:\\OSPanel\\home\\guitar_prog1\\vendor\\laravel\\framework\\src\\Illuminate\\Pipeline\\Pipeline.php(209): Illuminate\\Http\\Middleware\\ValidatePathEncoding->handle(Object(Illuminate\\Http\\Request), Object(Closure))
#58 C:\\OSPanel\\home\\guitar_prog1\\vendor\\laravel\\framework\\src\\Illuminate\\Pipeline\\Pipeline.php(127): Illuminate\\Pipeline\\Pipeline->Illuminate\\Pipeline\\{closure}(Object(Illuminate\\Http\\Request))
#59 C:\\OSPanel\\home\\guitar_prog1\\vendor\\laravel\\framework\\src\\Illuminate\\Foundation\\Http\\Kernel.php(176): Illuminate\\Pipeline\\Pipeline->then(Object(Closure))
#60 C:\\OSPanel\\home\\guitar_prog1\\vendor\\laravel\\framework\\src\\Illuminate\\Foundation\\Http\\Kernel.php(145): Illuminate\\Foundation\\Http\\Kernel->sendRequestThroughRouter(Object(Illuminate\\Http\\Request))
#61 C:\\OSPanel\\home\\guitar_prog1\\vendor\\laravel\\framework\\src\\Illuminate\\Foundation\\Application.php(1220): Illuminate\\Foundation\\Http\\Kernel->handle(Object(Illuminate\\Http\\Request))
#62 C:\\OSPanel\\home\\guitar_prog1\\public\\index.php(20): Illuminate\\Foundation\\Application->handleRequest(Object(Illuminate\\Http\\Request))
#63 C:\\OSPanel\\home\\guitar_prog1\\vendor\\laravel\\framework\\src\\Illuminate\\Foundation\\resources\\server.php(23): require_once('C:\\\\OSPanel\\\\home...')
#64 {main}
"} 
[2025-05-02 10:07:23] local.ERROR: syntax error, unexpected end of file, expecting "elseif" or "else" or "endif" (View: C:\OSPanel\home\guitar_prog1\resources\views\cart\index.blade.php) {"userId":4,"exception":"[object] (Illuminate\\View\\ViewException(code: 0): syntax error, unexpected end of file, expecting \"elseif\" or \"else\" or \"endif\" (View: C:\\OSPanel\\home\\guitar_prog1\\resources\\views\\cart\\index.blade.php) at C:\\OSPanel\\home\\guitar_prog1\\storage\\framework\\views\\065d2442fb694df646775c5b6bb10c58.php:281)
[stacktrace]
#0 C:\\OSPanel\\home\\guitar_prog1\\vendor\\livewire\\livewire\\src\\Mechanisms\\ExtendBlade\\ExtendedCompilerEngine.php(58): Illuminate\\View\\Engines\\CompilerEngine->handleViewException(Object(ParseError), 1)
#1 C:\\OSPanel\\home\\guitar_prog1\\vendor\\laravel\\framework\\src\\Illuminate\\View\\Engines\\PhpEngine.php(60): Livewire\\Mechanisms\\ExtendBlade\\ExtendedCompilerEngine->handleViewException(Object(ParseError), 1)
#2 C:\\OSPanel\\home\\guitar_prog1\\vendor\\livewire\\livewire\\src\\Mechanisms\\ExtendBlade\\ExtendedCompilerEngine.php(22): Illuminate\\View\\Engines\\PhpEngine->evaluatePath('C:\\\\OSPanel\\\\home...', Array)
#3 C:\\OSPanel\\home\\guitar_prog1\\vendor\\laravel\\framework\\src\\Illuminate\\View\\Engines\\CompilerEngine.php(75): Livewire\\Mechanisms\\ExtendBlade\\ExtendedCompilerEngine->evaluatePath('C:\\\\OSPanel\\\\home...', Array)
#4 C:\\OSPanel\\home\\guitar_prog1\\vendor\\livewire\\livewire\\src\\Mechanisms\\ExtendBlade\\ExtendedCompilerEngine.php(10): Illuminate\\View\\Engines\\CompilerEngine->get('C:\\\\OSPanel\\\\home...', Array)
#5 C:\\OSPanel\\home\\guitar_prog1\\vendor\\laravel\\framework\\src\\Illuminate\\View\\View.php(209): Livewire\\Mechanisms\\ExtendBlade\\ExtendedCompilerEngine->get('C:\\\\OSPanel\\\\home...', Array)
#6 C:\\OSPanel\\home\\guitar_prog1\\vendor\\laravel\\framework\\src\\Illuminate\\View\\View.php(192): Illuminate\\View\\View->getContents()
#7 C:\\OSPanel\\home\\guitar_prog1\\vendor\\laravel\\framework\\src\\Illuminate\\View\\View.php(161): Illuminate\\View\\View->renderContents()
#8 C:\\OSPanel\\home\\guitar_prog1\\vendor\\laravel\\framework\\src\\Illuminate\\Http\\Response.php(79): Illuminate\\View\\View->render()
#9 C:\\OSPanel\\home\\guitar_prog1\\vendor\\laravel\\framework\\src\\Illuminate\\Http\\Response.php(35): Illuminate\\Http\\Response->setContent(Object(Illuminate\\View\\View))
#10 C:\\OSPanel\\home\\guitar_prog1\\vendor\\laravel\\framework\\src\\Illuminate\\Routing\\Router.php(920): Illuminate\\Http\\Response->__construct(Object(Illuminate\\View\\View), 200, Array)
#11 C:\\OSPanel\\home\\guitar_prog1\\vendor\\laravel\\framework\\src\\Illuminate\\Routing\\Router.php(887): Illuminate\\Routing\\Router::toResponse(Object(Illuminate\\Http\\Request), Object(Illuminate\\View\\View))
#12 C:\\OSPanel\\home\\guitar_prog1\\vendor\\laravel\\framework\\src\\Illuminate\\Routing\\Router.php(807): Illuminate\\Routing\\Router->prepareResponse(Object(Illuminate\\Http\\Request), Object(Illuminate\\View\\View))
#13 C:\\OSPanel\\home\\guitar_prog1\\vendor\\laravel\\framework\\src\\Illuminate\\Pipeline\\Pipeline.php(170): Illuminate\\Routing\\Router->Illuminate\\Routing\\{closure}(Object(Illuminate\\Http\\Request))
#14 C:\\OSPanel\\home\\guitar_prog1\\vendor\\laravel\\framework\\src\\Illuminate\\Auth\\Middleware\\EnsureEmailIsVerified.php(41): Illuminate\\Pipeline\\Pipeline->Illuminate\\Pipeline\\{closure}(Object(Illuminate\\Http\\Request))
#15 C:\\OSPanel\\home\\guitar_prog1\\vendor\\laravel\\framework\\src\\Illuminate\\Pipeline\\Pipeline.php(209): Illuminate\\Auth\\Middleware\\EnsureEmailIsVerified->handle(Object(Illuminate\\Http\\Request), Object(Closure))
#16 C:\\OSPanel\\home\\guitar_prog1\\vendor\\laravel\\framework\\src\\Illuminate\\Routing\\Middleware\\SubstituteBindings.php(51): Illuminate\\Pipeline\\Pipeline->Illuminate\\Pipeline\\{closure}(Object(Illuminate\\Http\\Request))
#17 C:\\OSPanel\\home\\guitar_prog1\\vendor\\laravel\\framework\\src\\Illuminate\\Pipeline\\Pipeline.php(209): Illuminate\\Routing\\Middleware\\SubstituteBindings->handle(Object(Illuminate\\Http\\Request), Object(Closure))
#18 C:\\OSPanel\\home\\guitar_prog1\\vendor\\laravel\\framework\\src\\Illuminate\\Auth\\Middleware\\Authenticate.php(64): Illuminate\\Pipeline\\Pipeline->Illuminate\\Pipeline\\{closure}(Object(Illuminate\\Http\\Request))
#19 C:\\OSPanel\\home\\guitar_prog1\\vendor\\laravel\\framework\\src\\Illuminate\\Pipeline\\Pipeline.php(209): Illuminate\\Auth\\Middleware\\Authenticate->handle(Object(Illuminate\\Http\\Request), Object(Closure))
#20 C:\\OSPanel\\home\\guitar_prog1\\vendor\\laravel\\framework\\src\\Illuminate\\Foundation\\Http\\Middleware\\VerifyCsrfToken.php(88): Illuminate\\Pipeline\\Pipeline->Illuminate\\Pipeline\\{closure}(Object(Illuminate\\Http\\Request))
#21 C:\\OSPanel\\home\\guitar_prog1\\vendor\\laravel\\framework\\src\\Illuminate\\Pipeline\\Pipeline.php(209): Illuminate\\Foundation\\Http\\Middleware\\VerifyCsrfToken->handle(Object(Illuminate\\Http\\Request), Object(Closure))
#22 C:\\OSPanel\\home\\guitar_prog1\\vendor\\laravel\\framework\\src\\Illuminate\\View\\Middleware\\ShareErrorsFromSession.php(49): Illuminate\\Pipeline\\Pipeline->Illuminate\\Pipeline\\{closure}(Object(Illuminate\\Http\\Request))
#23 C:\\OSPanel\\home\\guitar_prog1\\vendor\\laravel\\framework\\src\\Illuminate\\Pipeline\\Pipeline.php(209): Illuminate\\View\\Middleware\\ShareErrorsFromSession->handle(Object(Illuminate\\Http\\Request), Object(Closure))
#24 C:\\OSPanel\\home\\guitar_prog1\\vendor\\laravel\\framework\\src\\Illuminate\\Session\\Middleware\\StartSession.php(121): Illuminate\\Pipeline\\Pipeline->Illuminate\\Pipeline\\{closure}(Object(Illuminate\\Http\\Request))
#25 C:\\OSPanel\\home\\guitar_prog1\\vendor\\laravel\\framework\\src\\Illuminate\\Session\\Middleware\\StartSession.php(64): Illuminate\\Session\\Middleware\\StartSession->handleStatefulRequest(Object(Illuminate\\Http\\Request), Object(Illuminate\\Session\\Store), Object(Closure))
#26 C:\\OSPanel\\home\\guitar_prog1\\vendor\\laravel\\framework\\src\\Illuminate\\Pipeline\\Pipeline.php(209): Illuminate\\Session\\Middleware\\StartSession->handle(Object(Illuminate\\Http\\Request), Object(Closure))
#27 C:\\OSPanel\\home\\guitar_prog1\\vendor\\laravel\\framework\\src\\Illuminate\\Cookie\\Middleware\\AddQueuedCookiesToResponse.php(37): Illuminate\\Pipeline\\Pipeline->Illuminate\\Pipeline\\{closure}(Object(Illuminate\\Http\\Request))
#28 C:\\OSPanel\\home\\guitar_prog1\\vendor\\laravel\\framework\\src\\Illuminate\\Pipeline\\Pipeline.php(209): Illuminate\\Cookie\\Middleware\\AddQueuedCookiesToResponse->handle(Object(Illuminate\\Http\\Request), Object(Closure))
#29 C:\\OSPanel\\home\\guitar_prog1\\vendor\\laravel\\framework\\src\\Illuminate\\Cookie\\Middleware\\EncryptCookies.php(75): Illuminate\\Pipeline\\Pipeline->Illuminate\\Pipeline\\{closure}(Object(Illuminate\\Http\\Request))
#30 C:\\OSPanel\\home\\guitar_prog1\\vendor\\laravel\\framework\\src\\Illuminate\\Pipeline\\Pipeline.php(209): Illuminate\\Cookie\\Middleware\\EncryptCookies->handle(Object(Illuminate\\Http\\Request), Object(Closure))
#31 C:\\OSPanel\\home\\guitar_prog1\\vendor\\laravel\\framework\\src\\Illuminate\\Pipeline\\Pipeline.php(127): Illuminate\\Pipeline\\Pipeline->Illuminate\\Pipeline\\{closure}(Object(Illuminate\\Http\\Request))
#32 C:\\OSPanel\\home\\guitar_prog1\\vendor\\laravel\\framework\\src\\Illuminate\\Routing\\Router.php(807): Illuminate\\Pipeline\\Pipeline->then(Object(Closure))
#33 C:\\OSPanel\\home\\guitar_prog1\\vendor\\laravel\\framework\\src\\Illuminate\\Routing\\Router.php(786): Illuminate\\Routing\\Router->runRouteWithinStack(Object(Illuminate\\Routing\\Route), Object(Illuminate\\Http\\Request))
#34 C:\\OSPanel\\home\\guitar_prog1\\vendor\\laravel\\framework\\src\\Illuminate\\Routing\\Router.php(750): Illuminate\\Routing\\Router->runRoute(Object(Illuminate\\Http\\Request), Object(Illuminate\\Routing\\Route))
#35 C:\\OSPanel\\home\\guitar_prog1\\vendor\\laravel\\framework\\src\\Illuminate\\Routing\\Router.php(739): Illuminate\\Routing\\Router->dispatchToRoute(Object(Illuminate\\Http\\Request))
#36 C:\\OSPanel\\home\\guitar_prog1\\vendor\\laravel\\framework\\src\\Illuminate\\Foundation\\Http\\Kernel.php(201): Illuminate\\Routing\\Router->dispatch(Object(Illuminate\\Http\\Request))
#37 C:\\OSPanel\\home\\guitar_prog1\\vendor\\laravel\\framework\\src\\Illuminate\\Pipeline\\Pipeline.php(170): Illuminate\\Foundation\\Http\\Kernel->Illuminate\\Foundation\\Http\\{closure}(Object(Illuminate\\Http\\Request))
#38 C:\\OSPanel\\home\\guitar_prog1\\vendor\\livewire\\livewire\\src\\Features\\SupportDisablingBackButtonCache\\DisableBackButtonCacheMiddleware.php(19): Illuminate\\Pipeline\\Pipeline->Illuminate\\Pipeline\\{closure}(Object(Illuminate\\Http\\Request))
#39 C:\\OSPanel\\home\\guitar_prog1\\vendor\\laravel\\framework\\src\\Illuminate\\Pipeline\\Pipeline.php(209): Livewire\\Features\\SupportDisablingBackButtonCache\\DisableBackButtonCacheMiddleware->handle(Object(Illuminate\\Http\\Request), Object(Closure))
#40 C:\\OSPanel\\home\\guitar_prog1\\vendor\\laravel\\framework\\src\\Illuminate\\Foundation\\Http\\Middleware\\TransformsRequest.php(21): Illuminate\\Pipeline\\Pipeline->Illuminate\\Pipeline\\{closure}(Object(Illuminate\\Http\\Request))
#41 C:\\OSPanel\\home\\guitar_prog1\\vendor\\laravel\\framework\\src\\Illuminate\\Foundation\\Http\\Middleware\\ConvertEmptyStringsToNull.php(31): Illuminate\\Foundation\\Http\\Middleware\\TransformsRequest->handle(Object(Illuminate\\Http\\Request), Object(Closure))
#42 C:\\OSPanel\\home\\guitar_prog1\\vendor\\laravel\\framework\\src\\Illuminate\\Pipeline\\Pipeline.php(209): Illuminate\\Foundation\\Http\\Middleware\\ConvertEmptyStringsToNull->handle(Object(Illuminate\\Http\\Request), Object(Closure))
#43 C:\\OSPanel\\home\\guitar_prog1\\vendor\\laravel\\framework\\src\\Illuminate\\Foundation\\Http\\Middleware\\TransformsRequest.php(21): Illuminate\\Pipeline\\Pipeline->Illuminate\\Pipeline\\{closure}(Object(Illuminate\\Http\\Request))
#44 C:\\OSPanel\\home\\guitar_prog1\\vendor\\laravel\\framework\\src\\Illuminate\\Foundation\\Http\\Middleware\\TrimStrings.php(51): Illuminate\\Foundation\\Http\\Middleware\\TransformsRequest->handle(Object(Illuminate\\Http\\Request), Object(Closure))
#45 C:\\OSPanel\\home\\guitar_prog1\\vendor\\laravel\\framework\\src\\Illuminate\\Pipeline\\Pipeline.php(209): Illuminate\\Foundation\\Http\\Middleware\\TrimStrings->handle(Object(Illuminate\\Http\\Request), Object(Closure))
#46 C:\\OSPanel\\home\\guitar_prog1\\vendor\\laravel\\framework\\src\\Illuminate\\Http\\Middleware\\ValidatePostSize.php(27): Illuminate\\Pipeline\\Pipeline->Illuminate\\Pipeline\\{closure}(Object(Illuminate\\Http\\Request))
#47 C:\\OSPanel\\home\\guitar_prog1\\vendor\\laravel\\framework\\src\\Illuminate\\Pipeline\\Pipeline.php(209): Illuminate\\Http\\Middleware\\ValidatePostSize->handle(Object(Illuminate\\Http\\Request), Object(Closure))
#48 C:\\OSPanel\\home\\guitar_prog1\\vendor\\laravel\\framework\\src\\Illuminate\\Foundation\\Http\\Middleware\\PreventRequestsDuringMaintenance.php(110): Illuminate\\Pipeline\\Pipeline->Illuminate\\Pipeline\\{closure}(Object(Illuminate\\Http\\Request))
#49 C:\\OSPanel\\home\\guitar_prog1\\vendor\\laravel\\framework\\src\\Illuminate\\Pipeline\\Pipeline.php(209): Illuminate\\Foundation\\Http\\Middleware\\PreventRequestsDuringMaintenance->handle(Object(Illuminate\\Http\\Request), Object(Closure))
#50 C:\\OSPanel\\home\\guitar_prog1\\vendor\\laravel\\framework\\src\\Illuminate\\Http\\Middleware\\HandleCors.php(49): Illuminate\\Pipeline\\Pipeline->Illuminate\\Pipeline\\{closure}(Object(Illuminate\\Http\\Request))
#51 C:\\OSPanel\\home\\guitar_prog1\\vendor\\laravel\\framework\\src\\Illuminate\\Pipeline\\Pipeline.php(209): Illuminate\\Http\\Middleware\\HandleCors->handle(Object(Illuminate\\Http\\Request), Object(Closure))
#52 C:\\OSPanel\\home\\guitar_prog1\\vendor\\laravel\\framework\\src\\Illuminate\\Http\\Middleware\\TrustProxies.php(58): Illuminate\\Pipeline\\Pipeline->Illuminate\\Pipeline\\{closure}(Object(Illuminate\\Http\\Request))
#53 C:\\OSPanel\\home\\guitar_prog1\\vendor\\laravel\\framework\\src\\Illuminate\\Pipeline\\Pipeline.php(209): Illuminate\\Http\\Middleware\\TrustProxies->handle(Object(Illuminate\\Http\\Request), Object(Closure))
#54 C:\\OSPanel\\home\\guitar_prog1\\vendor\\laravel\\framework\\src\\Illuminate\\Foundation\\Http\\Middleware\\InvokeDeferredCallbacks.php(22): Illuminate\\Pipeline\\Pipeline->Illuminate\\Pipeline\\{closure}(Object(Illuminate\\Http\\Request))
#55 C:\\OSPanel\\home\\guitar_prog1\\vendor\\laravel\\framework\\src\\Illuminate\\Pipeline\\Pipeline.php(209): Illuminate\\Foundation\\Http\\Middleware\\InvokeDeferredCallbacks->handle(Object(Illuminate\\Http\\Request), Object(Closure))
#56 C:\\OSPanel\\home\\guitar_prog1\\vendor\\laravel\\framework\\src\\Illuminate\\Http\\Middleware\\ValidatePathEncoding.php(26): Illuminate\\Pipeline\\Pipeline->Illuminate\\Pipeline\\{closure}(Object(Illuminate\\Http\\Request))
#57 C:\\OSPanel\\home\\guitar_prog1\\vendor\\laravel\\framework\\src\\Illuminate\\Pipeline\\Pipeline.php(209): Illuminate\\Http\\Middleware\\ValidatePathEncoding->handle(Object(Illuminate\\Http\\Request), Object(Closure))
#58 C:\\OSPanel\\home\\guitar_prog1\\vendor\\laravel\\framework\\src\\Illuminate\\Pipeline\\Pipeline.php(127): Illuminate\\Pipeline\\Pipeline->Illuminate\\Pipeline\\{closure}(Object(Illuminate\\Http\\Request))
#59 C:\\OSPanel\\home\\guitar_prog1\\vendor\\laravel\\framework\\src\\Illuminate\\Foundation\\Http\\Kernel.php(176): Illuminate\\Pipeline\\Pipeline->then(Object(Closure))
#60 C:\\OSPanel\\home\\guitar_prog1\\vendor\\laravel\\framework\\src\\Illuminate\\Foundation\\Http\\Kernel.php(145): Illuminate\\Foundation\\Http\\Kernel->sendRequestThroughRouter(Object(Illuminate\\Http\\Request))
#61 C:\\OSPanel\\home\\guitar_prog1\\vendor\\laravel\\framework\\src\\Illuminate\\Foundation\\Application.php(1220): Illuminate\\Foundation\\Http\\Kernel->handle(Object(Illuminate\\Http\\Request))
#62 C:\\OSPanel\\home\\guitar_prog1\\public\\index.php(20): Illuminate\\Foundation\\Application->handleRequest(Object(Illuminate\\Http\\Request))
#63 C:\\OSPanel\\home\\guitar_prog1\\vendor\\laravel\\framework\\src\\Illuminate\\Foundation\\resources\\server.php(23): require_once('C:\\\\OSPanel\\\\home...')
#64 {main}

[previous exception] [object] (ParseError(code: 0): syntax error, unexpected end of file, expecting \"elseif\" or \"else\" or \"endif\" at C:\\OSPanel\\home\\guitar_prog1\\storage\\framework\\views\\065d2442fb694df646775c5b6bb10c58.php:281)
[stacktrace]
#0 C:\\OSPanel\\home\\guitar_prog1\\vendor\\laravel\\framework\\src\\Illuminate\\Filesystem\\Filesystem.php(124): Illuminate\\Filesystem\\Filesystem::Illuminate\\Filesystem\\{closure}()
#1 C:\\OSPanel\\home\\guitar_prog1\\vendor\\laravel\\framework\\src\\Illuminate\\View\\Engines\\PhpEngine.php(58): Illuminate\\Filesystem\\Filesystem->getRequire('C:\\\\OSPanel\\\\home...', Array)
#2 C:\\OSPanel\\home\\guitar_prog1\\vendor\\livewire\\livewire\\src\\Mechanisms\\ExtendBlade\\ExtendedCompilerEngine.php(22): Illuminate\\View\\Engines\\PhpEngine->evaluatePath('C:\\\\OSPanel\\\\home...', Array)
#3 C:\\OSPanel\\home\\guitar_prog1\\vendor\\laravel\\framework\\src\\Illuminate\\View\\Engines\\CompilerEngine.php(75): Livewire\\Mechanisms\\ExtendBlade\\ExtendedCompilerEngine->evaluatePath('C:\\\\OSPanel\\\\home...', Array)
#4 C:\\OSPanel\\home\\guitar_prog1\\vendor\\livewire\\livewire\\src\\Mechanisms\\ExtendBlade\\ExtendedCompilerEngine.php(10): Illuminate\\View\\Engines\\CompilerEngine->get('C:\\\\OSPanel\\\\home...', Array)
#5 C:\\OSPanel\\home\\guitar_prog1\\vendor\\laravel\\framework\\src\\Illuminate\\View\\View.php(209): Livewire\\Mechanisms\\ExtendBlade\\ExtendedCompilerEngine->get('C:\\\\OSPanel\\\\home...', Array)
#6 C:\\OSPanel\\home\\guitar_prog1\\vendor\\laravel\\framework\\src\\Illuminate\\View\\View.php(192): Illuminate\\View\\View->getContents()
#7 C:\\OSPanel\\home\\guitar_prog1\\vendor\\laravel\\framework\\src\\Illuminate\\View\\View.php(161): Illuminate\\View\\View->renderContents()
#8 C:\\OSPanel\\home\\guitar_prog1\\vendor\\laravel\\framework\\src\\Illuminate\\Http\\Response.php(79): Illuminate\\View\\View->render()
#9 C:\\OSPanel\\home\\guitar_prog1\\vendor\\laravel\\framework\\src\\Illuminate\\Http\\Response.php(35): Illuminate\\Http\\Response->setContent(Object(Illuminate\\View\\View))
#10 C:\\OSPanel\\home\\guitar_prog1\\vendor\\laravel\\framework\\src\\Illuminate\\Routing\\Router.php(920): Illuminate\\Http\\Response->__construct(Object(Illuminate\\View\\View), 200, Array)
#11 C:\\OSPanel\\home\\guitar_prog1\\vendor\\laravel\\framework\\src\\Illuminate\\Routing\\Router.php(887): Illuminate\\Routing\\Router::toResponse(Object(Illuminate\\Http\\Request), Object(Illuminate\\View\\View))
#12 C:\\OSPanel\\home\\guitar_prog1\\vendor\\laravel\\framework\\src\\Illuminate\\Routing\\Router.php(807): Illuminate\\Routing\\Router->prepareResponse(Object(Illuminate\\Http\\Request), Object(Illuminate\\View\\View))
#13 C:\\OSPanel\\home\\guitar_prog1\\vendor\\laravel\\framework\\src\\Illuminate\\Pipeline\\Pipeline.php(170): Illuminate\\Routing\\Router->Illuminate\\Routing\\{closure}(Object(Illuminate\\Http\\Request))
#14 C:\\OSPanel\\home\\guitar_prog1\\vendor\\laravel\\framework\\src\\Illuminate\\Auth\\Middleware\\EnsureEmailIsVerified.php(41): Illuminate\\Pipeline\\Pipeline->Illuminate\\Pipeline\\{closure}(Object(Illuminate\\Http\\Request))
#15 C:\\OSPanel\\home\\guitar_prog1\\vendor\\laravel\\framework\\src\\Illuminate\\Pipeline\\Pipeline.php(209): Illuminate\\Auth\\Middleware\\EnsureEmailIsVerified->handle(Object(Illuminate\\Http\\Request), Object(Closure))
#16 C:\\OSPanel\\home\\guitar_prog1\\vendor\\laravel\\framework\\src\\Illuminate\\Routing\\Middleware\\SubstituteBindings.php(51): Illuminate\\Pipeline\\Pipeline->Illuminate\\Pipeline\\{closure}(Object(Illuminate\\Http\\Request))
#17 C:\\OSPanel\\home\\guitar_prog1\\vendor\\laravel\\framework\\src\\Illuminate\\Pipeline\\Pipeline.php(209): Illuminate\\Routing\\Middleware\\SubstituteBindings->handle(Object(Illuminate\\Http\\Request), Object(Closure))
#18 C:\\OSPanel\\home\\guitar_prog1\\vendor\\laravel\\framework\\src\\Illuminate\\Auth\\Middleware\\Authenticate.php(64): Illuminate\\Pipeline\\Pipeline->Illuminate\\Pipeline\\{closure}(Object(Illuminate\\Http\\Request))
#19 C:\\OSPanel\\home\\guitar_prog1\\vendor\\laravel\\framework\\src\\Illuminate\\Pipeline\\Pipeline.php(209): Illuminate\\Auth\\Middleware\\Authenticate->handle(Object(Illuminate\\Http\\Request), Object(Closure))
#20 C:\\OSPanel\\home\\guitar_prog1\\vendor\\laravel\\framework\\src\\Illuminate\\Foundation\\Http\\Middleware\\VerifyCsrfToken.php(88): Illuminate\\Pipeline\\Pipeline->Illuminate\\Pipeline\\{closure}(Object(Illuminate\\Http\\Request))
#21 C:\\OSPanel\\home\\guitar_prog1\\vendor\\laravel\\framework\\src\\Illuminate\\Pipeline\\Pipeline.php(209): Illuminate\\Foundation\\Http\\Middleware\\VerifyCsrfToken->handle(Object(Illuminate\\Http\\Request), Object(Closure))
#22 C:\\OSPanel\\home\\guitar_prog1\\vendor\\laravel\\framework\\src\\Illuminate\\View\\Middleware\\ShareErrorsFromSession.php(49): Illuminate\\Pipeline\\Pipeline->Illuminate\\Pipeline\\{closure}(Object(Illuminate\\Http\\Request))
#23 C:\\OSPanel\\home\\guitar_prog1\\vendor\\laravel\\framework\\src\\Illuminate\\Pipeline\\Pipeline.php(209): Illuminate\\View\\Middleware\\ShareErrorsFromSession->handle(Object(Illuminate\\Http\\Request), Object(Closure))
#24 C:\\OSPanel\\home\\guitar_prog1\\vendor\\laravel\\framework\\src\\Illuminate\\Session\\Middleware\\StartSession.php(121): Illuminate\\Pipeline\\Pipeline->Illuminate\\Pipeline\\{closure}(Object(Illuminate\\Http\\Request))
#25 C:\\OSPanel\\home\\guitar_prog1\\vendor\\laravel\\framework\\src\\Illuminate\\Session\\Middleware\\StartSession.php(64): Illuminate\\Session\\Middleware\\StartSession->handleStatefulRequest(Object(Illuminate\\Http\\Request), Object(Illuminate\\Session\\Store), Object(Closure))
#26 C:\\OSPanel\\home\\guitar_prog1\\vendor\\laravel\\framework\\src\\Illuminate\\Pipeline\\Pipeline.php(209): Illuminate\\Session\\Middleware\\StartSession->handle(Object(Illuminate\\Http\\Request), Object(Closure))
#27 C:\\OSPanel\\home\\guitar_prog1\\vendor\\laravel\\framework\\src\\Illuminate\\Cookie\\Middleware\\AddQueuedCookiesToResponse.php(37): Illuminate\\Pipeline\\Pipeline->Illuminate\\Pipeline\\{closure}(Object(Illuminate\\Http\\Request))
#28 C:\\OSPanel\\home\\guitar_prog1\\vendor\\laravel\\framework\\src\\Illuminate\\Pipeline\\Pipeline.php(209): Illuminate\\Cookie\\Middleware\\AddQueuedCookiesToResponse->handle(Object(Illuminate\\Http\\Request), Object(Closure))
#29 C:\\OSPanel\\home\\guitar_prog1\\vendor\\laravel\\framework\\src\\Illuminate\\Cookie\\Middleware\\EncryptCookies.php(75): Illuminate\\Pipeline\\Pipeline->Illuminate\\Pipeline\\{closure}(Object(Illuminate\\Http\\Request))
#30 C:\\OSPanel\\home\\guitar_prog1\\vendor\\laravel\\framework\\src\\Illuminate\\Pipeline\\Pipeline.php(209): Illuminate\\Cookie\\Middleware\\EncryptCookies->handle(Object(Illuminate\\Http\\Request), Object(Closure))
#31 C:\\OSPanel\\home\\guitar_prog1\\vendor\\laravel\\framework\\src\\Illuminate\\Pipeline\\Pipeline.php(127): Illuminate\\Pipeline\\Pipeline->Illuminate\\Pipeline\\{closure}(Object(Illuminate\\Http\\Request))
#32 C:\\OSPanel\\home\\guitar_prog1\\vendor\\laravel\\framework\\src\\Illuminate\\Routing\\Router.php(807): Illuminate\\Pipeline\\Pipeline->then(Object(Closure))
#33 C:\\OSPanel\\home\\guitar_prog1\\vendor\\laravel\\framework\\src\\Illuminate\\Routing\\Router.php(786): Illuminate\\Routing\\Router->runRouteWithinStack(Object(Illuminate\\Routing\\Route), Object(Illuminate\\Http\\Request))
#34 C:\\OSPanel\\home\\guitar_prog1\\vendor\\laravel\\framework\\src\\Illuminate\\Routing\\Router.php(750): Illuminate\\Routing\\Router->runRoute(Object(Illuminate\\Http\\Request), Object(Illuminate\\Routing\\Route))
#35 C:\\OSPanel\\home\\guitar_prog1\\vendor\\laravel\\framework\\src\\Illuminate\\Routing\\Router.php(739): Illuminate\\Routing\\Router->dispatchToRoute(Object(Illuminate\\Http\\Request))
#36 C:\\OSPanel\\home\\guitar_prog1\\vendor\\laravel\\framework\\src\\Illuminate\\Foundation\\Http\\Kernel.php(201): Illuminate\\Routing\\Router->dispatch(Object(Illuminate\\Http\\Request))
#37 C:\\OSPanel\\home\\guitar_prog1\\vendor\\laravel\\framework\\src\\Illuminate\\Pipeline\\Pipeline.php(170): Illuminate\\Foundation\\Http\\Kernel->Illuminate\\Foundation\\Http\\{closure}(Object(Illuminate\\Http\\Request))
#38 C:\\OSPanel\\home\\guitar_prog1\\vendor\\livewire\\livewire\\src\\Features\\SupportDisablingBackButtonCache\\DisableBackButtonCacheMiddleware.php(19): Illuminate\\Pipeline\\Pipeline->Illuminate\\Pipeline\\{closure}(Object(Illuminate\\Http\\Request))
#39 C:\\OSPanel\\home\\guitar_prog1\\vendor\\laravel\\framework\\src\\Illuminate\\Pipeline\\Pipeline.php(209): Livewire\\Features\\SupportDisablingBackButtonCache\\DisableBackButtonCacheMiddleware->handle(Object(Illuminate\\Http\\Request), Object(Closure))
#40 C:\\OSPanel\\home\\guitar_prog1\\vendor\\laravel\\framework\\src\\Illuminate\\Foundation\\Http\\Middleware\\TransformsRequest.php(21): Illuminate\\Pipeline\\Pipeline->Illuminate\\Pipeline\\{closure}(Object(Illuminate\\Http\\Request))
#41 C:\\OSPanel\\home\\guitar_prog1\\vendor\\laravel\\framework\\src\\Illuminate\\Foundation\\Http\\Middleware\\ConvertEmptyStringsToNull.php(31): Illuminate\\Foundation\\Http\\Middleware\\TransformsRequest->handle(Object(Illuminate\\Http\\Request), Object(Closure))
#42 C:\\OSPanel\\home\\guitar_prog1\\vendor\\laravel\\framework\\src\\Illuminate\\Pipeline\\Pipeline.php(209): Illuminate\\Foundation\\Http\\Middleware\\ConvertEmptyStringsToNull->handle(Object(Illuminate\\Http\\Request), Object(Closure))
#43 C:\\OSPanel\\home\\guitar_prog1\\vendor\\laravel\\framework\\src\\Illuminate\\Foundation\\Http\\Middleware\\TransformsRequest.php(21): Illuminate\\Pipeline\\Pipeline->Illuminate\\Pipeline\\{closure}(Object(Illuminate\\Http\\Request))
#44 C:\\OSPanel\\home\\guitar_prog1\\vendor\\laravel\\framework\\src\\Illuminate\\Foundation\\Http\\Middleware\\TrimStrings.php(51): Illuminate\\Foundation\\Http\\Middleware\\TransformsRequest->handle(Object(Illuminate\\Http\\Request), Object(Closure))
#45 C:\\OSPanel\\home\\guitar_prog1\\vendor\\laravel\\framework\\src\\Illuminate\\Pipeline\\Pipeline.php(209): Illuminate\\Foundation\\Http\\Middleware\\TrimStrings->handle(Object(Illuminate\\Http\\Request), Object(Closure))
#46 C:\\OSPanel\\home\\guitar_prog1\\vendor\\laravel\\framework\\src\\Illuminate\\Http\\Middleware\\ValidatePostSize.php(27): Illuminate\\Pipeline\\Pipeline->Illuminate\\Pipeline\\{closure}(Object(Illuminate\\Http\\Request))
#47 C:\\OSPanel\\home\\guitar_prog1\\vendor\\laravel\\framework\\src\\Illuminate\\Pipeline\\Pipeline.php(209): Illuminate\\Http\\Middleware\\ValidatePostSize->handle(Object(Illuminate\\Http\\Request), Object(Closure))
#48 C:\\OSPanel\\home\\guitar_prog1\\vendor\\laravel\\framework\\src\\Illuminate\\Foundation\\Http\\Middleware\\PreventRequestsDuringMaintenance.php(110): Illuminate\\Pipeline\\Pipeline->Illuminate\\Pipeline\\{closure}(Object(Illuminate\\Http\\Request))
#49 C:\\OSPanel\\home\\guitar_prog1\\vendor\\laravel\\framework\\src\\Illuminate\\Pipeline\\Pipeline.php(209): Illuminate\\Foundation\\Http\\Middleware\\PreventRequestsDuringMaintenance->handle(Object(Illuminate\\Http\\Request), Object(Closure))
#50 C:\\OSPanel\\home\\guitar_prog1\\vendor\\laravel\\framework\\src\\Illuminate\\Http\\Middleware\\HandleCors.php(49): Illuminate\\Pipeline\\Pipeline->Illuminate\\Pipeline\\{closure}(Object(Illuminate\\Http\\Request))
#51 C:\\OSPanel\\home\\guitar_prog1\\vendor\\laravel\\framework\\src\\Illuminate\\Pipeline\\Pipeline.php(209): Illuminate\\Http\\Middleware\\HandleCors->handle(Object(Illuminate\\Http\\Request), Object(Closure))
#52 C:\\OSPanel\\home\\guitar_prog1\\vendor\\laravel\\framework\\src\\Illuminate\\Http\\Middleware\\TrustProxies.php(58): Illuminate\\Pipeline\\Pipeline->Illuminate\\Pipeline\\{closure}(Object(Illuminate\\Http\\Request))
#53 C:\\OSPanel\\home\\guitar_prog1\\vendor\\laravel\\framework\\src\\Illuminate\\Pipeline\\Pipeline.php(209): Illuminate\\Http\\Middleware\\TrustProxies->handle(Object(Illuminate\\Http\\Request), Object(Closure))
#54 C:\\OSPanel\\home\\guitar_prog1\\vendor\\laravel\\framework\\src\\Illuminate\\Foundation\\Http\\Middleware\\InvokeDeferredCallbacks.php(22): Illuminate\\Pipeline\\Pipeline->Illuminate\\Pipeline\\{closure}(Object(Illuminate\\Http\\Request))
#55 C:\\OSPanel\\home\\guitar_prog1\\vendor\\laravel\\framework\\src\\Illuminate\\Pipeline\\Pipeline.php(209): Illuminate\\Foundation\\Http\\Middleware\\InvokeDeferredCallbacks->handle(Object(Illuminate\\Http\\Request), Object(Closure))
#56 C:\\OSPanel\\home\\guitar_prog1\\vendor\\laravel\\framework\\src\\Illuminate\\Http\\Middleware\\ValidatePathEncoding.php(26): Illuminate\\Pipeline\\Pipeline->Illuminate\\Pipeline\\{closure}(Object(Illuminate\\Http\\Request))
#57 C:\\OSPanel\\home\\guitar_prog1\\vendor\\laravel\\framework\\src\\Illuminate\\Pipeline\\Pipeline.php(209): Illuminate\\Http\\Middleware\\ValidatePathEncoding->handle(Object(Illuminate\\Http\\Request), Object(Closure))
#58 C:\\OSPanel\\home\\guitar_prog1\\vendor\\laravel\\framework\\src\\Illuminate\\Pipeline\\Pipeline.php(127): Illuminate\\Pipeline\\Pipeline->Illuminate\\Pipeline\\{closure}(Object(Illuminate\\Http\\Request))
#59 C:\\OSPanel\\home\\guitar_prog1\\vendor\\laravel\\framework\\src\\Illuminate\\Foundation\\Http\\Kernel.php(176): Illuminate\\Pipeline\\Pipeline->then(Object(Closure))
#60 C:\\OSPanel\\home\\guitar_prog1\\vendor\\laravel\\framework\\src\\Illuminate\\Foundation\\Http\\Kernel.php(145): Illuminate\\Foundation\\Http\\Kernel->sendRequestThroughRouter(Object(Illuminate\\Http\\Request))
#61 C:\\OSPanel\\home\\guitar_prog1\\vendor\\laravel\\framework\\src\\Illuminate\\Foundation\\Application.php(1220): Illuminate\\Foundation\\Http\\Kernel->handle(Object(Illuminate\\Http\\Request))
#62 C:\\OSPanel\\home\\guitar_prog1\\public\\index.php(20): Illuminate\\Foundation\\Application->handleRequest(Object(Illuminate\\Http\\Request))
#63 C:\\OSPanel\\home\\guitar_prog1\\vendor\\laravel\\framework\\src\\Illuminate\\Foundation\\resources\\server.php(23): require_once('C:\\\\OSPanel\\\\home...')
#64 {main}
"} 
[2025-05-02 10:13:43] local.ERROR: syntax error, unexpected token "endif" (View: C:\OSPanel\home\guitar_prog1\resources\views\cart\index.blade.php) {"userId":4,"exception":"[object] (Illuminate\\View\\ViewException(code: 0): syntax error, unexpected token \"endif\" (View: C:\\OSPanel\\home\\guitar_prog1\\resources\\views\\cart\\index.blade.php) at C:\\OSPanel\\home\\guitar_prog1\\storage\\framework\\views\\065d2442fb694df646775c5b6bb10c58.php:93)
[stacktrace]
#0 C:\\OSPanel\\home\\guitar_prog1\\vendor\\livewire\\livewire\\src\\Mechanisms\\ExtendBlade\\ExtendedCompilerEngine.php(58): Illuminate\\View\\Engines\\CompilerEngine->handleViewException(Object(ParseError), 1)
#1 C:\\OSPanel\\home\\guitar_prog1\\vendor\\laravel\\framework\\src\\Illuminate\\View\\Engines\\PhpEngine.php(60): Livewire\\Mechanisms\\ExtendBlade\\ExtendedCompilerEngine->handleViewException(Object(ParseError), 1)
#2 C:\\OSPanel\\home\\guitar_prog1\\vendor\\livewire\\livewire\\src\\Mechanisms\\ExtendBlade\\ExtendedCompilerEngine.php(22): Illuminate\\View\\Engines\\PhpEngine->evaluatePath('C:\\\\OSPanel\\\\home...', Array)
#3 C:\\OSPanel\\home\\guitar_prog1\\vendor\\laravel\\framework\\src\\Illuminate\\View\\Engines\\CompilerEngine.php(75): Livewire\\Mechanisms\\ExtendBlade\\ExtendedCompilerEngine->evaluatePath('C:\\\\OSPanel\\\\home...', Array)
#4 C:\\OSPanel\\home\\guitar_prog1\\vendor\\livewire\\livewire\\src\\Mechanisms\\ExtendBlade\\ExtendedCompilerEngine.php(10): Illuminate\\View\\Engines\\CompilerEngine->get('C:\\\\OSPanel\\\\home...', Array)
#5 C:\\OSPanel\\home\\guitar_prog1\\vendor\\laravel\\framework\\src\\Illuminate\\View\\View.php(209): Livewire\\Mechanisms\\ExtendBlade\\ExtendedCompilerEngine->get('C:\\\\OSPanel\\\\home...', Array)
#6 C:\\OSPanel\\home\\guitar_prog1\\vendor\\laravel\\framework\\src\\Illuminate\\View\\View.php(192): Illuminate\\View\\View->getContents()
#7 C:\\OSPanel\\home\\guitar_prog1\\vendor\\laravel\\framework\\src\\Illuminate\\View\\View.php(161): Illuminate\\View\\View->renderContents()
#8 C:\\OSPanel\\home\\guitar_prog1\\vendor\\laravel\\framework\\src\\Illuminate\\Http\\Response.php(79): Illuminate\\View\\View->render()
#9 C:\\OSPanel\\home\\guitar_prog1\\vendor\\laravel\\framework\\src\\Illuminate\\Http\\Response.php(35): Illuminate\\Http\\Response->setContent(Object(Illuminate\\View\\View))
#10 C:\\OSPanel\\home\\guitar_prog1\\vendor\\laravel\\framework\\src\\Illuminate\\Routing\\Router.php(920): Illuminate\\Http\\Response->__construct(Object(Illuminate\\View\\View), 200, Array)
#11 C:\\OSPanel\\home\\guitar_prog1\\vendor\\laravel\\framework\\src\\Illuminate\\Routing\\Router.php(887): Illuminate\\Routing\\Router::toResponse(Object(Illuminate\\Http\\Request), Object(Illuminate\\View\\View))
#12 C:\\OSPanel\\home\\guitar_prog1\\vendor\\laravel\\framework\\src\\Illuminate\\Routing\\Router.php(807): Illuminate\\Routing\\Router->prepareResponse(Object(Illuminate\\Http\\Request), Object(Illuminate\\View\\View))
#13 C:\\OSPanel\\home\\guitar_prog1\\vendor\\laravel\\framework\\src\\Illuminate\\Pipeline\\Pipeline.php(170): Illuminate\\Routing\\Router->Illuminate\\Routing\\{closure}(Object(Illuminate\\Http\\Request))
#14 C:\\OSPanel\\home\\guitar_prog1\\vendor\\laravel\\framework\\src\\Illuminate\\Auth\\Middleware\\EnsureEmailIsVerified.php(41): Illuminate\\Pipeline\\Pipeline->Illuminate\\Pipeline\\{closure}(Object(Illuminate\\Http\\Request))
#15 C:\\OSPanel\\home\\guitar_prog1\\vendor\\laravel\\framework\\src\\Illuminate\\Pipeline\\Pipeline.php(209): Illuminate\\Auth\\Middleware\\EnsureEmailIsVerified->handle(Object(Illuminate\\Http\\Request), Object(Closure))
#16 C:\\OSPanel\\home\\guitar_prog1\\vendor\\laravel\\framework\\src\\Illuminate\\Routing\\Middleware\\SubstituteBindings.php(51): Illuminate\\Pipeline\\Pipeline->Illuminate\\Pipeline\\{closure}(Object(Illuminate\\Http\\Request))
#17 C:\\OSPanel\\home\\guitar_prog1\\vendor\\laravel\\framework\\src\\Illuminate\\Pipeline\\Pipeline.php(209): Illuminate\\Routing\\Middleware\\SubstituteBindings->handle(Object(Illuminate\\Http\\Request), Object(Closure))
#18 C:\\OSPanel\\home\\guitar_prog1\\vendor\\laravel\\framework\\src\\Illuminate\\Auth\\Middleware\\Authenticate.php(64): Illuminate\\Pipeline\\Pipeline->Illuminate\\Pipeline\\{closure}(Object(Illuminate\\Http\\Request))
#19 C:\\OSPanel\\home\\guitar_prog1\\vendor\\laravel\\framework\\src\\Illuminate\\Pipeline\\Pipeline.php(209): Illuminate\\Auth\\Middleware\\Authenticate->handle(Object(Illuminate\\Http\\Request), Object(Closure))
#20 C:\\OSPanel\\home\\guitar_prog1\\vendor\\laravel\\framework\\src\\Illuminate\\Foundation\\Http\\Middleware\\VerifyCsrfToken.php(88): Illuminate\\Pipeline\\Pipeline->Illuminate\\Pipeline\\{closure}(Object(Illuminate\\Http\\Request))
#21 C:\\OSPanel\\home\\guitar_prog1\\vendor\\laravel\\framework\\src\\Illuminate\\Pipeline\\Pipeline.php(209): Illuminate\\Foundation\\Http\\Middleware\\VerifyCsrfToken->handle(Object(Illuminate\\Http\\Request), Object(Closure))
#22 C:\\OSPanel\\home\\guitar_prog1\\vendor\\laravel\\framework\\src\\Illuminate\\View\\Middleware\\ShareErrorsFromSession.php(49): Illuminate\\Pipeline\\Pipeline->Illuminate\\Pipeline\\{closure}(Object(Illuminate\\Http\\Request))
#23 C:\\OSPanel\\home\\guitar_prog1\\vendor\\laravel\\framework\\src\\Illuminate\\Pipeline\\Pipeline.php(209): Illuminate\\View\\Middleware\\ShareErrorsFromSession->handle(Object(Illuminate\\Http\\Request), Object(Closure))
#24 C:\\OSPanel\\home\\guitar_prog1\\vendor\\laravel\\framework\\src\\Illuminate\\Session\\Middleware\\StartSession.php(121): Illuminate\\Pipeline\\Pipeline->Illuminate\\Pipeline\\{closure}(Object(Illuminate\\Http\\Request))
#25 C:\\OSPanel\\home\\guitar_prog1\\vendor\\laravel\\framework\\src\\Illuminate\\Session\\Middleware\\StartSession.php(64): Illuminate\\Session\\Middleware\\StartSession->handleStatefulRequest(Object(Illuminate\\Http\\Request), Object(Illuminate\\Session\\Store), Object(Closure))
#26 C:\\OSPanel\\home\\guitar_prog1\\vendor\\laravel\\framework\\src\\Illuminate\\Pipeline\\Pipeline.php(209): Illuminate\\Session\\Middleware\\StartSession->handle(Object(Illuminate\\Http\\Request), Object(Closure))
#27 C:\\OSPanel\\home\\guitar_prog1\\vendor\\laravel\\framework\\src\\Illuminate\\Cookie\\Middleware\\AddQueuedCookiesToResponse.php(37): Illuminate\\Pipeline\\Pipeline->Illuminate\\Pipeline\\{closure}(Object(Illuminate\\Http\\Request))
#28 C:\\OSPanel\\home\\guitar_prog1\\vendor\\laravel\\framework\\src\\Illuminate\\Pipeline\\Pipeline.php(209): Illuminate\\Cookie\\Middleware\\AddQueuedCookiesToResponse->handle(Object(Illuminate\\Http\\Request), Object(Closure))
#29 C:\\OSPanel\\home\\guitar_prog1\\vendor\\laravel\\framework\\src\\Illuminate\\Cookie\\Middleware\\EncryptCookies.php(75): Illuminate\\Pipeline\\Pipeline->Illuminate\\Pipeline\\{closure}(Object(Illuminate\\Http\\Request))
#30 C:\\OSPanel\\home\\guitar_prog1\\vendor\\laravel\\framework\\src\\Illuminate\\Pipeline\\Pipeline.php(209): Illuminate\\Cookie\\Middleware\\EncryptCookies->handle(Object(Illuminate\\Http\\Request), Object(Closure))
#31 C:\\OSPanel\\home\\guitar_prog1\\vendor\\laravel\\framework\\src\\Illuminate\\Pipeline\\Pipeline.php(127): Illuminate\\Pipeline\\Pipeline->Illuminate\\Pipeline\\{closure}(Object(Illuminate\\Http\\Request))
#32 C:\\OSPanel\\home\\guitar_prog1\\vendor\\laravel\\framework\\src\\Illuminate\\Routing\\Router.php(807): Illuminate\\Pipeline\\Pipeline->then(Object(Closure))
#33 C:\\OSPanel\\home\\guitar_prog1\\vendor\\laravel\\framework\\src\\Illuminate\\Routing\\Router.php(786): Illuminate\\Routing\\Router->runRouteWithinStack(Object(Illuminate\\Routing\\Route), Object(Illuminate\\Http\\Request))
#34 C:\\OSPanel\\home\\guitar_prog1\\vendor\\laravel\\framework\\src\\Illuminate\\Routing\\Router.php(750): Illuminate\\Routing\\Router->runRoute(Object(Illuminate\\Http\\Request), Object(Illuminate\\Routing\\Route))
#35 C:\\OSPanel\\home\\guitar_prog1\\vendor\\laravel\\framework\\src\\Illuminate\\Routing\\Router.php(739): Illuminate\\Routing\\Router->dispatchToRoute(Object(Illuminate\\Http\\Request))
#36 C:\\OSPanel\\home\\guitar_prog1\\vendor\\laravel\\framework\\src\\Illuminate\\Foundation\\Http\\Kernel.php(201): Illuminate\\Routing\\Router->dispatch(Object(Illuminate\\Http\\Request))
#37 C:\\OSPanel\\home\\guitar_prog1\\vendor\\laravel\\framework\\src\\Illuminate\\Pipeline\\Pipeline.php(170): Illuminate\\Foundation\\Http\\Kernel->Illuminate\\Foundation\\Http\\{closure}(Object(Illuminate\\Http\\Request))
#38 C:\\OSPanel\\home\\guitar_prog1\\vendor\\livewire\\livewire\\src\\Features\\SupportDisablingBackButtonCache\\DisableBackButtonCacheMiddleware.php(19): Illuminate\\Pipeline\\Pipeline->Illuminate\\Pipeline\\{closure}(Object(Illuminate\\Http\\Request))
#39 C:\\OSPanel\\home\\guitar_prog1\\vendor\\laravel\\framework\\src\\Illuminate\\Pipeline\\Pipeline.php(209): Livewire\\Features\\SupportDisablingBackButtonCache\\DisableBackButtonCacheMiddleware->handle(Object(Illuminate\\Http\\Request), Object(Closure))
#40 C:\\OSPanel\\home\\guitar_prog1\\vendor\\laravel\\framework\\src\\Illuminate\\Foundation\\Http\\Middleware\\TransformsRequest.php(21): Illuminate\\Pipeline\\Pipeline->Illuminate\\Pipeline\\{closure}(Object(Illuminate\\Http\\Request))
#41 C:\\OSPanel\\home\\guitar_prog1\\vendor\\laravel\\framework\\src\\Illuminate\\Foundation\\Http\\Middleware\\ConvertEmptyStringsToNull.php(31): Illuminate\\Foundation\\Http\\Middleware\\TransformsRequest->handle(Object(Illuminate\\Http\\Request), Object(Closure))
#42 C:\\OSPanel\\home\\guitar_prog1\\vendor\\laravel\\framework\\src\\Illuminate\\Pipeline\\Pipeline.php(209): Illuminate\\Foundation\\Http\\Middleware\\ConvertEmptyStringsToNull->handle(Object(Illuminate\\Http\\Request), Object(Closure))
#43 C:\\OSPanel\\home\\guitar_prog1\\vendor\\laravel\\framework\\src\\Illuminate\\Foundation\\Http\\Middleware\\TransformsRequest.php(21): Illuminate\\Pipeline\\Pipeline->Illuminate\\Pipeline\\{closure}(Object(Illuminate\\Http\\Request))
#44 C:\\OSPanel\\home\\guitar_prog1\\vendor\\laravel\\framework\\src\\Illuminate\\Foundation\\Http\\Middleware\\TrimStrings.php(51): Illuminate\\Foundation\\Http\\Middleware\\TransformsRequest->handle(Object(Illuminate\\Http\\Request), Object(Closure))
#45 C:\\OSPanel\\home\\guitar_prog1\\vendor\\laravel\\framework\\src\\Illuminate\\Pipeline\\Pipeline.php(209): Illuminate\\Foundation\\Http\\Middleware\\TrimStrings->handle(Object(Illuminate\\Http\\Request), Object(Closure))
#46 C:\\OSPanel\\home\\guitar_prog1\\vendor\\laravel\\framework\\src\\Illuminate\\Http\\Middleware\\ValidatePostSize.php(27): Illuminate\\Pipeline\\Pipeline->Illuminate\\Pipeline\\{closure}(Object(Illuminate\\Http\\Request))
#47 C:\\OSPanel\\home\\guitar_prog1\\vendor\\laravel\\framework\\src\\Illuminate\\Pipeline\\Pipeline.php(209): Illuminate\\Http\\Middleware\\ValidatePostSize->handle(Object(Illuminate\\Http\\Request), Object(Closure))
#48 C:\\OSPanel\\home\\guitar_prog1\\vendor\\laravel\\framework\\src\\Illuminate\\Foundation\\Http\\Middleware\\PreventRequestsDuringMaintenance.php(110): Illuminate\\Pipeline\\Pipeline->Illuminate\\Pipeline\\{closure}(Object(Illuminate\\Http\\Request))
#49 C:\\OSPanel\\home\\guitar_prog1\\vendor\\laravel\\framework\\src\\Illuminate\\Pipeline\\Pipeline.php(209): Illuminate\\Foundation\\Http\\Middleware\\PreventRequestsDuringMaintenance->handle(Object(Illuminate\\Http\\Request), Object(Closure))
#50 C:\\OSPanel\\home\\guitar_prog1\\vendor\\laravel\\framework\\src\\Illuminate\\Http\\Middleware\\HandleCors.php(49): Illuminate\\Pipeline\\Pipeline->Illuminate\\Pipeline\\{closure}(Object(Illuminate\\Http\\Request))
#51 C:\\OSPanel\\home\\guitar_prog1\\vendor\\laravel\\framework\\src\\Illuminate\\Pipeline\\Pipeline.php(209): Illuminate\\Http\\Middleware\\HandleCors->handle(Object(Illuminate\\Http\\Request), Object(Closure))
#52 C:\\OSPanel\\home\\guitar_prog1\\vendor\\laravel\\framework\\src\\Illuminate\\Http\\Middleware\\TrustProxies.php(58): Illuminate\\Pipeline\\Pipeline->Illuminate\\Pipeline\\{closure}(Object(Illuminate\\Http\\Request))
#53 C:\\OSPanel\\home\\guitar_prog1\\vendor\\laravel\\framework\\src\\Illuminate\\Pipeline\\Pipeline.php(209): Illuminate\\Http\\Middleware\\TrustProxies->handle(Object(Illuminate\\Http\\Request), Object(Closure))
#54 C:\\OSPanel\\home\\guitar_prog1\\vendor\\laravel\\framework\\src\\Illuminate\\Foundation\\Http\\Middleware\\InvokeDeferredCallbacks.php(22): Illuminate\\Pipeline\\Pipeline->Illuminate\\Pipeline\\{closure}(Object(Illuminate\\Http\\Request))
#55 C:\\OSPanel\\home\\guitar_prog1\\vendor\\laravel\\framework\\src\\Illuminate\\Pipeline\\Pipeline.php(209): Illuminate\\Foundation\\Http\\Middleware\\InvokeDeferredCallbacks->handle(Object(Illuminate\\Http\\Request), Object(Closure))
#56 C:\\OSPanel\\home\\guitar_prog1\\vendor\\laravel\\framework\\src\\Illuminate\\Http\\Middleware\\ValidatePathEncoding.php(26): Illuminate\\Pipeline\\Pipeline->Illuminate\\Pipeline\\{closure}(Object(Illuminate\\Http\\Request))
#57 C:\\OSPanel\\home\\guitar_prog1\\vendor\\laravel\\framework\\src\\Illuminate\\Pipeline\\Pipeline.php(209): Illuminate\\Http\\Middleware\\ValidatePathEncoding->handle(Object(Illuminate\\Http\\Request), Object(Closure))
#58 C:\\OSPanel\\home\\guitar_prog1\\vendor\\laravel\\framework\\src\\Illuminate\\Pipeline\\Pipeline.php(127): Illuminate\\Pipeline\\Pipeline->Illuminate\\Pipeline\\{closure}(Object(Illuminate\\Http\\Request))
#59 C:\\OSPanel\\home\\guitar_prog1\\vendor\\laravel\\framework\\src\\Illuminate\\Foundation\\Http\\Kernel.php(176): Illuminate\\Pipeline\\Pipeline->then(Object(Closure))
#60 C:\\OSPanel\\home\\guitar_prog1\\vendor\\laravel\\framework\\src\\Illuminate\\Foundation\\Http\\Kernel.php(145): Illuminate\\Foundation\\Http\\Kernel->sendRequestThroughRouter(Object(Illuminate\\Http\\Request))
#61 C:\\OSPanel\\home\\guitar_prog1\\vendor\\laravel\\framework\\src\\Illuminate\\Foundation\\Application.php(1220): Illuminate\\Foundation\\Http\\Kernel->handle(Object(Illuminate\\Http\\Request))
#62 C:\\OSPanel\\home\\guitar_prog1\\public\\index.php(20): Illuminate\\Foundation\\Application->handleRequest(Object(Illuminate\\Http\\Request))
#63 C:\\OSPanel\\home\\guitar_prog1\\vendor\\laravel\\framework\\src\\Illuminate\\Foundation\\resources\\server.php(23): require_once('C:\\\\OSPanel\\\\home...')
#64 {main}

[previous exception] [object] (ParseError(code: 0): syntax error, unexpected token \"endif\" at C:\\OSPanel\\home\\guitar_prog1\\storage\\framework\\views\\065d2442fb694df646775c5b6bb10c58.php:93)
[stacktrace]
#0 C:\\OSPanel\\home\\guitar_prog1\\vendor\\laravel\\framework\\src\\Illuminate\\Filesystem\\Filesystem.php(124): Illuminate\\Filesystem\\Filesystem::Illuminate\\Filesystem\\{closure}()
#1 C:\\OSPanel\\home\\guitar_prog1\\vendor\\laravel\\framework\\src\\Illuminate\\View\\Engines\\PhpEngine.php(58): Illuminate\\Filesystem\\Filesystem->getRequire('C:\\\\OSPanel\\\\home...', Array)
#2 C:\\OSPanel\\home\\guitar_prog1\\vendor\\livewire\\livewire\\src\\Mechanisms\\ExtendBlade\\ExtendedCompilerEngine.php(22): Illuminate\\View\\Engines\\PhpEngine->evaluatePath('C:\\\\OSPanel\\\\home...', Array)
#3 C:\\OSPanel\\home\\guitar_prog1\\vendor\\laravel\\framework\\src\\Illuminate\\View\\Engines\\CompilerEngine.php(75): Livewire\\Mechanisms\\ExtendBlade\\ExtendedCompilerEngine->evaluatePath('C:\\\\OSPanel\\\\home...', Array)
#4 C:\\OSPanel\\home\\guitar_prog1\\vendor\\livewire\\livewire\\src\\Mechanisms\\ExtendBlade\\ExtendedCompilerEngine.php(10): Illuminate\\View\\Engines\\CompilerEngine->get('C:\\\\OSPanel\\\\home...', Array)
#5 C:\\OSPanel\\home\\guitar_prog1\\vendor\\laravel\\framework\\src\\Illuminate\\View\\View.php(209): Livewire\\Mechanisms\\ExtendBlade\\ExtendedCompilerEngine->get('C:\\\\OSPanel\\\\home...', Array)
#6 C:\\OSPanel\\home\\guitar_prog1\\vendor\\laravel\\framework\\src\\Illuminate\\View\\View.php(192): Illuminate\\View\\View->getContents()
#7 C:\\OSPanel\\home\\guitar_prog1\\vendor\\laravel\\framework\\src\\Illuminate\\View\\View.php(161): Illuminate\\View\\View->renderContents()
#8 C:\\OSPanel\\home\\guitar_prog1\\vendor\\laravel\\framework\\src\\Illuminate\\Http\\Response.php(79): Illuminate\\View\\View->render()
#9 C:\\OSPanel\\home\\guitar_prog1\\vendor\\laravel\\framework\\src\\Illuminate\\Http\\Response.php(35): Illuminate\\Http\\Response->setContent(Object(Illuminate\\View\\View))
#10 C:\\OSPanel\\home\\guitar_prog1\\vendor\\laravel\\framework\\src\\Illuminate\\Routing\\Router.php(920): Illuminate\\Http\\Response->__construct(Object(Illuminate\\View\\View), 200, Array)
#11 C:\\OSPanel\\home\\guitar_prog1\\vendor\\laravel\\framework\\src\\Illuminate\\Routing\\Router.php(887): Illuminate\\Routing\\Router::toResponse(Object(Illuminate\\Http\\Request), Object(Illuminate\\View\\View))
#12 C:\\OSPanel\\home\\guitar_prog1\\vendor\\laravel\\framework\\src\\Illuminate\\Routing\\Router.php(807): Illuminate\\Routing\\Router->prepareResponse(Object(Illuminate\\Http\\Request), Object(Illuminate\\View\\View))
#13 C:\\OSPanel\\home\\guitar_prog1\\vendor\\laravel\\framework\\src\\Illuminate\\Pipeline\\Pipeline.php(170): Illuminate\\Routing\\Router->Illuminate\\Routing\\{closure}(Object(Illuminate\\Http\\Request))
#14 C:\\OSPanel\\home\\guitar_prog1\\vendor\\laravel\\framework\\src\\Illuminate\\Auth\\Middleware\\EnsureEmailIsVerified.php(41): Illuminate\\Pipeline\\Pipeline->Illuminate\\Pipeline\\{closure}(Object(Illuminate\\Http\\Request))
#15 C:\\OSPanel\\home\\guitar_prog1\\vendor\\laravel\\framework\\src\\Illuminate\\Pipeline\\Pipeline.php(209): Illuminate\\Auth\\Middleware\\EnsureEmailIsVerified->handle(Object(Illuminate\\Http\\Request), Object(Closure))
#16 C:\\OSPanel\\home\\guitar_prog1\\vendor\\laravel\\framework\\src\\Illuminate\\Routing\\Middleware\\SubstituteBindings.php(51): Illuminate\\Pipeline\\Pipeline->Illuminate\\Pipeline\\{closure}(Object(Illuminate\\Http\\Request))
#17 C:\\OSPanel\\home\\guitar_prog1\\vendor\\laravel\\framework\\src\\Illuminate\\Pipeline\\Pipeline.php(209): Illuminate\\Routing\\Middleware\\SubstituteBindings->handle(Object(Illuminate\\Http\\Request), Object(Closure))
#18 C:\\OSPanel\\home\\guitar_prog1\\vendor\\laravel\\framework\\src\\Illuminate\\Auth\\Middleware\\Authenticate.php(64): Illuminate\\Pipeline\\Pipeline->Illuminate\\Pipeline\\{closure}(Object(Illuminate\\Http\\Request))
#19 C:\\OSPanel\\home\\guitar_prog1\\vendor\\laravel\\framework\\src\\Illuminate\\Pipeline\\Pipeline.php(209): Illuminate\\Auth\\Middleware\\Authenticate->handle(Object(Illuminate\\Http\\Request), Object(Closure))
#20 C:\\OSPanel\\home\\guitar_prog1\\vendor\\laravel\\framework\\src\\Illuminate\\Foundation\\Http\\Middleware\\VerifyCsrfToken.php(88): Illuminate\\Pipeline\\Pipeline->Illuminate\\Pipeline\\{closure}(Object(Illuminate\\Http\\Request))
#21 C:\\OSPanel\\home\\guitar_prog1\\vendor\\laravel\\framework\\src\\Illuminate\\Pipeline\\Pipeline.php(209): Illuminate\\Foundation\\Http\\Middleware\\VerifyCsrfToken->handle(Object(Illuminate\\Http\\Request), Object(Closure))
#22 C:\\OSPanel\\home\\guitar_prog1\\vendor\\laravel\\framework\\src\\Illuminate\\View\\Middleware\\ShareErrorsFromSession.php(49): Illuminate\\Pipeline\\Pipeline->Illuminate\\Pipeline\\{closure}(Object(Illuminate\\Http\\Request))
#23 C:\\OSPanel\\home\\guitar_prog1\\vendor\\laravel\\framework\\src\\Illuminate\\Pipeline\\Pipeline.php(209): Illuminate\\View\\Middleware\\ShareErrorsFromSession->handle(Object(Illuminate\\Http\\Request), Object(Closure))
#24 C:\\OSPanel\\home\\guitar_prog1\\vendor\\laravel\\framework\\src\\Illuminate\\Session\\Middleware\\StartSession.php(121): Illuminate\\Pipeline\\Pipeline->Illuminate\\Pipeline\\{closure}(Object(Illuminate\\Http\\Request))
#25 C:\\OSPanel\\home\\guitar_prog1\\vendor\\laravel\\framework\\src\\Illuminate\\Session\\Middleware\\StartSession.php(64): Illuminate\\Session\\Middleware\\StartSession->handleStatefulRequest(Object(Illuminate\\Http\\Request), Object(Illuminate\\Session\\Store), Object(Closure))
#26 C:\\OSPanel\\home\\guitar_prog1\\vendor\\laravel\\framework\\src\\Illuminate\\Pipeline\\Pipeline.php(209): Illuminate\\Session\\Middleware\\StartSession->handle(Object(Illuminate\\Http\\Request), Object(Closure))
#27 C:\\OSPanel\\home\\guitar_prog1\\vendor\\laravel\\framework\\src\\Illuminate\\Cookie\\Middleware\\AddQueuedCookiesToResponse.php(37): Illuminate\\Pipeline\\Pipeline->Illuminate\\Pipeline\\{closure}(Object(Illuminate\\Http\\Request))
#28 C:\\OSPanel\\home\\guitar_prog1\\vendor\\laravel\\framework\\src\\Illuminate\\Pipeline\\Pipeline.php(209): Illuminate\\Cookie\\Middleware\\AddQueuedCookiesToResponse->handle(Object(Illuminate\\Http\\Request), Object(Closure))
#29 C:\\OSPanel\\home\\guitar_prog1\\vendor\\laravel\\framework\\src\\Illuminate\\Cookie\\Middleware\\EncryptCookies.php(75): Illuminate\\Pipeline\\Pipeline->Illuminate\\Pipeline\\{closure}(Object(Illuminate\\Http\\Request))
#30 C:\\OSPanel\\home\\guitar_prog1\\vendor\\laravel\\framework\\src\\Illuminate\\Pipeline\\Pipeline.php(209): Illuminate\\Cookie\\Middleware\\EncryptCookies->handle(Object(Illuminate\\Http\\Request), Object(Closure))
#31 C:\\OSPanel\\home\\guitar_prog1\\vendor\\laravel\\framework\\src\\Illuminate\\Pipeline\\Pipeline.php(127): Illuminate\\Pipeline\\Pipeline->Illuminate\\Pipeline\\{closure}(Object(Illuminate\\Http\\Request))
#32 C:\\OSPanel\\home\\guitar_prog1\\vendor\\laravel\\framework\\src\\Illuminate\\Routing\\Router.php(807): Illuminate\\Pipeline\\Pipeline->then(Object(Closure))
#33 C:\\OSPanel\\home\\guitar_prog1\\vendor\\laravel\\framework\\src\\Illuminate\\Routing\\Router.php(786): Illuminate\\Routing\\Router->runRouteWithinStack(Object(Illuminate\\Routing\\Route), Object(Illuminate\\Http\\Request))
#34 C:\\OSPanel\\home\\guitar_prog1\\vendor\\laravel\\framework\\src\\Illuminate\\Routing\\Router.php(750): Illuminate\\Routing\\Router->runRoute(Object(Illuminate\\Http\\Request), Object(Illuminate\\Routing\\Route))
#35 C:\\OSPanel\\home\\guitar_prog1\\vendor\\laravel\\framework\\src\\Illuminate\\Routing\\Router.php(739): Illuminate\\Routing\\Router->dispatchToRoute(Object(Illuminate\\Http\\Request))
#36 C:\\OSPanel\\home\\guitar_prog1\\vendor\\laravel\\framework\\src\\Illuminate\\Foundation\\Http\\Kernel.php(201): Illuminate\\Routing\\Router->dispatch(Object(Illuminate\\Http\\Request))
#37 C:\\OSPanel\\home\\guitar_prog1\\vendor\\laravel\\framework\\src\\Illuminate\\Pipeline\\Pipeline.php(170): Illuminate\\Foundation\\Http\\Kernel->Illuminate\\Foundation\\Http\\{closure}(Object(Illuminate\\Http\\Request))
#38 C:\\OSPanel\\home\\guitar_prog1\\vendor\\livewire\\livewire\\src\\Features\\SupportDisablingBackButtonCache\\DisableBackButtonCacheMiddleware.php(19): Illuminate\\Pipeline\\Pipeline->Illuminate\\Pipeline\\{closure}(Object(Illuminate\\Http\\Request))
#39 C:\\OSPanel\\home\\guitar_prog1\\vendor\\laravel\\framework\\src\\Illuminate\\Pipeline\\Pipeline.php(209): Livewire\\Features\\SupportDisablingBackButtonCache\\DisableBackButtonCacheMiddleware->handle(Object(Illuminate\\Http\\Request), Object(Closure))
#40 C:\\OSPanel\\home\\guitar_prog1\\vendor\\laravel\\framework\\src\\Illuminate\\Foundation\\Http\\Middleware\\TransformsRequest.php(21): Illuminate\\Pipeline\\Pipeline->Illuminate\\Pipeline\\{closure}(Object(Illuminate\\Http\\Request))
#41 C:\\OSPanel\\home\\guitar_prog1\\vendor\\laravel\\framework\\src\\Illuminate\\Foundation\\Http\\Middleware\\ConvertEmptyStringsToNull.php(31): Illuminate\\Foundation\\Http\\Middleware\\TransformsRequest->handle(Object(Illuminate\\Http\\Request), Object(Closure))
#42 C:\\OSPanel\\home\\guitar_prog1\\vendor\\laravel\\framework\\src\\Illuminate\\Pipeline\\Pipeline.php(209): Illuminate\\Foundation\\Http\\Middleware\\ConvertEmptyStringsToNull->handle(Object(Illuminate\\Http\\Request), Object(Closure))
#43 C:\\OSPanel\\home\\guitar_prog1\\vendor\\laravel\\framework\\src\\Illuminate\\Foundation\\Http\\Middleware\\TransformsRequest.php(21): Illuminate\\Pipeline\\Pipeline->Illuminate\\Pipeline\\{closure}(Object(Illuminate\\Http\\Request))
#44 C:\\OSPanel\\home\\guitar_prog1\\vendor\\laravel\\framework\\src\\Illuminate\\Foundation\\Http\\Middleware\\TrimStrings.php(51): Illuminate\\Foundation\\Http\\Middleware\\TransformsRequest->handle(Object(Illuminate\\Http\\Request), Object(Closure))
#45 C:\\OSPanel\\home\\guitar_prog1\\vendor\\laravel\\framework\\src\\Illuminate\\Pipeline\\Pipeline.php(209): Illuminate\\Foundation\\Http\\Middleware\\TrimStrings->handle(Object(Illuminate\\Http\\Request), Object(Closure))
#46 C:\\OSPanel\\home\\guitar_prog1\\vendor\\laravel\\framework\\src\\Illuminate\\Http\\Middleware\\ValidatePostSize.php(27): Illuminate\\Pipeline\\Pipeline->Illuminate\\Pipeline\\{closure}(Object(Illuminate\\Http\\Request))
#47 C:\\OSPanel\\home\\guitar_prog1\\vendor\\laravel\\framework\\src\\Illuminate\\Pipeline\\Pipeline.php(209): Illuminate\\Http\\Middleware\\ValidatePostSize->handle(Object(Illuminate\\Http\\Request), Object(Closure))
#48 C:\\OSPanel\\home\\guitar_prog1\\vendor\\laravel\\framework\\src\\Illuminate\\Foundation\\Http\\Middleware\\PreventRequestsDuringMaintenance.php(110): Illuminate\\Pipeline\\Pipeline->Illuminate\\Pipeline\\{closure}(Object(Illuminate\\Http\\Request))
#49 C:\\OSPanel\\home\\guitar_prog1\\vendor\\laravel\\framework\\src\\Illuminate\\Pipeline\\Pipeline.php(209): Illuminate\\Foundation\\Http\\Middleware\\PreventRequestsDuringMaintenance->handle(Object(Illuminate\\Http\\Request), Object(Closure))
#50 C:\\OSPanel\\home\\guitar_prog1\\vendor\\laravel\\framework\\src\\Illuminate\\Http\\Middleware\\HandleCors.php(49): Illuminate\\Pipeline\\Pipeline->Illuminate\\Pipeline\\{closure}(Object(Illuminate\\Http\\Request))
#51 C:\\OSPanel\\home\\guitar_prog1\\vendor\\laravel\\framework\\src\\Illuminate\\Pipeline\\Pipeline.php(209): Illuminate\\Http\\Middleware\\HandleCors->handle(Object(Illuminate\\Http\\Request), Object(Closure))
#52 C:\\OSPanel\\home\\guitar_prog1\\vendor\\laravel\\framework\\src\\Illuminate\\Http\\Middleware\\TrustProxies.php(58): Illuminate\\Pipeline\\Pipeline->Illuminate\\Pipeline\\{closure}(Object(Illuminate\\Http\\Request))
#53 C:\\OSPanel\\home\\guitar_prog1\\vendor\\laravel\\framework\\src\\Illuminate\\Pipeline\\Pipeline.php(209): Illuminate\\Http\\Middleware\\TrustProxies->handle(Object(Illuminate\\Http\\Request), Object(Closure))
#54 C:\\OSPanel\\home\\guitar_prog1\\vendor\\laravel\\framework\\src\\Illuminate\\Foundation\\Http\\Middleware\\InvokeDeferredCallbacks.php(22): Illuminate\\Pipeline\\Pipeline->Illuminate\\Pipeline\\{closure}(Object(Illuminate\\Http\\Request))
#55 C:\\OSPanel\\home\\guitar_prog1\\vendor\\laravel\\framework\\src\\Illuminate\\Pipeline\\Pipeline.php(209): Illuminate\\Foundation\\Http\\Middleware\\InvokeDeferredCallbacks->handle(Object(Illuminate\\Http\\Request), Object(Closure))
#56 C:\\OSPanel\\home\\guitar_prog1\\vendor\\laravel\\framework\\src\\Illuminate\\Http\\Middleware\\ValidatePathEncoding.php(26): Illuminate\\Pipeline\\Pipeline->Illuminate\\Pipeline\\{closure}(Object(Illuminate\\Http\\Request))
#57 C:\\OSPanel\\home\\guitar_prog1\\vendor\\laravel\\framework\\src\\Illuminate\\Pipeline\\Pipeline.php(209): Illuminate\\Http\\Middleware\\ValidatePathEncoding->handle(Object(Illuminate\\Http\\Request), Object(Closure))
#58 C:\\OSPanel\\home\\guitar_prog1\\vendor\\laravel\\framework\\src\\Illuminate\\Pipeline\\Pipeline.php(127): Illuminate\\Pipeline\\Pipeline->Illuminate\\Pipeline\\{closure}(Object(Illuminate\\Http\\Request))
#59 C:\\OSPanel\\home\\guitar_prog1\\vendor\\laravel\\framework\\src\\Illuminate\\Foundation\\Http\\Kernel.php(176): Illuminate\\Pipeline\\Pipeline->then(Object(Closure))
#60 C:\\OSPanel\\home\\guitar_prog1\\vendor\\laravel\\framework\\src\\Illuminate\\Foundation\\Http\\Kernel.php(145): Illuminate\\Foundation\\Http\\Kernel->sendRequestThroughRouter(Object(Illuminate\\Http\\Request))
#61 C:\\OSPanel\\home\\guitar_prog1\\vendor\\laravel\\framework\\src\\Illuminate\\Foundation\\Application.php(1220): Illuminate\\Foundation\\Http\\Kernel->handle(Object(Illuminate\\Http\\Request))
#62 C:\\OSPanel\\home\\guitar_prog1\\public\\index.php(20): Illuminate\\Foundation\\Application->handleRequest(Object(Illuminate\\Http\\Request))
#63 C:\\OSPanel\\home\\guitar_prog1\\vendor\\laravel\\framework\\src\\Illuminate\\Foundation\\resources\\server.php(23): require_once('C:\\\\OSPanel\\\\home...')
#64 {main}
"} 
[2025-05-02 10:13:49] local.ERROR: syntax error, unexpected token "endif" (View: C:\OSPanel\home\guitar_prog1\resources\views\cart\index.blade.php) {"userId":4,"exception":"[object] (Illuminate\\View\\ViewException(code: 0): syntax error, unexpected token \"endif\" (View: C:\\OSPanel\\home\\guitar_prog1\\resources\\views\\cart\\index.blade.php) at C:\\OSPanel\\home\\guitar_prog1\\storage\\framework\\views\\065d2442fb694df646775c5b6bb10c58.php:93)
[stacktrace]
#0 C:\\OSPanel\\home\\guitar_prog1\\vendor\\livewire\\livewire\\src\\Mechanisms\\ExtendBlade\\ExtendedCompilerEngine.php(58): Illuminate\\View\\Engines\\CompilerEngine->handleViewException(Object(ParseError), 1)
#1 C:\\OSPanel\\home\\guitar_prog1\\vendor\\laravel\\framework\\src\\Illuminate\\View\\Engines\\PhpEngine.php(60): Livewire\\Mechanisms\\ExtendBlade\\ExtendedCompilerEngine->handleViewException(Object(ParseError), 1)
#2 C:\\OSPanel\\home\\guitar_prog1\\vendor\\livewire\\livewire\\src\\Mechanisms\\ExtendBlade\\ExtendedCompilerEngine.php(22): Illuminate\\View\\Engines\\PhpEngine->evaluatePath('C:\\\\OSPanel\\\\home...', Array)
#3 C:\\OSPanel\\home\\guitar_prog1\\vendor\\laravel\\framework\\src\\Illuminate\\View\\Engines\\CompilerEngine.php(75): Livewire\\Mechanisms\\ExtendBlade\\ExtendedCompilerEngine->evaluatePath('C:\\\\OSPanel\\\\home...', Array)
#4 C:\\OSPanel\\home\\guitar_prog1\\vendor\\livewire\\livewire\\src\\Mechanisms\\ExtendBlade\\ExtendedCompilerEngine.php(10): Illuminate\\View\\Engines\\CompilerEngine->get('C:\\\\OSPanel\\\\home...', Array)
#5 C:\\OSPanel\\home\\guitar_prog1\\vendor\\laravel\\framework\\src\\Illuminate\\View\\View.php(209): Livewire\\Mechanisms\\ExtendBlade\\ExtendedCompilerEngine->get('C:\\\\OSPanel\\\\home...', Array)
#6 C:\\OSPanel\\home\\guitar_prog1\\vendor\\laravel\\framework\\src\\Illuminate\\View\\View.php(192): Illuminate\\View\\View->getContents()
#7 C:\\OSPanel\\home\\guitar_prog1\\vendor\\laravel\\framework\\src\\Illuminate\\View\\View.php(161): Illuminate\\View\\View->renderContents()
#8 C:\\OSPanel\\home\\guitar_prog1\\vendor\\laravel\\framework\\src\\Illuminate\\Http\\Response.php(79): Illuminate\\View\\View->render()
#9 C:\\OSPanel\\home\\guitar_prog1\\vendor\\laravel\\framework\\src\\Illuminate\\Http\\Response.php(35): Illuminate\\Http\\Response->setContent(Object(Illuminate\\View\\View))
#10 C:\\OSPanel\\home\\guitar_prog1\\vendor\\laravel\\framework\\src\\Illuminate\\Routing\\Router.php(920): Illuminate\\Http\\Response->__construct(Object(Illuminate\\View\\View), 200, Array)
#11 C:\\OSPanel\\home\\guitar_prog1\\vendor\\laravel\\framework\\src\\Illuminate\\Routing\\Router.php(887): Illuminate\\Routing\\Router::toResponse(Object(Illuminate\\Http\\Request), Object(Illuminate\\View\\View))
#12 C:\\OSPanel\\home\\guitar_prog1\\vendor\\laravel\\framework\\src\\Illuminate\\Routing\\Router.php(807): Illuminate\\Routing\\Router->prepareResponse(Object(Illuminate\\Http\\Request), Object(Illuminate\\View\\View))
#13 C:\\OSPanel\\home\\guitar_prog1\\vendor\\laravel\\framework\\src\\Illuminate\\Pipeline\\Pipeline.php(170): Illuminate\\Routing\\Router->Illuminate\\Routing\\{closure}(Object(Illuminate\\Http\\Request))
#14 C:\\OSPanel\\home\\guitar_prog1\\vendor\\laravel\\framework\\src\\Illuminate\\Auth\\Middleware\\EnsureEmailIsVerified.php(41): Illuminate\\Pipeline\\Pipeline->Illuminate\\Pipeline\\{closure}(Object(Illuminate\\Http\\Request))
#15 C:\\OSPanel\\home\\guitar_prog1\\vendor\\laravel\\framework\\src\\Illuminate\\Pipeline\\Pipeline.php(209): Illuminate\\Auth\\Middleware\\EnsureEmailIsVerified->handle(Object(Illuminate\\Http\\Request), Object(Closure))
#16 C:\\OSPanel\\home\\guitar_prog1\\vendor\\laravel\\framework\\src\\Illuminate\\Routing\\Middleware\\SubstituteBindings.php(51): Illuminate\\Pipeline\\Pipeline->Illuminate\\Pipeline\\{closure}(Object(Illuminate\\Http\\Request))
#17 C:\\OSPanel\\home\\guitar_prog1\\vendor\\laravel\\framework\\src\\Illuminate\\Pipeline\\Pipeline.php(209): Illuminate\\Routing\\Middleware\\SubstituteBindings->handle(Object(Illuminate\\Http\\Request), Object(Closure))
#18 C:\\OSPanel\\home\\guitar_prog1\\vendor\\laravel\\framework\\src\\Illuminate\\Auth\\Middleware\\Authenticate.php(64): Illuminate\\Pipeline\\Pipeline->Illuminate\\Pipeline\\{closure}(Object(Illuminate\\Http\\Request))
#19 C:\\OSPanel\\home\\guitar_prog1\\vendor\\laravel\\framework\\src\\Illuminate\\Pipeline\\Pipeline.php(209): Illuminate\\Auth\\Middleware\\Authenticate->handle(Object(Illuminate\\Http\\Request), Object(Closure))
#20 C:\\OSPanel\\home\\guitar_prog1\\vendor\\laravel\\framework\\src\\Illuminate\\Foundation\\Http\\Middleware\\VerifyCsrfToken.php(88): Illuminate\\Pipeline\\Pipeline->Illuminate\\Pipeline\\{closure}(Object(Illuminate\\Http\\Request))
#21 C:\\OSPanel\\home\\guitar_prog1\\vendor\\laravel\\framework\\src\\Illuminate\\Pipeline\\Pipeline.php(209): Illuminate\\Foundation\\Http\\Middleware\\VerifyCsrfToken->handle(Object(Illuminate\\Http\\Request), Object(Closure))
#22 C:\\OSPanel\\home\\guitar_prog1\\vendor\\laravel\\framework\\src\\Illuminate\\View\\Middleware\\ShareErrorsFromSession.php(49): Illuminate\\Pipeline\\Pipeline->Illuminate\\Pipeline\\{closure}(Object(Illuminate\\Http\\Request))
#23 C:\\OSPanel\\home\\guitar_prog1\\vendor\\laravel\\framework\\src\\Illuminate\\Pipeline\\Pipeline.php(209): Illuminate\\View\\Middleware\\ShareErrorsFromSession->handle(Object(Illuminate\\Http\\Request), Object(Closure))
#24 C:\\OSPanel\\home\\guitar_prog1\\vendor\\laravel\\framework\\src\\Illuminate\\Session\\Middleware\\StartSession.php(121): Illuminate\\Pipeline\\Pipeline->Illuminate\\Pipeline\\{closure}(Object(Illuminate\\Http\\Request))
#25 C:\\OSPanel\\home\\guitar_prog1\\vendor\\laravel\\framework\\src\\Illuminate\\Session\\Middleware\\StartSession.php(64): Illuminate\\Session\\Middleware\\StartSession->handleStatefulRequest(Object(Illuminate\\Http\\Request), Object(Illuminate\\Session\\Store), Object(Closure))
#26 C:\\OSPanel\\home\\guitar_prog1\\vendor\\laravel\\framework\\src\\Illuminate\\Pipeline\\Pipeline.php(209): Illuminate\\Session\\Middleware\\StartSession->handle(Object(Illuminate\\Http\\Request), Object(Closure))
#27 C:\\OSPanel\\home\\guitar_prog1\\vendor\\laravel\\framework\\src\\Illuminate\\Cookie\\Middleware\\AddQueuedCookiesToResponse.php(37): Illuminate\\Pipeline\\Pipeline->Illuminate\\Pipeline\\{closure}(Object(Illuminate\\Http\\Request))
#28 C:\\OSPanel\\home\\guitar_prog1\\vendor\\laravel\\framework\\src\\Illuminate\\Pipeline\\Pipeline.php(209): Illuminate\\Cookie\\Middleware\\AddQueuedCookiesToResponse->handle(Object(Illuminate\\Http\\Request), Object(Closure))
#29 C:\\OSPanel\\home\\guitar_prog1\\vendor\\laravel\\framework\\src\\Illuminate\\Cookie\\Middleware\\EncryptCookies.php(75): Illuminate\\Pipeline\\Pipeline->Illuminate\\Pipeline\\{closure}(Object(Illuminate\\Http\\Request))
#30 C:\\OSPanel\\home\\guitar_prog1\\vendor\\laravel\\framework\\src\\Illuminate\\Pipeline\\Pipeline.php(209): Illuminate\\Cookie\\Middleware\\EncryptCookies->handle(Object(Illuminate\\Http\\Request), Object(Closure))
#31 C:\\OSPanel\\home\\guitar_prog1\\vendor\\laravel\\framework\\src\\Illuminate\\Pipeline\\Pipeline.php(127): Illuminate\\Pipeline\\Pipeline->Illuminate\\Pipeline\\{closure}(Object(Illuminate\\Http\\Request))
#32 C:\\OSPanel\\home\\guitar_prog1\\vendor\\laravel\\framework\\src\\Illuminate\\Routing\\Router.php(807): Illuminate\\Pipeline\\Pipeline->then(Object(Closure))
#33 C:\\OSPanel\\home\\guitar_prog1\\vendor\\laravel\\framework\\src\\Illuminate\\Routing\\Router.php(786): Illuminate\\Routing\\Router->runRouteWithinStack(Object(Illuminate\\Routing\\Route), Object(Illuminate\\Http\\Request))
#34 C:\\OSPanel\\home\\guitar_prog1\\vendor\\laravel\\framework\\src\\Illuminate\\Routing\\Router.php(750): Illuminate\\Routing\\Router->runRoute(Object(Illuminate\\Http\\Request), Object(Illuminate\\Routing\\Route))
#35 C:\\OSPanel\\home\\guitar_prog1\\vendor\\laravel\\framework\\src\\Illuminate\\Routing\\Router.php(739): Illuminate\\Routing\\Router->dispatchToRoute(Object(Illuminate\\Http\\Request))
#36 C:\\OSPanel\\home\\guitar_prog1\\vendor\\laravel\\framework\\src\\Illuminate\\Foundation\\Http\\Kernel.php(201): Illuminate\\Routing\\Router->dispatch(Object(Illuminate\\Http\\Request))
#37 C:\\OSPanel\\home\\guitar_prog1\\vendor\\laravel\\framework\\src\\Illuminate\\Pipeline\\Pipeline.php(170): Illuminate\\Foundation\\Http\\Kernel->Illuminate\\Foundation\\Http\\{closure}(Object(Illuminate\\Http\\Request))
#38 C:\\OSPanel\\home\\guitar_prog1\\vendor\\livewire\\livewire\\src\\Features\\SupportDisablingBackButtonCache\\DisableBackButtonCacheMiddleware.php(19): Illuminate\\Pipeline\\Pipeline->Illuminate\\Pipeline\\{closure}(Object(Illuminate\\Http\\Request))
#39 C:\\OSPanel\\home\\guitar_prog1\\vendor\\laravel\\framework\\src\\Illuminate\\Pipeline\\Pipeline.php(209): Livewire\\Features\\SupportDisablingBackButtonCache\\DisableBackButtonCacheMiddleware->handle(Object(Illuminate\\Http\\Request), Object(Closure))
#40 C:\\OSPanel\\home\\guitar_prog1\\vendor\\laravel\\framework\\src\\Illuminate\\Foundation\\Http\\Middleware\\TransformsRequest.php(21): Illuminate\\Pipeline\\Pipeline->Illuminate\\Pipeline\\{closure}(Object(Illuminate\\Http\\Request))
#41 C:\\OSPanel\\home\\guitar_prog1\\vendor\\laravel\\framework\\src\\Illuminate\\Foundation\\Http\\Middleware\\ConvertEmptyStringsToNull.php(31): Illuminate\\Foundation\\Http\\Middleware\\TransformsRequest->handle(Object(Illuminate\\Http\\Request), Object(Closure))
#42 C:\\OSPanel\\home\\guitar_prog1\\vendor\\laravel\\framework\\src\\Illuminate\\Pipeline\\Pipeline.php(209): Illuminate\\Foundation\\Http\\Middleware\\ConvertEmptyStringsToNull->handle(Object(Illuminate\\Http\\Request), Object(Closure))
#43 C:\\OSPanel\\home\\guitar_prog1\\vendor\\laravel\\framework\\src\\Illuminate\\Foundation\\Http\\Middleware\\TransformsRequest.php(21): Illuminate\\Pipeline\\Pipeline->Illuminate\\Pipeline\\{closure}(Object(Illuminate\\Http\\Request))
#44 C:\\OSPanel\\home\\guitar_prog1\\vendor\\laravel\\framework\\src\\Illuminate\\Foundation\\Http\\Middleware\\TrimStrings.php(51): Illuminate\\Foundation\\Http\\Middleware\\TransformsRequest->handle(Object(Illuminate\\Http\\Request), Object(Closure))
#45 C:\\OSPanel\\home\\guitar_prog1\\vendor\\laravel\\framework\\src\\Illuminate\\Pipeline\\Pipeline.php(209): Illuminate\\Foundation\\Http\\Middleware\\TrimStrings->handle(Object(Illuminate\\Http\\Request), Object(Closure))
#46 C:\\OSPanel\\home\\guitar_prog1\\vendor\\laravel\\framework\\src\\Illuminate\\Http\\Middleware\\ValidatePostSize.php(27): Illuminate\\Pipeline\\Pipeline->Illuminate\\Pipeline\\{closure}(Object(Illuminate\\Http\\Request))
#47 C:\\OSPanel\\home\\guitar_prog1\\vendor\\laravel\\framework\\src\\Illuminate\\Pipeline\\Pipeline.php(209): Illuminate\\Http\\Middleware\\ValidatePostSize->handle(Object(Illuminate\\Http\\Request), Object(Closure))
#48 C:\\OSPanel\\home\\guitar_prog1\\vendor\\laravel\\framework\\src\\Illuminate\\Foundation\\Http\\Middleware\\PreventRequestsDuringMaintenance.php(110): Illuminate\\Pipeline\\Pipeline->Illuminate\\Pipeline\\{closure}(Object(Illuminate\\Http\\Request))
#49 C:\\OSPanel\\home\\guitar_prog1\\vendor\\laravel\\framework\\src\\Illuminate\\Pipeline\\Pipeline.php(209): Illuminate\\Foundation\\Http\\Middleware\\PreventRequestsDuringMaintenance->handle(Object(Illuminate\\Http\\Request), Object(Closure))
#50 C:\\OSPanel\\home\\guitar_prog1\\vendor\\laravel\\framework\\src\\Illuminate\\Http\\Middleware\\HandleCors.php(49): Illuminate\\Pipeline\\Pipeline->Illuminate\\Pipeline\\{closure}(Object(Illuminate\\Http\\Request))
#51 C:\\OSPanel\\home\\guitar_prog1\\vendor\\laravel\\framework\\src\\Illuminate\\Pipeline\\Pipeline.php(209): Illuminate\\Http\\Middleware\\HandleCors->handle(Object(Illuminate\\Http\\Request), Object(Closure))
#52 C:\\OSPanel\\home\\guitar_prog1\\vendor\\laravel\\framework\\src\\Illuminate\\Http\\Middleware\\TrustProxies.php(58): Illuminate\\Pipeline\\Pipeline->Illuminate\\Pipeline\\{closure}(Object(Illuminate\\Http\\Request))
#53 C:\\OSPanel\\home\\guitar_prog1\\vendor\\laravel\\framework\\src\\Illuminate\\Pipeline\\Pipeline.php(209): Illuminate\\Http\\Middleware\\TrustProxies->handle(Object(Illuminate\\Http\\Request), Object(Closure))
#54 C:\\OSPanel\\home\\guitar_prog1\\vendor\\laravel\\framework\\src\\Illuminate\\Foundation\\Http\\Middleware\\InvokeDeferredCallbacks.php(22): Illuminate\\Pipeline\\Pipeline->Illuminate\\Pipeline\\{closure}(Object(Illuminate\\Http\\Request))
#55 C:\\OSPanel\\home\\guitar_prog1\\vendor\\laravel\\framework\\src\\Illuminate\\Pipeline\\Pipeline.php(209): Illuminate\\Foundation\\Http\\Middleware\\InvokeDeferredCallbacks->handle(Object(Illuminate\\Http\\Request), Object(Closure))
#56 C:\\OSPanel\\home\\guitar_prog1\\vendor\\laravel\\framework\\src\\Illuminate\\Http\\Middleware\\ValidatePathEncoding.php(26): Illuminate\\Pipeline\\Pipeline->Illuminate\\Pipeline\\{closure}(Object(Illuminate\\Http\\Request))
#57 C:\\OSPanel\\home\\guitar_prog1\\vendor\\laravel\\framework\\src\\Illuminate\\Pipeline\\Pipeline.php(209): Illuminate\\Http\\Middleware\\ValidatePathEncoding->handle(Object(Illuminate\\Http\\Request), Object(Closure))
#58 C:\\OSPanel\\home\\guitar_prog1\\vendor\\laravel\\framework\\src\\Illuminate\\Pipeline\\Pipeline.php(127): Illuminate\\Pipeline\\Pipeline->Illuminate\\Pipeline\\{closure}(Object(Illuminate\\Http\\Request))
#59 C:\\OSPanel\\home\\guitar_prog1\\vendor\\laravel\\framework\\src\\Illuminate\\Foundation\\Http\\Kernel.php(176): Illuminate\\Pipeline\\Pipeline->then(Object(Closure))
#60 C:\\OSPanel\\home\\guitar_prog1\\vendor\\laravel\\framework\\src\\Illuminate\\Foundation\\Http\\Kernel.php(145): Illuminate\\Foundation\\Http\\Kernel->sendRequestThroughRouter(Object(Illuminate\\Http\\Request))
#61 C:\\OSPanel\\home\\guitar_prog1\\vendor\\laravel\\framework\\src\\Illuminate\\Foundation\\Application.php(1220): Illuminate\\Foundation\\Http\\Kernel->handle(Object(Illuminate\\Http\\Request))
#62 C:\\OSPanel\\home\\guitar_prog1\\public\\index.php(20): Illuminate\\Foundation\\Application->handleRequest(Object(Illuminate\\Http\\Request))
#63 C:\\OSPanel\\home\\guitar_prog1\\vendor\\laravel\\framework\\src\\Illuminate\\Foundation\\resources\\server.php(23): require_once('C:\\\\OSPanel\\\\home...')
#64 {main}

[previous exception] [object] (ParseError(code: 0): syntax error, unexpected token \"endif\" at C:\\OSPanel\\home\\guitar_prog1\\storage\\framework\\views\\065d2442fb694df646775c5b6bb10c58.php:93)
[stacktrace]
#0 C:\\OSPanel\\home\\guitar_prog1\\vendor\\laravel\\framework\\src\\Illuminate\\Filesystem\\Filesystem.php(124): Illuminate\\Filesystem\\Filesystem::Illuminate\\Filesystem\\{closure}()
#1 C:\\OSPanel\\home\\guitar_prog1\\vendor\\laravel\\framework\\src\\Illuminate\\View\\Engines\\PhpEngine.php(58): Illuminate\\Filesystem\\Filesystem->getRequire('C:\\\\OSPanel\\\\home...', Array)
#2 C:\\OSPanel\\home\\guitar_prog1\\vendor\\livewire\\livewire\\src\\Mechanisms\\ExtendBlade\\ExtendedCompilerEngine.php(22): Illuminate\\View\\Engines\\PhpEngine->evaluatePath('C:\\\\OSPanel\\\\home...', Array)
#3 C:\\OSPanel\\home\\guitar_prog1\\vendor\\laravel\\framework\\src\\Illuminate\\View\\Engines\\CompilerEngine.php(75): Livewire\\Mechanisms\\ExtendBlade\\ExtendedCompilerEngine->evaluatePath('C:\\\\OSPanel\\\\home...', Array)
#4 C:\\OSPanel\\home\\guitar_prog1\\vendor\\livewire\\livewire\\src\\Mechanisms\\ExtendBlade\\ExtendedCompilerEngine.php(10): Illuminate\\View\\Engines\\CompilerEngine->get('C:\\\\OSPanel\\\\home...', Array)
#5 C:\\OSPanel\\home\\guitar_prog1\\vendor\\laravel\\framework\\src\\Illuminate\\View\\View.php(209): Livewire\\Mechanisms\\ExtendBlade\\ExtendedCompilerEngine->get('C:\\\\OSPanel\\\\home...', Array)
#6 C:\\OSPanel\\home\\guitar_prog1\\vendor\\laravel\\framework\\src\\Illuminate\\View\\View.php(192): Illuminate\\View\\View->getContents()
#7 C:\\OSPanel\\home\\guitar_prog1\\vendor\\laravel\\framework\\src\\Illuminate\\View\\View.php(161): Illuminate\\View\\View->renderContents()
#8 C:\\OSPanel\\home\\guitar_prog1\\vendor\\laravel\\framework\\src\\Illuminate\\Http\\Response.php(79): Illuminate\\View\\View->render()
#9 C:\\OSPanel\\home\\guitar_prog1\\vendor\\laravel\\framework\\src\\Illuminate\\Http\\Response.php(35): Illuminate\\Http\\Response->setContent(Object(Illuminate\\View\\View))
#10 C:\\OSPanel\\home\\guitar_prog1\\vendor\\laravel\\framework\\src\\Illuminate\\Routing\\Router.php(920): Illuminate\\Http\\Response->__construct(Object(Illuminate\\View\\View), 200, Array)
#11 C:\\OSPanel\\home\\guitar_prog1\\vendor\\laravel\\framework\\src\\Illuminate\\Routing\\Router.php(887): Illuminate\\Routing\\Router::toResponse(Object(Illuminate\\Http\\Request), Object(Illuminate\\View\\View))
#12 C:\\OSPanel\\home\\guitar_prog1\\vendor\\laravel\\framework\\src\\Illuminate\\Routing\\Router.php(807): Illuminate\\Routing\\Router->prepareResponse(Object(Illuminate\\Http\\Request), Object(Illuminate\\View\\View))
#13 C:\\OSPanel\\home\\guitar_prog1\\vendor\\laravel\\framework\\src\\Illuminate\\Pipeline\\Pipeline.php(170): Illuminate\\Routing\\Router->Illuminate\\Routing\\{closure}(Object(Illuminate\\Http\\Request))
#14 C:\\OSPanel\\home\\guitar_prog1\\vendor\\laravel\\framework\\src\\Illuminate\\Auth\\Middleware\\EnsureEmailIsVerified.php(41): Illuminate\\Pipeline\\Pipeline->Illuminate\\Pipeline\\{closure}(Object(Illuminate\\Http\\Request))
#15 C:\\OSPanel\\home\\guitar_prog1\\vendor\\laravel\\framework\\src\\Illuminate\\Pipeline\\Pipeline.php(209): Illuminate\\Auth\\Middleware\\EnsureEmailIsVerified->handle(Object(Illuminate\\Http\\Request), Object(Closure))
#16 C:\\OSPanel\\home\\guitar_prog1\\vendor\\laravel\\framework\\src\\Illuminate\\Routing\\Middleware\\SubstituteBindings.php(51): Illuminate\\Pipeline\\Pipeline->Illuminate\\Pipeline\\{closure}(Object(Illuminate\\Http\\Request))
#17 C:\\OSPanel\\home\\guitar_prog1\\vendor\\laravel\\framework\\src\\Illuminate\\Pipeline\\Pipeline.php(209): Illuminate\\Routing\\Middleware\\SubstituteBindings->handle(Object(Illuminate\\Http\\Request), Object(Closure))
#18 C:\\OSPanel\\home\\guitar_prog1\\vendor\\laravel\\framework\\src\\Illuminate\\Auth\\Middleware\\Authenticate.php(64): Illuminate\\Pipeline\\Pipeline->Illuminate\\Pipeline\\{closure}(Object(Illuminate\\Http\\Request))
#19 C:\\OSPanel\\home\\guitar_prog1\\vendor\\laravel\\framework\\src\\Illuminate\\Pipeline\\Pipeline.php(209): Illuminate\\Auth\\Middleware\\Authenticate->handle(Object(Illuminate\\Http\\Request), Object(Closure))
#20 C:\\OSPanel\\home\\guitar_prog1\\vendor\\laravel\\framework\\src\\Illuminate\\Foundation\\Http\\Middleware\\VerifyCsrfToken.php(88): Illuminate\\Pipeline\\Pipeline->Illuminate\\Pipeline\\{closure}(Object(Illuminate\\Http\\Request))
#21 C:\\OSPanel\\home\\guitar_prog1\\vendor\\laravel\\framework\\src\\Illuminate\\Pipeline\\Pipeline.php(209): Illuminate\\Foundation\\Http\\Middleware\\VerifyCsrfToken->handle(Object(Illuminate\\Http\\Request), Object(Closure))
#22 C:\\OSPanel\\home\\guitar_prog1\\vendor\\laravel\\framework\\src\\Illuminate\\View\\Middleware\\ShareErrorsFromSession.php(49): Illuminate\\Pipeline\\Pipeline->Illuminate\\Pipeline\\{closure}(Object(Illuminate\\Http\\Request))
#23 C:\\OSPanel\\home\\guitar_prog1\\vendor\\laravel\\framework\\src\\Illuminate\\Pipeline\\Pipeline.php(209): Illuminate\\View\\Middleware\\ShareErrorsFromSession->handle(Object(Illuminate\\Http\\Request), Object(Closure))
#24 C:\\OSPanel\\home\\guitar_prog1\\vendor\\laravel\\framework\\src\\Illuminate\\Session\\Middleware\\StartSession.php(121): Illuminate\\Pipeline\\Pipeline->Illuminate\\Pipeline\\{closure}(Object(Illuminate\\Http\\Request))
#25 C:\\OSPanel\\home\\guitar_prog1\\vendor\\laravel\\framework\\src\\Illuminate\\Session\\Middleware\\StartSession.php(64): Illuminate\\Session\\Middleware\\StartSession->handleStatefulRequest(Object(Illuminate\\Http\\Request), Object(Illuminate\\Session\\Store), Object(Closure))
#26 C:\\OSPanel\\home\\guitar_prog1\\vendor\\laravel\\framework\\src\\Illuminate\\Pipeline\\Pipeline.php(209): Illuminate\\Session\\Middleware\\StartSession->handle(Object(Illuminate\\Http\\Request), Object(Closure))
#27 C:\\OSPanel\\home\\guitar_prog1\\vendor\\laravel\\framework\\src\\Illuminate\\Cookie\\Middleware\\AddQueuedCookiesToResponse.php(37): Illuminate\\Pipeline\\Pipeline->Illuminate\\Pipeline\\{closure}(Object(Illuminate\\Http\\Request))
#28 C:\\OSPanel\\home\\guitar_prog1\\vendor\\laravel\\framework\\src\\Illuminate\\Pipeline\\Pipeline.php(209): Illuminate\\Cookie\\Middleware\\AddQueuedCookiesToResponse->handle(Object(Illuminate\\Http\\Request), Object(Closure))
#29 C:\\OSPanel\\home\\guitar_prog1\\vendor\\laravel\\framework\\src\\Illuminate\\Cookie\\Middleware\\EncryptCookies.php(75): Illuminate\\Pipeline\\Pipeline->Illuminate\\Pipeline\\{closure}(Object(Illuminate\\Http\\Request))
#30 C:\\OSPanel\\home\\guitar_prog1\\vendor\\laravel\\framework\\src\\Illuminate\\Pipeline\\Pipeline.php(209): Illuminate\\Cookie\\Middleware\\EncryptCookies->handle(Object(Illuminate\\Http\\Request), Object(Closure))
#31 C:\\OSPanel\\home\\guitar_prog1\\vendor\\laravel\\framework\\src\\Illuminate\\Pipeline\\Pipeline.php(127): Illuminate\\Pipeline\\Pipeline->Illuminate\\Pipeline\\{closure}(Object(Illuminate\\Http\\Request))
#32 C:\\OSPanel\\home\\guitar_prog1\\vendor\\laravel\\framework\\src\\Illuminate\\Routing\\Router.php(807): Illuminate\\Pipeline\\Pipeline->then(Object(Closure))
#33 C:\\OSPanel\\home\\guitar_prog1\\vendor\\laravel\\framework\\src\\Illuminate\\Routing\\Router.php(786): Illuminate\\Routing\\Router->runRouteWithinStack(Object(Illuminate\\Routing\\Route), Object(Illuminate\\Http\\Request))
#34 C:\\OSPanel\\home\\guitar_prog1\\vendor\\laravel\\framework\\src\\Illuminate\\Routing\\Router.php(750): Illuminate\\Routing\\Router->runRoute(Object(Illuminate\\Http\\Request), Object(Illuminate\\Routing\\Route))
#35 C:\\OSPanel\\home\\guitar_prog1\\vendor\\laravel\\framework\\src\\Illuminate\\Routing\\Router.php(739): Illuminate\\Routing\\Router->dispatchToRoute(Object(Illuminate\\Http\\Request))
#36 C:\\OSPanel\\home\\guitar_prog1\\vendor\\laravel\\framework\\src\\Illuminate\\Foundation\\Http\\Kernel.php(201): Illuminate\\Routing\\Router->dispatch(Object(Illuminate\\Http\\Request))
#37 C:\\OSPanel\\home\\guitar_prog1\\vendor\\laravel\\framework\\src\\Illuminate\\Pipeline\\Pipeline.php(170): Illuminate\\Foundation\\Http\\Kernel->Illuminate\\Foundation\\Http\\{closure}(Object(Illuminate\\Http\\Request))
#38 C:\\OSPanel\\home\\guitar_prog1\\vendor\\livewire\\livewire\\src\\Features\\SupportDisablingBackButtonCache\\DisableBackButtonCacheMiddleware.php(19): Illuminate\\Pipeline\\Pipeline->Illuminate\\Pipeline\\{closure}(Object(Illuminate\\Http\\Request))
#39 C:\\OSPanel\\home\\guitar_prog1\\vendor\\laravel\\framework\\src\\Illuminate\\Pipeline\\Pipeline.php(209): Livewire\\Features\\SupportDisablingBackButtonCache\\DisableBackButtonCacheMiddleware->handle(Object(Illuminate\\Http\\Request), Object(Closure))
#40 C:\\OSPanel\\home\\guitar_prog1\\vendor\\laravel\\framework\\src\\Illuminate\\Foundation\\Http\\Middleware\\TransformsRequest.php(21): Illuminate\\Pipeline\\Pipeline->Illuminate\\Pipeline\\{closure}(Object(Illuminate\\Http\\Request))
#41 C:\\OSPanel\\home\\guitar_prog1\\vendor\\laravel\\framework\\src\\Illuminate\\Foundation\\Http\\Middleware\\ConvertEmptyStringsToNull.php(31): Illuminate\\Foundation\\Http\\Middleware\\TransformsRequest->handle(Object(Illuminate\\Http\\Request), Object(Closure))
#42 C:\\OSPanel\\home\\guitar_prog1\\vendor\\laravel\\framework\\src\\Illuminate\\Pipeline\\Pipeline.php(209): Illuminate\\Foundation\\Http\\Middleware\\ConvertEmptyStringsToNull->handle(Object(Illuminate\\Http\\Request), Object(Closure))
#43 C:\\OSPanel\\home\\guitar_prog1\\vendor\\laravel\\framework\\src\\Illuminate\\Foundation\\Http\\Middleware\\TransformsRequest.php(21): Illuminate\\Pipeline\\Pipeline->Illuminate\\Pipeline\\{closure}(Object(Illuminate\\Http\\Request))
#44 C:\\OSPanel\\home\\guitar_prog1\\vendor\\laravel\\framework\\src\\Illuminate\\Foundation\\Http\\Middleware\\TrimStrings.php(51): Illuminate\\Foundation\\Http\\Middleware\\TransformsRequest->handle(Object(Illuminate\\Http\\Request), Object(Closure))
#45 C:\\OSPanel\\home\\guitar_prog1\\vendor\\laravel\\framework\\src\\Illuminate\\Pipeline\\Pipeline.php(209): Illuminate\\Foundation\\Http\\Middleware\\TrimStrings->handle(Object(Illuminate\\Http\\Request), Object(Closure))
#46 C:\\OSPanel\\home\\guitar_prog1\\vendor\\laravel\\framework\\src\\Illuminate\\Http\\Middleware\\ValidatePostSize.php(27): Illuminate\\Pipeline\\Pipeline->Illuminate\\Pipeline\\{closure}(Object(Illuminate\\Http\\Request))
#47 C:\\OSPanel\\home\\guitar_prog1\\vendor\\laravel\\framework\\src\\Illuminate\\Pipeline\\Pipeline.php(209): Illuminate\\Http\\Middleware\\ValidatePostSize->handle(Object(Illuminate\\Http\\Request), Object(Closure))
#48 C:\\OSPanel\\home\\guitar_prog1\\vendor\\laravel\\framework\\src\\Illuminate\\Foundation\\Http\\Middleware\\PreventRequestsDuringMaintenance.php(110): Illuminate\\Pipeline\\Pipeline->Illuminate\\Pipeline\\{closure}(Object(Illuminate\\Http\\Request))
#49 C:\\OSPanel\\home\\guitar_prog1\\vendor\\laravel\\framework\\src\\Illuminate\\Pipeline\\Pipeline.php(209): Illuminate\\Foundation\\Http\\Middleware\\PreventRequestsDuringMaintenance->handle(Object(Illuminate\\Http\\Request), Object(Closure))
#50 C:\\OSPanel\\home\\guitar_prog1\\vendor\\laravel\\framework\\src\\Illuminate\\Http\\Middleware\\HandleCors.php(49): Illuminate\\Pipeline\\Pipeline->Illuminate\\Pipeline\\{closure}(Object(Illuminate\\Http\\Request))
#51 C:\\OSPanel\\home\\guitar_prog1\\vendor\\laravel\\framework\\src\\Illuminate\\Pipeline\\Pipeline.php(209): Illuminate\\Http\\Middleware\\HandleCors->handle(Object(Illuminate\\Http\\Request), Object(Closure))
#52 C:\\OSPanel\\home\\guitar_prog1\\vendor\\laravel\\framework\\src\\Illuminate\\Http\\Middleware\\TrustProxies.php(58): Illuminate\\Pipeline\\Pipeline->Illuminate\\Pipeline\\{closure}(Object(Illuminate\\Http\\Request))
#53 C:\\OSPanel\\home\\guitar_prog1\\vendor\\laravel\\framework\\src\\Illuminate\\Pipeline\\Pipeline.php(209): Illuminate\\Http\\Middleware\\TrustProxies->handle(Object(Illuminate\\Http\\Request), Object(Closure))
#54 C:\\OSPanel\\home\\guitar_prog1\\vendor\\laravel\\framework\\src\\Illuminate\\Foundation\\Http\\Middleware\\InvokeDeferredCallbacks.php(22): Illuminate\\Pipeline\\Pipeline->Illuminate\\Pipeline\\{closure}(Object(Illuminate\\Http\\Request))
#55 C:\\OSPanel\\home\\guitar_prog1\\vendor\\laravel\\framework\\src\\Illuminate\\Pipeline\\Pipeline.php(209): Illuminate\\Foundation\\Http\\Middleware\\InvokeDeferredCallbacks->handle(Object(Illuminate\\Http\\Request), Object(Closure))
#56 C:\\OSPanel\\home\\guitar_prog1\\vendor\\laravel\\framework\\src\\Illuminate\\Http\\Middleware\\ValidatePathEncoding.php(26): Illuminate\\Pipeline\\Pipeline->Illuminate\\Pipeline\\{closure}(Object(Illuminate\\Http\\Request))
#57 C:\\OSPanel\\home\\guitar_prog1\\vendor\\laravel\\framework\\src\\Illuminate\\Pipeline\\Pipeline.php(209): Illuminate\\Http\\Middleware\\ValidatePathEncoding->handle(Object(Illuminate\\Http\\Request), Object(Closure))
#58 C:\\OSPanel\\home\\guitar_prog1\\vendor\\laravel\\framework\\src\\Illuminate\\Pipeline\\Pipeline.php(127): Illuminate\\Pipeline\\Pipeline->Illuminate\\Pipeline\\{closure}(Object(Illuminate\\Http\\Request))
#59 C:\\OSPanel\\home\\guitar_prog1\\vendor\\laravel\\framework\\src\\Illuminate\\Foundation\\Http\\Kernel.php(176): Illuminate\\Pipeline\\Pipeline->then(Object(Closure))
#60 C:\\OSPanel\\home\\guitar_prog1\\vendor\\laravel\\framework\\src\\Illuminate\\Foundation\\Http\\Kernel.php(145): Illuminate\\Foundation\\Http\\Kernel->sendRequestThroughRouter(Object(Illuminate\\Http\\Request))
#61 C:\\OSPanel\\home\\guitar_prog1\\vendor\\laravel\\framework\\src\\Illuminate\\Foundation\\Application.php(1220): Illuminate\\Foundation\\Http\\Kernel->handle(Object(Illuminate\\Http\\Request))
#62 C:\\OSPanel\\home\\guitar_prog1\\public\\index.php(20): Illuminate\\Foundation\\Application->handleRequest(Object(Illuminate\\Http\\Request))
#63 C:\\OSPanel\\home\\guitar_prog1\\vendor\\laravel\\framework\\src\\Illuminate\\Foundation\\resources\\server.php(23): require_once('C:\\\\OSPanel\\\\home...')
#64 {main}
"} 
[2025-05-02 10:15:07] local.ERROR: syntax error, unexpected token "endif" (View: C:\OSPanel\home\guitar_prog1\resources\views\cart\index.blade.php) {"userId":4,"exception":"[object] (Illuminate\\View\\ViewException(code: 0): syntax error, unexpected token \"endif\" (View: C:\\OSPanel\\home\\guitar_prog1\\resources\\views\\cart\\index.blade.php) at C:\\OSPanel\\home\\guitar_prog1\\storage\\framework\\views\\065d2442fb694df646775c5b6bb10c58.php:43)
[stacktrace]
#0 C:\\OSPanel\\home\\guitar_prog1\\vendor\\livewire\\livewire\\src\\Mechanisms\\ExtendBlade\\ExtendedCompilerEngine.php(58): Illuminate\\View\\Engines\\CompilerEngine->handleViewException(Object(ParseError), 1)
#1 C:\\OSPanel\\home\\guitar_prog1\\vendor\\laravel\\framework\\src\\Illuminate\\View\\Engines\\PhpEngine.php(60): Livewire\\Mechanisms\\ExtendBlade\\ExtendedCompilerEngine->handleViewException(Object(ParseError), 1)
#2 C:\\OSPanel\\home\\guitar_prog1\\vendor\\livewire\\livewire\\src\\Mechanisms\\ExtendBlade\\ExtendedCompilerEngine.php(22): Illuminate\\View\\Engines\\PhpEngine->evaluatePath('C:\\\\OSPanel\\\\home...', Array)
#3 C:\\OSPanel\\home\\guitar_prog1\\vendor\\laravel\\framework\\src\\Illuminate\\View\\Engines\\CompilerEngine.php(75): Livewire\\Mechanisms\\ExtendBlade\\ExtendedCompilerEngine->evaluatePath('C:\\\\OSPanel\\\\home...', Array)
#4 C:\\OSPanel\\home\\guitar_prog1\\vendor\\livewire\\livewire\\src\\Mechanisms\\ExtendBlade\\ExtendedCompilerEngine.php(10): Illuminate\\View\\Engines\\CompilerEngine->get('C:\\\\OSPanel\\\\home...', Array)
#5 C:\\OSPanel\\home\\guitar_prog1\\vendor\\laravel\\framework\\src\\Illuminate\\View\\View.php(209): Livewire\\Mechanisms\\ExtendBlade\\ExtendedCompilerEngine->get('C:\\\\OSPanel\\\\home...', Array)
#6 C:\\OSPanel\\home\\guitar_prog1\\vendor\\laravel\\framework\\src\\Illuminate\\View\\View.php(192): Illuminate\\View\\View->getContents()
#7 C:\\OSPanel\\home\\guitar_prog1\\vendor\\laravel\\framework\\src\\Illuminate\\View\\View.php(161): Illuminate\\View\\View->renderContents()
#8 C:\\OSPanel\\home\\guitar_prog1\\vendor\\laravel\\framework\\src\\Illuminate\\Http\\Response.php(79): Illuminate\\View\\View->render()
#9 C:\\OSPanel\\home\\guitar_prog1\\vendor\\laravel\\framework\\src\\Illuminate\\Http\\Response.php(35): Illuminate\\Http\\Response->setContent(Object(Illuminate\\View\\View))
#10 C:\\OSPanel\\home\\guitar_prog1\\vendor\\laravel\\framework\\src\\Illuminate\\Routing\\Router.php(920): Illuminate\\Http\\Response->__construct(Object(Illuminate\\View\\View), 200, Array)
#11 C:\\OSPanel\\home\\guitar_prog1\\vendor\\laravel\\framework\\src\\Illuminate\\Routing\\Router.php(887): Illuminate\\Routing\\Router::toResponse(Object(Illuminate\\Http\\Request), Object(Illuminate\\View\\View))
#12 C:\\OSPanel\\home\\guitar_prog1\\vendor\\laravel\\framework\\src\\Illuminate\\Routing\\Router.php(807): Illuminate\\Routing\\Router->prepareResponse(Object(Illuminate\\Http\\Request), Object(Illuminate\\View\\View))
#13 C:\\OSPanel\\home\\guitar_prog1\\vendor\\laravel\\framework\\src\\Illuminate\\Pipeline\\Pipeline.php(170): Illuminate\\Routing\\Router->Illuminate\\Routing\\{closure}(Object(Illuminate\\Http\\Request))
#14 C:\\OSPanel\\home\\guitar_prog1\\vendor\\laravel\\framework\\src\\Illuminate\\Auth\\Middleware\\EnsureEmailIsVerified.php(41): Illuminate\\Pipeline\\Pipeline->Illuminate\\Pipeline\\{closure}(Object(Illuminate\\Http\\Request))
#15 C:\\OSPanel\\home\\guitar_prog1\\vendor\\laravel\\framework\\src\\Illuminate\\Pipeline\\Pipeline.php(209): Illuminate\\Auth\\Middleware\\EnsureEmailIsVerified->handle(Object(Illuminate\\Http\\Request), Object(Closure))
#16 C:\\OSPanel\\home\\guitar_prog1\\vendor\\laravel\\framework\\src\\Illuminate\\Routing\\Middleware\\SubstituteBindings.php(51): Illuminate\\Pipeline\\Pipeline->Illuminate\\Pipeline\\{closure}(Object(Illuminate\\Http\\Request))
#17 C:\\OSPanel\\home\\guitar_prog1\\vendor\\laravel\\framework\\src\\Illuminate\\Pipeline\\Pipeline.php(209): Illuminate\\Routing\\Middleware\\SubstituteBindings->handle(Object(Illuminate\\Http\\Request), Object(Closure))
#18 C:\\OSPanel\\home\\guitar_prog1\\vendor\\laravel\\framework\\src\\Illuminate\\Auth\\Middleware\\Authenticate.php(64): Illuminate\\Pipeline\\Pipeline->Illuminate\\Pipeline\\{closure}(Object(Illuminate\\Http\\Request))
#19 C:\\OSPanel\\home\\guitar_prog1\\vendor\\laravel\\framework\\src\\Illuminate\\Pipeline\\Pipeline.php(209): Illuminate\\Auth\\Middleware\\Authenticate->handle(Object(Illuminate\\Http\\Request), Object(Closure))
#20 C:\\OSPanel\\home\\guitar_prog1\\vendor\\laravel\\framework\\src\\Illuminate\\Foundation\\Http\\Middleware\\VerifyCsrfToken.php(88): Illuminate\\Pipeline\\Pipeline->Illuminate\\Pipeline\\{closure}(Object(Illuminate\\Http\\Request))
#21 C:\\OSPanel\\home\\guitar_prog1\\vendor\\laravel\\framework\\src\\Illuminate\\Pipeline\\Pipeline.php(209): Illuminate\\Foundation\\Http\\Middleware\\VerifyCsrfToken->handle(Object(Illuminate\\Http\\Request), Object(Closure))
#22 C:\\OSPanel\\home\\guitar_prog1\\vendor\\laravel\\framework\\src\\Illuminate\\View\\Middleware\\ShareErrorsFromSession.php(49): Illuminate\\Pipeline\\Pipeline->Illuminate\\Pipeline\\{closure}(Object(Illuminate\\Http\\Request))
#23 C:\\OSPanel\\home\\guitar_prog1\\vendor\\laravel\\framework\\src\\Illuminate\\Pipeline\\Pipeline.php(209): Illuminate\\View\\Middleware\\ShareErrorsFromSession->handle(Object(Illuminate\\Http\\Request), Object(Closure))
#24 C:\\OSPanel\\home\\guitar_prog1\\vendor\\laravel\\framework\\src\\Illuminate\\Session\\Middleware\\StartSession.php(121): Illuminate\\Pipeline\\Pipeline->Illuminate\\Pipeline\\{closure}(Object(Illuminate\\Http\\Request))
#25 C:\\OSPanel\\home\\guitar_prog1\\vendor\\laravel\\framework\\src\\Illuminate\\Session\\Middleware\\StartSession.php(64): Illuminate\\Session\\Middleware\\StartSession->handleStatefulRequest(Object(Illuminate\\Http\\Request), Object(Illuminate\\Session\\Store), Object(Closure))
#26 C:\\OSPanel\\home\\guitar_prog1\\vendor\\laravel\\framework\\src\\Illuminate\\Pipeline\\Pipeline.php(209): Illuminate\\Session\\Middleware\\StartSession->handle(Object(Illuminate\\Http\\Request), Object(Closure))
#27 C:\\OSPanel\\home\\guitar_prog1\\vendor\\laravel\\framework\\src\\Illuminate\\Cookie\\Middleware\\AddQueuedCookiesToResponse.php(37): Illuminate\\Pipeline\\Pipeline->Illuminate\\Pipeline\\{closure}(Object(Illuminate\\Http\\Request))
#28 C:\\OSPanel\\home\\guitar_prog1\\vendor\\laravel\\framework\\src\\Illuminate\\Pipeline\\Pipeline.php(209): Illuminate\\Cookie\\Middleware\\AddQueuedCookiesToResponse->handle(Object(Illuminate\\Http\\Request), Object(Closure))
#29 C:\\OSPanel\\home\\guitar_prog1\\vendor\\laravel\\framework\\src\\Illuminate\\Cookie\\Middleware\\EncryptCookies.php(75): Illuminate\\Pipeline\\Pipeline->Illuminate\\Pipeline\\{closure}(Object(Illuminate\\Http\\Request))
#30 C:\\OSPanel\\home\\guitar_prog1\\vendor\\laravel\\framework\\src\\Illuminate\\Pipeline\\Pipeline.php(209): Illuminate\\Cookie\\Middleware\\EncryptCookies->handle(Object(Illuminate\\Http\\Request), Object(Closure))
#31 C:\\OSPanel\\home\\guitar_prog1\\vendor\\laravel\\framework\\src\\Illuminate\\Pipeline\\Pipeline.php(127): Illuminate\\Pipeline\\Pipeline->Illuminate\\Pipeline\\{closure}(Object(Illuminate\\Http\\Request))
#32 C:\\OSPanel\\home\\guitar_prog1\\vendor\\laravel\\framework\\src\\Illuminate\\Routing\\Router.php(807): Illuminate\\Pipeline\\Pipeline->then(Object(Closure))
#33 C:\\OSPanel\\home\\guitar_prog1\\vendor\\laravel\\framework\\src\\Illuminate\\Routing\\Router.php(786): Illuminate\\Routing\\Router->runRouteWithinStack(Object(Illuminate\\Routing\\Route), Object(Illuminate\\Http\\Request))
#34 C:\\OSPanel\\home\\guitar_prog1\\vendor\\laravel\\framework\\src\\Illuminate\\Routing\\Router.php(750): Illuminate\\Routing\\Router->runRoute(Object(Illuminate\\Http\\Request), Object(Illuminate\\Routing\\Route))
#35 C:\\OSPanel\\home\\guitar_prog1\\vendor\\laravel\\framework\\src\\Illuminate\\Routing\\Router.php(739): Illuminate\\Routing\\Router->dispatchToRoute(Object(Illuminate\\Http\\Request))
#36 C:\\OSPanel\\home\\guitar_prog1\\vendor\\laravel\\framework\\src\\Illuminate\\Foundation\\Http\\Kernel.php(201): Illuminate\\Routing\\Router->dispatch(Object(Illuminate\\Http\\Request))
#37 C:\\OSPanel\\home\\guitar_prog1\\vendor\\laravel\\framework\\src\\Illuminate\\Pipeline\\Pipeline.php(170): Illuminate\\Foundation\\Http\\Kernel->Illuminate\\Foundation\\Http\\{closure}(Object(Illuminate\\Http\\Request))
#38 C:\\OSPanel\\home\\guitar_prog1\\vendor\\livewire\\livewire\\src\\Features\\SupportDisablingBackButtonCache\\DisableBackButtonCacheMiddleware.php(19): Illuminate\\Pipeline\\Pipeline->Illuminate\\Pipeline\\{closure}(Object(Illuminate\\Http\\Request))
#39 C:\\OSPanel\\home\\guitar_prog1\\vendor\\laravel\\framework\\src\\Illuminate\\Pipeline\\Pipeline.php(209): Livewire\\Features\\SupportDisablingBackButtonCache\\DisableBackButtonCacheMiddleware->handle(Object(Illuminate\\Http\\Request), Object(Closure))
#40 C:\\OSPanel\\home\\guitar_prog1\\vendor\\laravel\\framework\\src\\Illuminate\\Foundation\\Http\\Middleware\\TransformsRequest.php(21): Illuminate\\Pipeline\\Pipeline->Illuminate\\Pipeline\\{closure}(Object(Illuminate\\Http\\Request))
#41 C:\\OSPanel\\home\\guitar_prog1\\vendor\\laravel\\framework\\src\\Illuminate\\Foundation\\Http\\Middleware\\ConvertEmptyStringsToNull.php(31): Illuminate\\Foundation\\Http\\Middleware\\TransformsRequest->handle(Object(Illuminate\\Http\\Request), Object(Closure))
#42 C:\\OSPanel\\home\\guitar_prog1\\vendor\\laravel\\framework\\src\\Illuminate\\Pipeline\\Pipeline.php(209): Illuminate\\Foundation\\Http\\Middleware\\ConvertEmptyStringsToNull->handle(Object(Illuminate\\Http\\Request), Object(Closure))
#43 C:\\OSPanel\\home\\guitar_prog1\\vendor\\laravel\\framework\\src\\Illuminate\\Foundation\\Http\\Middleware\\TransformsRequest.php(21): Illuminate\\Pipeline\\Pipeline->Illuminate\\Pipeline\\{closure}(Object(Illuminate\\Http\\Request))
#44 C:\\OSPanel\\home\\guitar_prog1\\vendor\\laravel\\framework\\src\\Illuminate\\Foundation\\Http\\Middleware\\TrimStrings.php(51): Illuminate\\Foundation\\Http\\Middleware\\TransformsRequest->handle(Object(Illuminate\\Http\\Request), Object(Closure))
#45 C:\\OSPanel\\home\\guitar_prog1\\vendor\\laravel\\framework\\src\\Illuminate\\Pipeline\\Pipeline.php(209): Illuminate\\Foundation\\Http\\Middleware\\TrimStrings->handle(Object(Illuminate\\Http\\Request), Object(Closure))
#46 C:\\OSPanel\\home\\guitar_prog1\\vendor\\laravel\\framework\\src\\Illuminate\\Http\\Middleware\\ValidatePostSize.php(27): Illuminate\\Pipeline\\Pipeline->Illuminate\\Pipeline\\{closure}(Object(Illuminate\\Http\\Request))
#47 C:\\OSPanel\\home\\guitar_prog1\\vendor\\laravel\\framework\\src\\Illuminate\\Pipeline\\Pipeline.php(209): Illuminate\\Http\\Middleware\\ValidatePostSize->handle(Object(Illuminate\\Http\\Request), Object(Closure))
#48 C:\\OSPanel\\home\\guitar_prog1\\vendor\\laravel\\framework\\src\\Illuminate\\Foundation\\Http\\Middleware\\PreventRequestsDuringMaintenance.php(110): Illuminate\\Pipeline\\Pipeline->Illuminate\\Pipeline\\{closure}(Object(Illuminate\\Http\\Request))
#49 C:\\OSPanel\\home\\guitar_prog1\\vendor\\laravel\\framework\\src\\Illuminate\\Pipeline\\Pipeline.php(209): Illuminate\\Foundation\\Http\\Middleware\\PreventRequestsDuringMaintenance->handle(Object(Illuminate\\Http\\Request), Object(Closure))
#50 C:\\OSPanel\\home\\guitar_prog1\\vendor\\laravel\\framework\\src\\Illuminate\\Http\\Middleware\\HandleCors.php(49): Illuminate\\Pipeline\\Pipeline->Illuminate\\Pipeline\\{closure}(Object(Illuminate\\Http\\Request))
#51 C:\\OSPanel\\home\\guitar_prog1\\vendor\\laravel\\framework\\src\\Illuminate\\Pipeline\\Pipeline.php(209): Illuminate\\Http\\Middleware\\HandleCors->handle(Object(Illuminate\\Http\\Request), Object(Closure))
#52 C:\\OSPanel\\home\\guitar_prog1\\vendor\\laravel\\framework\\src\\Illuminate\\Http\\Middleware\\TrustProxies.php(58): Illuminate\\Pipeline\\Pipeline->Illuminate\\Pipeline\\{closure}(Object(Illuminate\\Http\\Request))
#53 C:\\OSPanel\\home\\guitar_prog1\\vendor\\laravel\\framework\\src\\Illuminate\\Pipeline\\Pipeline.php(209): Illuminate\\Http\\Middleware\\TrustProxies->handle(Object(Illuminate\\Http\\Request), Object(Closure))
#54 C:\\OSPanel\\home\\guitar_prog1\\vendor\\laravel\\framework\\src\\Illuminate\\Foundation\\Http\\Middleware\\InvokeDeferredCallbacks.php(22): Illuminate\\Pipeline\\Pipeline->Illuminate\\Pipeline\\{closure}(Object(Illuminate\\Http\\Request))
#55 C:\\OSPanel\\home\\guitar_prog1\\vendor\\laravel\\framework\\src\\Illuminate\\Pipeline\\Pipeline.php(209): Illuminate\\Foundation\\Http\\Middleware\\InvokeDeferredCallbacks->handle(Object(Illuminate\\Http\\Request), Object(Closure))
#56 C:\\OSPanel\\home\\guitar_prog1\\vendor\\laravel\\framework\\src\\Illuminate\\Http\\Middleware\\ValidatePathEncoding.php(26): Illuminate\\Pipeline\\Pipeline->Illuminate\\Pipeline\\{closure}(Object(Illuminate\\Http\\Request))
#57 C:\\OSPanel\\home\\guitar_prog1\\vendor\\laravel\\framework\\src\\Illuminate\\Pipeline\\Pipeline.php(209): Illuminate\\Http\\Middleware\\ValidatePathEncoding->handle(Object(Illuminate\\Http\\Request), Object(Closure))
#58 C:\\OSPanel\\home\\guitar_prog1\\vendor\\laravel\\framework\\src\\Illuminate\\Pipeline\\Pipeline.php(127): Illuminate\\Pipeline\\Pipeline->Illuminate\\Pipeline\\{closure}(Object(Illuminate\\Http\\Request))
#59 C:\\OSPanel\\home\\guitar_prog1\\vendor\\laravel\\framework\\src\\Illuminate\\Foundation\\Http\\Kernel.php(176): Illuminate\\Pipeline\\Pipeline->then(Object(Closure))
#60 C:\\OSPanel\\home\\guitar_prog1\\vendor\\laravel\\framework\\src\\Illuminate\\Foundation\\Http\\Kernel.php(145): Illuminate\\Foundation\\Http\\Kernel->sendRequestThroughRouter(Object(Illuminate\\Http\\Request))
#61 C:\\OSPanel\\home\\guitar_prog1\\vendor\\laravel\\framework\\src\\Illuminate\\Foundation\\Application.php(1220): Illuminate\\Foundation\\Http\\Kernel->handle(Object(Illuminate\\Http\\Request))
#62 C:\\OSPanel\\home\\guitar_prog1\\public\\index.php(20): Illuminate\\Foundation\\Application->handleRequest(Object(Illuminate\\Http\\Request))
#63 C:\\OSPanel\\home\\guitar_prog1\\vendor\\laravel\\framework\\src\\Illuminate\\Foundation\\resources\\server.php(23): require_once('C:\\\\OSPanel\\\\home...')
#64 {main}

[previous exception] [object] (ParseError(code: 0): syntax error, unexpected token \"endif\" at C:\\OSPanel\\home\\guitar_prog1\\storage\\framework\\views\\065d2442fb694df646775c5b6bb10c58.php:43)
[stacktrace]
#0 C:\\OSPanel\\home\\guitar_prog1\\vendor\\laravel\\framework\\src\\Illuminate\\Filesystem\\Filesystem.php(124): Illuminate\\Filesystem\\Filesystem::Illuminate\\Filesystem\\{closure}()
#1 C:\\OSPanel\\home\\guitar_prog1\\vendor\\laravel\\framework\\src\\Illuminate\\View\\Engines\\PhpEngine.php(58): Illuminate\\Filesystem\\Filesystem->getRequire('C:\\\\OSPanel\\\\home...', Array)
#2 C:\\OSPanel\\home\\guitar_prog1\\vendor\\livewire\\livewire\\src\\Mechanisms\\ExtendBlade\\ExtendedCompilerEngine.php(22): Illuminate\\View\\Engines\\PhpEngine->evaluatePath('C:\\\\OSPanel\\\\home...', Array)
#3 C:\\OSPanel\\home\\guitar_prog1\\vendor\\laravel\\framework\\src\\Illuminate\\View\\Engines\\CompilerEngine.php(75): Livewire\\Mechanisms\\ExtendBlade\\ExtendedCompilerEngine->evaluatePath('C:\\\\OSPanel\\\\home...', Array)
#4 C:\\OSPanel\\home\\guitar_prog1\\vendor\\livewire\\livewire\\src\\Mechanisms\\ExtendBlade\\ExtendedCompilerEngine.php(10): Illuminate\\View\\Engines\\CompilerEngine->get('C:\\\\OSPanel\\\\home...', Array)
#5 C:\\OSPanel\\home\\guitar_prog1\\vendor\\laravel\\framework\\src\\Illuminate\\View\\View.php(209): Livewire\\Mechanisms\\ExtendBlade\\ExtendedCompilerEngine->get('C:\\\\OSPanel\\\\home...', Array)
#6 C:\\OSPanel\\home\\guitar_prog1\\vendor\\laravel\\framework\\src\\Illuminate\\View\\View.php(192): Illuminate\\View\\View->getContents()
#7 C:\\OSPanel\\home\\guitar_prog1\\vendor\\laravel\\framework\\src\\Illuminate\\View\\View.php(161): Illuminate\\View\\View->renderContents()
#8 C:\\OSPanel\\home\\guitar_prog1\\vendor\\laravel\\framework\\src\\Illuminate\\Http\\Response.php(79): Illuminate\\View\\View->render()
#9 C:\\OSPanel\\home\\guitar_prog1\\vendor\\laravel\\framework\\src\\Illuminate\\Http\\Response.php(35): Illuminate\\Http\\Response->setContent(Object(Illuminate\\View\\View))
#10 C:\\OSPanel\\home\\guitar_prog1\\vendor\\laravel\\framework\\src\\Illuminate\\Routing\\Router.php(920): Illuminate\\Http\\Response->__construct(Object(Illuminate\\View\\View), 200, Array)
#11 C:\\OSPanel\\home\\guitar_prog1\\vendor\\laravel\\framework\\src\\Illuminate\\Routing\\Router.php(887): Illuminate\\Routing\\Router::toResponse(Object(Illuminate\\Http\\Request), Object(Illuminate\\View\\View))
#12 C:\\OSPanel\\home\\guitar_prog1\\vendor\\laravel\\framework\\src\\Illuminate\\Routing\\Router.php(807): Illuminate\\Routing\\Router->prepareResponse(Object(Illuminate\\Http\\Request), Object(Illuminate\\View\\View))
#13 C:\\OSPanel\\home\\guitar_prog1\\vendor\\laravel\\framework\\src\\Illuminate\\Pipeline\\Pipeline.php(170): Illuminate\\Routing\\Router->Illuminate\\Routing\\{closure}(Object(Illuminate\\Http\\Request))
#14 C:\\OSPanel\\home\\guitar_prog1\\vendor\\laravel\\framework\\src\\Illuminate\\Auth\\Middleware\\EnsureEmailIsVerified.php(41): Illuminate\\Pipeline\\Pipeline->Illuminate\\Pipeline\\{closure}(Object(Illuminate\\Http\\Request))
#15 C:\\OSPanel\\home\\guitar_prog1\\vendor\\laravel\\framework\\src\\Illuminate\\Pipeline\\Pipeline.php(209): Illuminate\\Auth\\Middleware\\EnsureEmailIsVerified->handle(Object(Illuminate\\Http\\Request), Object(Closure))
#16 C:\\OSPanel\\home\\guitar_prog1\\vendor\\laravel\\framework\\src\\Illuminate\\Routing\\Middleware\\SubstituteBindings.php(51): Illuminate\\Pipeline\\Pipeline->Illuminate\\Pipeline\\{closure}(Object(Illuminate\\Http\\Request))
#17 C:\\OSPanel\\home\\guitar_prog1\\vendor\\laravel\\framework\\src\\Illuminate\\Pipeline\\Pipeline.php(209): Illuminate\\Routing\\Middleware\\SubstituteBindings->handle(Object(Illuminate\\Http\\Request), Object(Closure))
#18 C:\\OSPanel\\home\\guitar_prog1\\vendor\\laravel\\framework\\src\\Illuminate\\Auth\\Middleware\\Authenticate.php(64): Illuminate\\Pipeline\\Pipeline->Illuminate\\Pipeline\\{closure}(Object(Illuminate\\Http\\Request))
#19 C:\\OSPanel\\home\\guitar_prog1\\vendor\\laravel\\framework\\src\\Illuminate\\Pipeline\\Pipeline.php(209): Illuminate\\Auth\\Middleware\\Authenticate->handle(Object(Illuminate\\Http\\Request), Object(Closure))
#20 C:\\OSPanel\\home\\guitar_prog1\\vendor\\laravel\\framework\\src\\Illuminate\\Foundation\\Http\\Middleware\\VerifyCsrfToken.php(88): Illuminate\\Pipeline\\Pipeline->Illuminate\\Pipeline\\{closure}(Object(Illuminate\\Http\\Request))
#21 C:\\OSPanel\\home\\guitar_prog1\\vendor\\laravel\\framework\\src\\Illuminate\\Pipeline\\Pipeline.php(209): Illuminate\\Foundation\\Http\\Middleware\\VerifyCsrfToken->handle(Object(Illuminate\\Http\\Request), Object(Closure))
#22 C:\\OSPanel\\home\\guitar_prog1\\vendor\\laravel\\framework\\src\\Illuminate\\View\\Middleware\\ShareErrorsFromSession.php(49): Illuminate\\Pipeline\\Pipeline->Illuminate\\Pipeline\\{closure}(Object(Illuminate\\Http\\Request))
#23 C:\\OSPanel\\home\\guitar_prog1\\vendor\\laravel\\framework\\src\\Illuminate\\Pipeline\\Pipeline.php(209): Illuminate\\View\\Middleware\\ShareErrorsFromSession->handle(Object(Illuminate\\Http\\Request), Object(Closure))
#24 C:\\OSPanel\\home\\guitar_prog1\\vendor\\laravel\\framework\\src\\Illuminate\\Session\\Middleware\\StartSession.php(121): Illuminate\\Pipeline\\Pipeline->Illuminate\\Pipeline\\{closure}(Object(Illuminate\\Http\\Request))
#25 C:\\OSPanel\\home\\guitar_prog1\\vendor\\laravel\\framework\\src\\Illuminate\\Session\\Middleware\\StartSession.php(64): Illuminate\\Session\\Middleware\\StartSession->handleStatefulRequest(Object(Illuminate\\Http\\Request), Object(Illuminate\\Session\\Store), Object(Closure))
#26 C:\\OSPanel\\home\\guitar_prog1\\vendor\\laravel\\framework\\src\\Illuminate\\Pipeline\\Pipeline.php(209): Illuminate\\Session\\Middleware\\StartSession->handle(Object(Illuminate\\Http\\Request), Object(Closure))
#27 C:\\OSPanel\\home\\guitar_prog1\\vendor\\laravel\\framework\\src\\Illuminate\\Cookie\\Middleware\\AddQueuedCookiesToResponse.php(37): Illuminate\\Pipeline\\Pipeline->Illuminate\\Pipeline\\{closure}(Object(Illuminate\\Http\\Request))
#28 C:\\OSPanel\\home\\guitar_prog1\\vendor\\laravel\\framework\\src\\Illuminate\\Pipeline\\Pipeline.php(209): Illuminate\\Cookie\\Middleware\\AddQueuedCookiesToResponse->handle(Object(Illuminate\\Http\\Request), Object(Closure))
#29 C:\\OSPanel\\home\\guitar_prog1\\vendor\\laravel\\framework\\src\\Illuminate\\Cookie\\Middleware\\EncryptCookies.php(75): Illuminate\\Pipeline\\Pipeline->Illuminate\\Pipeline\\{closure}(Object(Illuminate\\Http\\Request))
#30 C:\\OSPanel\\home\\guitar_prog1\\vendor\\laravel\\framework\\src\\Illuminate\\Pipeline\\Pipeline.php(209): Illuminate\\Cookie\\Middleware\\EncryptCookies->handle(Object(Illuminate\\Http\\Request), Object(Closure))
#31 C:\\OSPanel\\home\\guitar_prog1\\vendor\\laravel\\framework\\src\\Illuminate\\Pipeline\\Pipeline.php(127): Illuminate\\Pipeline\\Pipeline->Illuminate\\Pipeline\\{closure}(Object(Illuminate\\Http\\Request))
#32 C:\\OSPanel\\home\\guitar_prog1\\vendor\\laravel\\framework\\src\\Illuminate\\Routing\\Router.php(807): Illuminate\\Pipeline\\Pipeline->then(Object(Closure))
#33 C:\\OSPanel\\home\\guitar_prog1\\vendor\\laravel\\framework\\src\\Illuminate\\Routing\\Router.php(786): Illuminate\\Routing\\Router->runRouteWithinStack(Object(Illuminate\\Routing\\Route), Object(Illuminate\\Http\\Request))
#34 C:\\OSPanel\\home\\guitar_prog1\\vendor\\laravel\\framework\\src\\Illuminate\\Routing\\Router.php(750): Illuminate\\Routing\\Router->runRoute(Object(Illuminate\\Http\\Request), Object(Illuminate\\Routing\\Route))
#35 C:\\OSPanel\\home\\guitar_prog1\\vendor\\laravel\\framework\\src\\Illuminate\\Routing\\Router.php(739): Illuminate\\Routing\\Router->dispatchToRoute(Object(Illuminate\\Http\\Request))
#36 C:\\OSPanel\\home\\guitar_prog1\\vendor\\laravel\\framework\\src\\Illuminate\\Foundation\\Http\\Kernel.php(201): Illuminate\\Routing\\Router->dispatch(Object(Illuminate\\Http\\Request))
#37 C:\\OSPanel\\home\\guitar_prog1\\vendor\\laravel\\framework\\src\\Illuminate\\Pipeline\\Pipeline.php(170): Illuminate\\Foundation\\Http\\Kernel->Illuminate\\Foundation\\Http\\{closure}(Object(Illuminate\\Http\\Request))
#38 C:\\OSPanel\\home\\guitar_prog1\\vendor\\livewire\\livewire\\src\\Features\\SupportDisablingBackButtonCache\\DisableBackButtonCacheMiddleware.php(19): Illuminate\\Pipeline\\Pipeline->Illuminate\\Pipeline\\{closure}(Object(Illuminate\\Http\\Request))
#39 C:\\OSPanel\\home\\guitar_prog1\\vendor\\laravel\\framework\\src\\Illuminate\\Pipeline\\Pipeline.php(209): Livewire\\Features\\SupportDisablingBackButtonCache\\DisableBackButtonCacheMiddleware->handle(Object(Illuminate\\Http\\Request), Object(Closure))
#40 C:\\OSPanel\\home\\guitar_prog1\\vendor\\laravel\\framework\\src\\Illuminate\\Foundation\\Http\\Middleware\\TransformsRequest.php(21): Illuminate\\Pipeline\\Pipeline->Illuminate\\Pipeline\\{closure}(Object(Illuminate\\Http\\Request))
#41 C:\\OSPanel\\home\\guitar_prog1\\vendor\\laravel\\framework\\src\\Illuminate\\Foundation\\Http\\Middleware\\ConvertEmptyStringsToNull.php(31): Illuminate\\Foundation\\Http\\Middleware\\TransformsRequest->handle(Object(Illuminate\\Http\\Request), Object(Closure))
#42 C:\\OSPanel\\home\\guitar_prog1\\vendor\\laravel\\framework\\src\\Illuminate\\Pipeline\\Pipeline.php(209): Illuminate\\Foundation\\Http\\Middleware\\ConvertEmptyStringsToNull->handle(Object(Illuminate\\Http\\Request), Object(Closure))
#43 C:\\OSPanel\\home\\guitar_prog1\\vendor\\laravel\\framework\\src\\Illuminate\\Foundation\\Http\\Middleware\\TransformsRequest.php(21): Illuminate\\Pipeline\\Pipeline->Illuminate\\Pipeline\\{closure}(Object(Illuminate\\Http\\Request))
#44 C:\\OSPanel\\home\\guitar_prog1\\vendor\\laravel\\framework\\src\\Illuminate\\Foundation\\Http\\Middleware\\TrimStrings.php(51): Illuminate\\Foundation\\Http\\Middleware\\TransformsRequest->handle(Object(Illuminate\\Http\\Request), Object(Closure))
#45 C:\\OSPanel\\home\\guitar_prog1\\vendor\\laravel\\framework\\src\\Illuminate\\Pipeline\\Pipeline.php(209): Illuminate\\Foundation\\Http\\Middleware\\TrimStrings->handle(Object(Illuminate\\Http\\Request), Object(Closure))
#46 C:\\OSPanel\\home\\guitar_prog1\\vendor\\laravel\\framework\\src\\Illuminate\\Http\\Middleware\\ValidatePostSize.php(27): Illuminate\\Pipeline\\Pipeline->Illuminate\\Pipeline\\{closure}(Object(Illuminate\\Http\\Request))
#47 C:\\OSPanel\\home\\guitar_prog1\\vendor\\laravel\\framework\\src\\Illuminate\\Pipeline\\Pipeline.php(209): Illuminate\\Http\\Middleware\\ValidatePostSize->handle(Object(Illuminate\\Http\\Request), Object(Closure))
#48 C:\\OSPanel\\home\\guitar_prog1\\vendor\\laravel\\framework\\src\\Illuminate\\Foundation\\Http\\Middleware\\PreventRequestsDuringMaintenance.php(110): Illuminate\\Pipeline\\Pipeline->Illuminate\\Pipeline\\{closure}(Object(Illuminate\\Http\\Request))
#49 C:\\OSPanel\\home\\guitar_prog1\\vendor\\laravel\\framework\\src\\Illuminate\\Pipeline\\Pipeline.php(209): Illuminate\\Foundation\\Http\\Middleware\\PreventRequestsDuringMaintenance->handle(Object(Illuminate\\Http\\Request), Object(Closure))
#50 C:\\OSPanel\\home\\guitar_prog1\\vendor\\laravel\\framework\\src\\Illuminate\\Http\\Middleware\\HandleCors.php(49): Illuminate\\Pipeline\\Pipeline->Illuminate\\Pipeline\\{closure}(Object(Illuminate\\Http\\Request))
#51 C:\\OSPanel\\home\\guitar_prog1\\vendor\\laravel\\framework\\src\\Illuminate\\Pipeline\\Pipeline.php(209): Illuminate\\Http\\Middleware\\HandleCors->handle(Object(Illuminate\\Http\\Request), Object(Closure))
#52 C:\\OSPanel\\home\\guitar_prog1\\vendor\\laravel\\framework\\src\\Illuminate\\Http\\Middleware\\TrustProxies.php(58): Illuminate\\Pipeline\\Pipeline->Illuminate\\Pipeline\\{closure}(Object(Illuminate\\Http\\Request))
#53 C:\\OSPanel\\home\\guitar_prog1\\vendor\\laravel\\framework\\src\\Illuminate\\Pipeline\\Pipeline.php(209): Illuminate\\Http\\Middleware\\TrustProxies->handle(Object(Illuminate\\Http\\Request), Object(Closure))
#54 C:\\OSPanel\\home\\guitar_prog1\\vendor\\laravel\\framework\\src\\Illuminate\\Foundation\\Http\\Middleware\\InvokeDeferredCallbacks.php(22): Illuminate\\Pipeline\\Pipeline->Illuminate\\Pipeline\\{closure}(Object(Illuminate\\Http\\Request))
#55 C:\\OSPanel\\home\\guitar_prog1\\vendor\\laravel\\framework\\src\\Illuminate\\Pipeline\\Pipeline.php(209): Illuminate\\Foundation\\Http\\Middleware\\InvokeDeferredCallbacks->handle(Object(Illuminate\\Http\\Request), Object(Closure))
#56 C:\\OSPanel\\home\\guitar_prog1\\vendor\\laravel\\framework\\src\\Illuminate\\Http\\Middleware\\ValidatePathEncoding.php(26): Illuminate\\Pipeline\\Pipeline->Illuminate\\Pipeline\\{closure}(Object(Illuminate\\Http\\Request))
#57 C:\\OSPanel\\home\\guitar_prog1\\vendor\\laravel\\framework\\src\\Illuminate\\Pipeline\\Pipeline.php(209): Illuminate\\Http\\Middleware\\ValidatePathEncoding->handle(Object(Illuminate\\Http\\Request), Object(Closure))
#58 C:\\OSPanel\\home\\guitar_prog1\\vendor\\laravel\\framework\\src\\Illuminate\\Pipeline\\Pipeline.php(127): Illuminate\\Pipeline\\Pipeline->Illuminate\\Pipeline\\{closure}(Object(Illuminate\\Http\\Request))
#59 C:\\OSPanel\\home\\guitar_prog1\\vendor\\laravel\\framework\\src\\Illuminate\\Foundation\\Http\\Kernel.php(176): Illuminate\\Pipeline\\Pipeline->then(Object(Closure))
#60 C:\\OSPanel\\home\\guitar_prog1\\vendor\\laravel\\framework\\src\\Illuminate\\Foundation\\Http\\Kernel.php(145): Illuminate\\Foundation\\Http\\Kernel->sendRequestThroughRouter(Object(Illuminate\\Http\\Request))
#61 C:\\OSPanel\\home\\guitar_prog1\\vendor\\laravel\\framework\\src\\Illuminate\\Foundation\\Application.php(1220): Illuminate\\Foundation\\Http\\Kernel->handle(Object(Illuminate\\Http\\Request))
#62 C:\\OSPanel\\home\\guitar_prog1\\public\\index.php(20): Illuminate\\Foundation\\Application->handleRequest(Object(Illuminate\\Http\\Request))
#63 C:\\OSPanel\\home\\guitar_prog1\\vendor\\laravel\\framework\\src\\Illuminate\\Foundation\\resources\\server.php(23): require_once('C:\\\\OSPanel\\\\home...')
#64 {main}
"} 
[2025-05-02 10:15:15] local.ERROR: syntax error, unexpected token "endif" (View: C:\OSPanel\home\guitar_prog1\resources\views\cart\index.blade.php) {"userId":4,"exception":"[object] (Illuminate\\View\\ViewException(code: 0): syntax error, unexpected token \"endif\" (View: C:\\OSPanel\\home\\guitar_prog1\\resources\\views\\cart\\index.blade.php) at C:\\OSPanel\\home\\guitar_prog1\\storage\\framework\\views\\065d2442fb694df646775c5b6bb10c58.php:43)
[stacktrace]
#0 C:\\OSPanel\\home\\guitar_prog1\\vendor\\livewire\\livewire\\src\\Mechanisms\\ExtendBlade\\ExtendedCompilerEngine.php(58): Illuminate\\View\\Engines\\CompilerEngine->handleViewException(Object(ParseError), 1)
#1 C:\\OSPanel\\home\\guitar_prog1\\vendor\\laravel\\framework\\src\\Illuminate\\View\\Engines\\PhpEngine.php(60): Livewire\\Mechanisms\\ExtendBlade\\ExtendedCompilerEngine->handleViewException(Object(ParseError), 1)
#2 C:\\OSPanel\\home\\guitar_prog1\\vendor\\livewire\\livewire\\src\\Mechanisms\\ExtendBlade\\ExtendedCompilerEngine.php(22): Illuminate\\View\\Engines\\PhpEngine->evaluatePath('C:\\\\OSPanel\\\\home...', Array)
#3 C:\\OSPanel\\home\\guitar_prog1\\vendor\\laravel\\framework\\src\\Illuminate\\View\\Engines\\CompilerEngine.php(75): Livewire\\Mechanisms\\ExtendBlade\\ExtendedCompilerEngine->evaluatePath('C:\\\\OSPanel\\\\home...', Array)
#4 C:\\OSPanel\\home\\guitar_prog1\\vendor\\livewire\\livewire\\src\\Mechanisms\\ExtendBlade\\ExtendedCompilerEngine.php(10): Illuminate\\View\\Engines\\CompilerEngine->get('C:\\\\OSPanel\\\\home...', Array)
#5 C:\\OSPanel\\home\\guitar_prog1\\vendor\\laravel\\framework\\src\\Illuminate\\View\\View.php(209): Livewire\\Mechanisms\\ExtendBlade\\ExtendedCompilerEngine->get('C:\\\\OSPanel\\\\home...', Array)
#6 C:\\OSPanel\\home\\guitar_prog1\\vendor\\laravel\\framework\\src\\Illuminate\\View\\View.php(192): Illuminate\\View\\View->getContents()
#7 C:\\OSPanel\\home\\guitar_prog1\\vendor\\laravel\\framework\\src\\Illuminate\\View\\View.php(161): Illuminate\\View\\View->renderContents()
#8 C:\\OSPanel\\home\\guitar_prog1\\vendor\\laravel\\framework\\src\\Illuminate\\Http\\Response.php(79): Illuminate\\View\\View->render()
#9 C:\\OSPanel\\home\\guitar_prog1\\vendor\\laravel\\framework\\src\\Illuminate\\Http\\Response.php(35): Illuminate\\Http\\Response->setContent(Object(Illuminate\\View\\View))
#10 C:\\OSPanel\\home\\guitar_prog1\\vendor\\laravel\\framework\\src\\Illuminate\\Routing\\Router.php(920): Illuminate\\Http\\Response->__construct(Object(Illuminate\\View\\View), 200, Array)
#11 C:\\OSPanel\\home\\guitar_prog1\\vendor\\laravel\\framework\\src\\Illuminate\\Routing\\Router.php(887): Illuminate\\Routing\\Router::toResponse(Object(Illuminate\\Http\\Request), Object(Illuminate\\View\\View))
#12 C:\\OSPanel\\home\\guitar_prog1\\vendor\\laravel\\framework\\src\\Illuminate\\Routing\\Router.php(807): Illuminate\\Routing\\Router->prepareResponse(Object(Illuminate\\Http\\Request), Object(Illuminate\\View\\View))
#13 C:\\OSPanel\\home\\guitar_prog1\\vendor\\laravel\\framework\\src\\Illuminate\\Pipeline\\Pipeline.php(170): Illuminate\\Routing\\Router->Illuminate\\Routing\\{closure}(Object(Illuminate\\Http\\Request))
#14 C:\\OSPanel\\home\\guitar_prog1\\vendor\\laravel\\framework\\src\\Illuminate\\Auth\\Middleware\\EnsureEmailIsVerified.php(41): Illuminate\\Pipeline\\Pipeline->Illuminate\\Pipeline\\{closure}(Object(Illuminate\\Http\\Request))
#15 C:\\OSPanel\\home\\guitar_prog1\\vendor\\laravel\\framework\\src\\Illuminate\\Pipeline\\Pipeline.php(209): Illuminate\\Auth\\Middleware\\EnsureEmailIsVerified->handle(Object(Illuminate\\Http\\Request), Object(Closure))
#16 C:\\OSPanel\\home\\guitar_prog1\\vendor\\laravel\\framework\\src\\Illuminate\\Routing\\Middleware\\SubstituteBindings.php(51): Illuminate\\Pipeline\\Pipeline->Illuminate\\Pipeline\\{closure}(Object(Illuminate\\Http\\Request))
#17 C:\\OSPanel\\home\\guitar_prog1\\vendor\\laravel\\framework\\src\\Illuminate\\Pipeline\\Pipeline.php(209): Illuminate\\Routing\\Middleware\\SubstituteBindings->handle(Object(Illuminate\\Http\\Request), Object(Closure))
#18 C:\\OSPanel\\home\\guitar_prog1\\vendor\\laravel\\framework\\src\\Illuminate\\Auth\\Middleware\\Authenticate.php(64): Illuminate\\Pipeline\\Pipeline->Illuminate\\Pipeline\\{closure}(Object(Illuminate\\Http\\Request))
#19 C:\\OSPanel\\home\\guitar_prog1\\vendor\\laravel\\framework\\src\\Illuminate\\Pipeline\\Pipeline.php(209): Illuminate\\Auth\\Middleware\\Authenticate->handle(Object(Illuminate\\Http\\Request), Object(Closure))
#20 C:\\OSPanel\\home\\guitar_prog1\\vendor\\laravel\\framework\\src\\Illuminate\\Foundation\\Http\\Middleware\\VerifyCsrfToken.php(88): Illuminate\\Pipeline\\Pipeline->Illuminate\\Pipeline\\{closure}(Object(Illuminate\\Http\\Request))
#21 C:\\OSPanel\\home\\guitar_prog1\\vendor\\laravel\\framework\\src\\Illuminate\\Pipeline\\Pipeline.php(209): Illuminate\\Foundation\\Http\\Middleware\\VerifyCsrfToken->handle(Object(Illuminate\\Http\\Request), Object(Closure))
#22 C:\\OSPanel\\home\\guitar_prog1\\vendor\\laravel\\framework\\src\\Illuminate\\View\\Middleware\\ShareErrorsFromSession.php(49): Illuminate\\Pipeline\\Pipeline->Illuminate\\Pipeline\\{closure}(Object(Illuminate\\Http\\Request))
#23 C:\\OSPanel\\home\\guitar_prog1\\vendor\\laravel\\framework\\src\\Illuminate\\Pipeline\\Pipeline.php(209): Illuminate\\View\\Middleware\\ShareErrorsFromSession->handle(Object(Illuminate\\Http\\Request), Object(Closure))
#24 C:\\OSPanel\\home\\guitar_prog1\\vendor\\laravel\\framework\\src\\Illuminate\\Session\\Middleware\\StartSession.php(121): Illuminate\\Pipeline\\Pipeline->Illuminate\\Pipeline\\{closure}(Object(Illuminate\\Http\\Request))
#25 C:\\OSPanel\\home\\guitar_prog1\\vendor\\laravel\\framework\\src\\Illuminate\\Session\\Middleware\\StartSession.php(64): Illuminate\\Session\\Middleware\\StartSession->handleStatefulRequest(Object(Illuminate\\Http\\Request), Object(Illuminate\\Session\\Store), Object(Closure))
#26 C:\\OSPanel\\home\\guitar_prog1\\vendor\\laravel\\framework\\src\\Illuminate\\Pipeline\\Pipeline.php(209): Illuminate\\Session\\Middleware\\StartSession->handle(Object(Illuminate\\Http\\Request), Object(Closure))
#27 C:\\OSPanel\\home\\guitar_prog1\\vendor\\laravel\\framework\\src\\Illuminate\\Cookie\\Middleware\\AddQueuedCookiesToResponse.php(37): Illuminate\\Pipeline\\Pipeline->Illuminate\\Pipeline\\{closure}(Object(Illuminate\\Http\\Request))
#28 C:\\OSPanel\\home\\guitar_prog1\\vendor\\laravel\\framework\\src\\Illuminate\\Pipeline\\Pipeline.php(209): Illuminate\\Cookie\\Middleware\\AddQueuedCookiesToResponse->handle(Object(Illuminate\\Http\\Request), Object(Closure))
#29 C:\\OSPanel\\home\\guitar_prog1\\vendor\\laravel\\framework\\src\\Illuminate\\Cookie\\Middleware\\EncryptCookies.php(75): Illuminate\\Pipeline\\Pipeline->Illuminate\\Pipeline\\{closure}(Object(Illuminate\\Http\\Request))
#30 C:\\OSPanel\\home\\guitar_prog1\\vendor\\laravel\\framework\\src\\Illuminate\\Pipeline\\Pipeline.php(209): Illuminate\\Cookie\\Middleware\\EncryptCookies->handle(Object(Illuminate\\Http\\Request), Object(Closure))
#31 C:\\OSPanel\\home\\guitar_prog1\\vendor\\laravel\\framework\\src\\Illuminate\\Pipeline\\Pipeline.php(127): Illuminate\\Pipeline\\Pipeline->Illuminate\\Pipeline\\{closure}(Object(Illuminate\\Http\\Request))
#32 C:\\OSPanel\\home\\guitar_prog1\\vendor\\laravel\\framework\\src\\Illuminate\\Routing\\Router.php(807): Illuminate\\Pipeline\\Pipeline->then(Object(Closure))
#33 C:\\OSPanel\\home\\guitar_prog1\\vendor\\laravel\\framework\\src\\Illuminate\\Routing\\Router.php(786): Illuminate\\Routing\\Router->runRouteWithinStack(Object(Illuminate\\Routing\\Route), Object(Illuminate\\Http\\Request))
#34 C:\\OSPanel\\home\\guitar_prog1\\vendor\\laravel\\framework\\src\\Illuminate\\Routing\\Router.php(750): Illuminate\\Routing\\Router->runRoute(Object(Illuminate\\Http\\Request), Object(Illuminate\\Routing\\Route))
#35 C:\\OSPanel\\home\\guitar_prog1\\vendor\\laravel\\framework\\src\\Illuminate\\Routing\\Router.php(739): Illuminate\\Routing\\Router->dispatchToRoute(Object(Illuminate\\Http\\Request))
#36 C:\\OSPanel\\home\\guitar_prog1\\vendor\\laravel\\framework\\src\\Illuminate\\Foundation\\Http\\Kernel.php(201): Illuminate\\Routing\\Router->dispatch(Object(Illuminate\\Http\\Request))
#37 C:\\OSPanel\\home\\guitar_prog1\\vendor\\laravel\\framework\\src\\Illuminate\\Pipeline\\Pipeline.php(170): Illuminate\\Foundation\\Http\\Kernel->Illuminate\\Foundation\\Http\\{closure}(Object(Illuminate\\Http\\Request))
#38 C:\\OSPanel\\home\\guitar_prog1\\vendor\\livewire\\livewire\\src\\Features\\SupportDisablingBackButtonCache\\DisableBackButtonCacheMiddleware.php(19): Illuminate\\Pipeline\\Pipeline->Illuminate\\Pipeline\\{closure}(Object(Illuminate\\Http\\Request))
#39 C:\\OSPanel\\home\\guitar_prog1\\vendor\\laravel\\framework\\src\\Illuminate\\Pipeline\\Pipeline.php(209): Livewire\\Features\\SupportDisablingBackButtonCache\\DisableBackButtonCacheMiddleware->handle(Object(Illuminate\\Http\\Request), Object(Closure))
#40 C:\\OSPanel\\home\\guitar_prog1\\vendor\\laravel\\framework\\src\\Illuminate\\Foundation\\Http\\Middleware\\TransformsRequest.php(21): Illuminate\\Pipeline\\Pipeline->Illuminate\\Pipeline\\{closure}(Object(Illuminate\\Http\\Request))
#41 C:\\OSPanel\\home\\guitar_prog1\\vendor\\laravel\\framework\\src\\Illuminate\\Foundation\\Http\\Middleware\\ConvertEmptyStringsToNull.php(31): Illuminate\\Foundation\\Http\\Middleware\\TransformsRequest->handle(Object(Illuminate\\Http\\Request), Object(Closure))
#42 C:\\OSPanel\\home\\guitar_prog1\\vendor\\laravel\\framework\\src\\Illuminate\\Pipeline\\Pipeline.php(209): Illuminate\\Foundation\\Http\\Middleware\\ConvertEmptyStringsToNull->handle(Object(Illuminate\\Http\\Request), Object(Closure))
#43 C:\\OSPanel\\home\\guitar_prog1\\vendor\\laravel\\framework\\src\\Illuminate\\Foundation\\Http\\Middleware\\TransformsRequest.php(21): Illuminate\\Pipeline\\Pipeline->Illuminate\\Pipeline\\{closure}(Object(Illuminate\\Http\\Request))
#44 C:\\OSPanel\\home\\guitar_prog1\\vendor\\laravel\\framework\\src\\Illuminate\\Foundation\\Http\\Middleware\\TrimStrings.php(51): Illuminate\\Foundation\\Http\\Middleware\\TransformsRequest->handle(Object(Illuminate\\Http\\Request), Object(Closure))
#45 C:\\OSPanel\\home\\guitar_prog1\\vendor\\laravel\\framework\\src\\Illuminate\\Pipeline\\Pipeline.php(209): Illuminate\\Foundation\\Http\\Middleware\\TrimStrings->handle(Object(Illuminate\\Http\\Request), Object(Closure))
#46 C:\\OSPanel\\home\\guitar_prog1\\vendor\\laravel\\framework\\src\\Illuminate\\Http\\Middleware\\ValidatePostSize.php(27): Illuminate\\Pipeline\\Pipeline->Illuminate\\Pipeline\\{closure}(Object(Illuminate\\Http\\Request))
#47 C:\\OSPanel\\home\\guitar_prog1\\vendor\\laravel\\framework\\src\\Illuminate\\Pipeline\\Pipeline.php(209): Illuminate\\Http\\Middleware\\ValidatePostSize->handle(Object(Illuminate\\Http\\Request), Object(Closure))
#48 C:\\OSPanel\\home\\guitar_prog1\\vendor\\laravel\\framework\\src\\Illuminate\\Foundation\\Http\\Middleware\\PreventRequestsDuringMaintenance.php(110): Illuminate\\Pipeline\\Pipeline->Illuminate\\Pipeline\\{closure}(Object(Illuminate\\Http\\Request))
#49 C:\\OSPanel\\home\\guitar_prog1\\vendor\\laravel\\framework\\src\\Illuminate\\Pipeline\\Pipeline.php(209): Illuminate\\Foundation\\Http\\Middleware\\PreventRequestsDuringMaintenance->handle(Object(Illuminate\\Http\\Request), Object(Closure))
#50 C:\\OSPanel\\home\\guitar_prog1\\vendor\\laravel\\framework\\src\\Illuminate\\Http\\Middleware\\HandleCors.php(49): Illuminate\\Pipeline\\Pipeline->Illuminate\\Pipeline\\{closure}(Object(Illuminate\\Http\\Request))
#51 C:\\OSPanel\\home\\guitar_prog1\\vendor\\laravel\\framework\\src\\Illuminate\\Pipeline\\Pipeline.php(209): Illuminate\\Http\\Middleware\\HandleCors->handle(Object(Illuminate\\Http\\Request), Object(Closure))
#52 C:\\OSPanel\\home\\guitar_prog1\\vendor\\laravel\\framework\\src\\Illuminate\\Http\\Middleware\\TrustProxies.php(58): Illuminate\\Pipeline\\Pipeline->Illuminate\\Pipeline\\{closure}(Object(Illuminate\\Http\\Request))
#53 C:\\OSPanel\\home\\guitar_prog1\\vendor\\laravel\\framework\\src\\Illuminate\\Pipeline\\Pipeline.php(209): Illuminate\\Http\\Middleware\\TrustProxies->handle(Object(Illuminate\\Http\\Request), Object(Closure))
#54 C:\\OSPanel\\home\\guitar_prog1\\vendor\\laravel\\framework\\src\\Illuminate\\Foundation\\Http\\Middleware\\InvokeDeferredCallbacks.php(22): Illuminate\\Pipeline\\Pipeline->Illuminate\\Pipeline\\{closure}(Object(Illuminate\\Http\\Request))
#55 C:\\OSPanel\\home\\guitar_prog1\\vendor\\laravel\\framework\\src\\Illuminate\\Pipeline\\Pipeline.php(209): Illuminate\\Foundation\\Http\\Middleware\\InvokeDeferredCallbacks->handle(Object(Illuminate\\Http\\Request), Object(Closure))
#56 C:\\OSPanel\\home\\guitar_prog1\\vendor\\laravel\\framework\\src\\Illuminate\\Http\\Middleware\\ValidatePathEncoding.php(26): Illuminate\\Pipeline\\Pipeline->Illuminate\\Pipeline\\{closure}(Object(Illuminate\\Http\\Request))
#57 C:\\OSPanel\\home\\guitar_prog1\\vendor\\laravel\\framework\\src\\Illuminate\\Pipeline\\Pipeline.php(209): Illuminate\\Http\\Middleware\\ValidatePathEncoding->handle(Object(Illuminate\\Http\\Request), Object(Closure))
#58 C:\\OSPanel\\home\\guitar_prog1\\vendor\\laravel\\framework\\src\\Illuminate\\Pipeline\\Pipeline.php(127): Illuminate\\Pipeline\\Pipeline->Illuminate\\Pipeline\\{closure}(Object(Illuminate\\Http\\Request))
#59 C:\\OSPanel\\home\\guitar_prog1\\vendor\\laravel\\framework\\src\\Illuminate\\Foundation\\Http\\Kernel.php(176): Illuminate\\Pipeline\\Pipeline->then(Object(Closure))
#60 C:\\OSPanel\\home\\guitar_prog1\\vendor\\laravel\\framework\\src\\Illuminate\\Foundation\\Http\\Kernel.php(145): Illuminate\\Foundation\\Http\\Kernel->sendRequestThroughRouter(Object(Illuminate\\Http\\Request))
#61 C:\\OSPanel\\home\\guitar_prog1\\vendor\\laravel\\framework\\src\\Illuminate\\Foundation\\Application.php(1220): Illuminate\\Foundation\\Http\\Kernel->handle(Object(Illuminate\\Http\\Request))
#62 C:\\OSPanel\\home\\guitar_prog1\\public\\index.php(20): Illuminate\\Foundation\\Application->handleRequest(Object(Illuminate\\Http\\Request))
#63 C:\\OSPanel\\home\\guitar_prog1\\vendor\\laravel\\framework\\src\\Illuminate\\Foundation\\resources\\server.php(23): require_once('C:\\\\OSPanel\\\\home...')
#64 {main}

[previous exception] [object] (ParseError(code: 0): syntax error, unexpected token \"endif\" at C:\\OSPanel\\home\\guitar_prog1\\storage\\framework\\views\\065d2442fb694df646775c5b6bb10c58.php:43)
[stacktrace]
#0 C:\\OSPanel\\home\\guitar_prog1\\vendor\\laravel\\framework\\src\\Illuminate\\Filesystem\\Filesystem.php(124): Illuminate\\Filesystem\\Filesystem::Illuminate\\Filesystem\\{closure}()
#1 C:\\OSPanel\\home\\guitar_prog1\\vendor\\laravel\\framework\\src\\Illuminate\\View\\Engines\\PhpEngine.php(58): Illuminate\\Filesystem\\Filesystem->getRequire('C:\\\\OSPanel\\\\home...', Array)
#2 C:\\OSPanel\\home\\guitar_prog1\\vendor\\livewire\\livewire\\src\\Mechanisms\\ExtendBlade\\ExtendedCompilerEngine.php(22): Illuminate\\View\\Engines\\PhpEngine->evaluatePath('C:\\\\OSPanel\\\\home...', Array)
#3 C:\\OSPanel\\home\\guitar_prog1\\vendor\\laravel\\framework\\src\\Illuminate\\View\\Engines\\CompilerEngine.php(75): Livewire\\Mechanisms\\ExtendBlade\\ExtendedCompilerEngine->evaluatePath('C:\\\\OSPanel\\\\home...', Array)
#4 C:\\OSPanel\\home\\guitar_prog1\\vendor\\livewire\\livewire\\src\\Mechanisms\\ExtendBlade\\ExtendedCompilerEngine.php(10): Illuminate\\View\\Engines\\CompilerEngine->get('C:\\\\OSPanel\\\\home...', Array)
#5 C:\\OSPanel\\home\\guitar_prog1\\vendor\\laravel\\framework\\src\\Illuminate\\View\\View.php(209): Livewire\\Mechanisms\\ExtendBlade\\ExtendedCompilerEngine->get('C:\\\\OSPanel\\\\home...', Array)
#6 C:\\OSPanel\\home\\guitar_prog1\\vendor\\laravel\\framework\\src\\Illuminate\\View\\View.php(192): Illuminate\\View\\View->getContents()
#7 C:\\OSPanel\\home\\guitar_prog1\\vendor\\laravel\\framework\\src\\Illuminate\\View\\View.php(161): Illuminate\\View\\View->renderContents()
#8 C:\\OSPanel\\home\\guitar_prog1\\vendor\\laravel\\framework\\src\\Illuminate\\Http\\Response.php(79): Illuminate\\View\\View->render()
#9 C:\\OSPanel\\home\\guitar_prog1\\vendor\\laravel\\framework\\src\\Illuminate\\Http\\Response.php(35): Illuminate\\Http\\Response->setContent(Object(Illuminate\\View\\View))
#10 C:\\OSPanel\\home\\guitar_prog1\\vendor\\laravel\\framework\\src\\Illuminate\\Routing\\Router.php(920): Illuminate\\Http\\Response->__construct(Object(Illuminate\\View\\View), 200, Array)
#11 C:\\OSPanel\\home\\guitar_prog1\\vendor\\laravel\\framework\\src\\Illuminate\\Routing\\Router.php(887): Illuminate\\Routing\\Router::toResponse(Object(Illuminate\\Http\\Request), Object(Illuminate\\View\\View))
#12 C:\\OSPanel\\home\\guitar_prog1\\vendor\\laravel\\framework\\src\\Illuminate\\Routing\\Router.php(807): Illuminate\\Routing\\Router->prepareResponse(Object(Illuminate\\Http\\Request), Object(Illuminate\\View\\View))
#13 C:\\OSPanel\\home\\guitar_prog1\\vendor\\laravel\\framework\\src\\Illuminate\\Pipeline\\Pipeline.php(170): Illuminate\\Routing\\Router->Illuminate\\Routing\\{closure}(Object(Illuminate\\Http\\Request))
#14 C:\\OSPanel\\home\\guitar_prog1\\vendor\\laravel\\framework\\src\\Illuminate\\Auth\\Middleware\\EnsureEmailIsVerified.php(41): Illuminate\\Pipeline\\Pipeline->Illuminate\\Pipeline\\{closure}(Object(Illuminate\\Http\\Request))
#15 C:\\OSPanel\\home\\guitar_prog1\\vendor\\laravel\\framework\\src\\Illuminate\\Pipeline\\Pipeline.php(209): Illuminate\\Auth\\Middleware\\EnsureEmailIsVerified->handle(Object(Illuminate\\Http\\Request), Object(Closure))
#16 C:\\OSPanel\\home\\guitar_prog1\\vendor\\laravel\\framework\\src\\Illuminate\\Routing\\Middleware\\SubstituteBindings.php(51): Illuminate\\Pipeline\\Pipeline->Illuminate\\Pipeline\\{closure}(Object(Illuminate\\Http\\Request))
#17 C:\\OSPanel\\home\\guitar_prog1\\vendor\\laravel\\framework\\src\\Illuminate\\Pipeline\\Pipeline.php(209): Illuminate\\Routing\\Middleware\\SubstituteBindings->handle(Object(Illuminate\\Http\\Request), Object(Closure))
#18 C:\\OSPanel\\home\\guitar_prog1\\vendor\\laravel\\framework\\src\\Illuminate\\Auth\\Middleware\\Authenticate.php(64): Illuminate\\Pipeline\\Pipeline->Illuminate\\Pipeline\\{closure}(Object(Illuminate\\Http\\Request))
#19 C:\\OSPanel\\home\\guitar_prog1\\vendor\\laravel\\framework\\src\\Illuminate\\Pipeline\\Pipeline.php(209): Illuminate\\Auth\\Middleware\\Authenticate->handle(Object(Illuminate\\Http\\Request), Object(Closure))
#20 C:\\OSPanel\\home\\guitar_prog1\\vendor\\laravel\\framework\\src\\Illuminate\\Foundation\\Http\\Middleware\\VerifyCsrfToken.php(88): Illuminate\\Pipeline\\Pipeline->Illuminate\\Pipeline\\{closure}(Object(Illuminate\\Http\\Request))
#21 C:\\OSPanel\\home\\guitar_prog1\\vendor\\laravel\\framework\\src\\Illuminate\\Pipeline\\Pipeline.php(209): Illuminate\\Foundation\\Http\\Middleware\\VerifyCsrfToken->handle(Object(Illuminate\\Http\\Request), Object(Closure))
#22 C:\\OSPanel\\home\\guitar_prog1\\vendor\\laravel\\framework\\src\\Illuminate\\View\\Middleware\\ShareErrorsFromSession.php(49): Illuminate\\Pipeline\\Pipeline->Illuminate\\Pipeline\\{closure}(Object(Illuminate\\Http\\Request))
#23 C:\\OSPanel\\home\\guitar_prog1\\vendor\\laravel\\framework\\src\\Illuminate\\Pipeline\\Pipeline.php(209): Illuminate\\View\\Middleware\\ShareErrorsFromSession->handle(Object(Illuminate\\Http\\Request), Object(Closure))
#24 C:\\OSPanel\\home\\guitar_prog1\\vendor\\laravel\\framework\\src\\Illuminate\\Session\\Middleware\\StartSession.php(121): Illuminate\\Pipeline\\Pipeline->Illuminate\\Pipeline\\{closure}(Object(Illuminate\\Http\\Request))
#25 C:\\OSPanel\\home\\guitar_prog1\\vendor\\laravel\\framework\\src\\Illuminate\\Session\\Middleware\\StartSession.php(64): Illuminate\\Session\\Middleware\\StartSession->handleStatefulRequest(Object(Illuminate\\Http\\Request), Object(Illuminate\\Session\\Store), Object(Closure))
#26 C:\\OSPanel\\home\\guitar_prog1\\vendor\\laravel\\framework\\src\\Illuminate\\Pipeline\\Pipeline.php(209): Illuminate\\Session\\Middleware\\StartSession->handle(Object(Illuminate\\Http\\Request), Object(Closure))
#27 C:\\OSPanel\\home\\guitar_prog1\\vendor\\laravel\\framework\\src\\Illuminate\\Cookie\\Middleware\\AddQueuedCookiesToResponse.php(37): Illuminate\\Pipeline\\Pipeline->Illuminate\\Pipeline\\{closure}(Object(Illuminate\\Http\\Request))
#28 C:\\OSPanel\\home\\guitar_prog1\\vendor\\laravel\\framework\\src\\Illuminate\\Pipeline\\Pipeline.php(209): Illuminate\\Cookie\\Middleware\\AddQueuedCookiesToResponse->handle(Object(Illuminate\\Http\\Request), Object(Closure))
#29 C:\\OSPanel\\home\\guitar_prog1\\vendor\\laravel\\framework\\src\\Illuminate\\Cookie\\Middleware\\EncryptCookies.php(75): Illuminate\\Pipeline\\Pipeline->Illuminate\\Pipeline\\{closure}(Object(Illuminate\\Http\\Request))
#30 C:\\OSPanel\\home\\guitar_prog1\\vendor\\laravel\\framework\\src\\Illuminate\\Pipeline\\Pipeline.php(209): Illuminate\\Cookie\\Middleware\\EncryptCookies->handle(Object(Illuminate\\Http\\Request), Object(Closure))
#31 C:\\OSPanel\\home\\guitar_prog1\\vendor\\laravel\\framework\\src\\Illuminate\\Pipeline\\Pipeline.php(127): Illuminate\\Pipeline\\Pipeline->Illuminate\\Pipeline\\{closure}(Object(Illuminate\\Http\\Request))
#32 C:\\OSPanel\\home\\guitar_prog1\\vendor\\laravel\\framework\\src\\Illuminate\\Routing\\Router.php(807): Illuminate\\Pipeline\\Pipeline->then(Object(Closure))
#33 C:\\OSPanel\\home\\guitar_prog1\\vendor\\laravel\\framework\\src\\Illuminate\\Routing\\Router.php(786): Illuminate\\Routing\\Router->runRouteWithinStack(Object(Illuminate\\Routing\\Route), Object(Illuminate\\Http\\Request))
#34 C:\\OSPanel\\home\\guitar_prog1\\vendor\\laravel\\framework\\src\\Illuminate\\Routing\\Router.php(750): Illuminate\\Routing\\Router->runRoute(Object(Illuminate\\Http\\Request), Object(Illuminate\\Routing\\Route))
#35 C:\\OSPanel\\home\\guitar_prog1\\vendor\\laravel\\framework\\src\\Illuminate\\Routing\\Router.php(739): Illuminate\\Routing\\Router->dispatchToRoute(Object(Illuminate\\Http\\Request))
#36 C:\\OSPanel\\home\\guitar_prog1\\vendor\\laravel\\framework\\src\\Illuminate\\Foundation\\Http\\Kernel.php(201): Illuminate\\Routing\\Router->dispatch(Object(Illuminate\\Http\\Request))
#37 C:\\OSPanel\\home\\guitar_prog1\\vendor\\laravel\\framework\\src\\Illuminate\\Pipeline\\Pipeline.php(170): Illuminate\\Foundation\\Http\\Kernel->Illuminate\\Foundation\\Http\\{closure}(Object(Illuminate\\Http\\Request))
#38 C:\\OSPanel\\home\\guitar_prog1\\vendor\\livewire\\livewire\\src\\Features\\SupportDisablingBackButtonCache\\DisableBackButtonCacheMiddleware.php(19): Illuminate\\Pipeline\\Pipeline->Illuminate\\Pipeline\\{closure}(Object(Illuminate\\Http\\Request))
#39 C:\\OSPanel\\home\\guitar_prog1\\vendor\\laravel\\framework\\src\\Illuminate\\Pipeline\\Pipeline.php(209): Livewire\\Features\\SupportDisablingBackButtonCache\\DisableBackButtonCacheMiddleware->handle(Object(Illuminate\\Http\\Request), Object(Closure))
#40 C:\\OSPanel\\home\\guitar_prog1\\vendor\\laravel\\framework\\src\\Illuminate\\Foundation\\Http\\Middleware\\TransformsRequest.php(21): Illuminate\\Pipeline\\Pipeline->Illuminate\\Pipeline\\{closure}(Object(Illuminate\\Http\\Request))
#41 C:\\OSPanel\\home\\guitar_prog1\\vendor\\laravel\\framework\\src\\Illuminate\\Foundation\\Http\\Middleware\\ConvertEmptyStringsToNull.php(31): Illuminate\\Foundation\\Http\\Middleware\\TransformsRequest->handle(Object(Illuminate\\Http\\Request), Object(Closure))
#42 C:\\OSPanel\\home\\guitar_prog1\\vendor\\laravel\\framework\\src\\Illuminate\\Pipeline\\Pipeline.php(209): Illuminate\\Foundation\\Http\\Middleware\\ConvertEmptyStringsToNull->handle(Object(Illuminate\\Http\\Request), Object(Closure))
#43 C:\\OSPanel\\home\\guitar_prog1\\vendor\\laravel\\framework\\src\\Illuminate\\Foundation\\Http\\Middleware\\TransformsRequest.php(21): Illuminate\\Pipeline\\Pipeline->Illuminate\\Pipeline\\{closure}(Object(Illuminate\\Http\\Request))
#44 C:\\OSPanel\\home\\guitar_prog1\\vendor\\laravel\\framework\\src\\Illuminate\\Foundation\\Http\\Middleware\\TrimStrings.php(51): Illuminate\\Foundation\\Http\\Middleware\\TransformsRequest->handle(Object(Illuminate\\Http\\Request), Object(Closure))
#45 C:\\OSPanel\\home\\guitar_prog1\\vendor\\laravel\\framework\\src\\Illuminate\\Pipeline\\Pipeline.php(209): Illuminate\\Foundation\\Http\\Middleware\\TrimStrings->handle(Object(Illuminate\\Http\\Request), Object(Closure))
#46 C:\\OSPanel\\home\\guitar_prog1\\vendor\\laravel\\framework\\src\\Illuminate\\Http\\Middleware\\ValidatePostSize.php(27): Illuminate\\Pipeline\\Pipeline->Illuminate\\Pipeline\\{closure}(Object(Illuminate\\Http\\Request))
#47 C:\\OSPanel\\home\\guitar_prog1\\vendor\\laravel\\framework\\src\\Illuminate\\Pipeline\\Pipeline.php(209): Illuminate\\Http\\Middleware\\ValidatePostSize->handle(Object(Illuminate\\Http\\Request), Object(Closure))
#48 C:\\OSPanel\\home\\guitar_prog1\\vendor\\laravel\\framework\\src\\Illuminate\\Foundation\\Http\\Middleware\\PreventRequestsDuringMaintenance.php(110): Illuminate\\Pipeline\\Pipeline->Illuminate\\Pipeline\\{closure}(Object(Illuminate\\Http\\Request))
#49 C:\\OSPanel\\home\\guitar_prog1\\vendor\\laravel\\framework\\src\\Illuminate\\Pipeline\\Pipeline.php(209): Illuminate\\Foundation\\Http\\Middleware\\PreventRequestsDuringMaintenance->handle(Object(Illuminate\\Http\\Request), Object(Closure))
#50 C:\\OSPanel\\home\\guitar_prog1\\vendor\\laravel\\framework\\src\\Illuminate\\Http\\Middleware\\HandleCors.php(49): Illuminate\\Pipeline\\Pipeline->Illuminate\\Pipeline\\{closure}(Object(Illuminate\\Http\\Request))
#51 C:\\OSPanel\\home\\guitar_prog1\\vendor\\laravel\\framework\\src\\Illuminate\\Pipeline\\Pipeline.php(209): Illuminate\\Http\\Middleware\\HandleCors->handle(Object(Illuminate\\Http\\Request), Object(Closure))
#52 C:\\OSPanel\\home\\guitar_prog1\\vendor\\laravel\\framework\\src\\Illuminate\\Http\\Middleware\\TrustProxies.php(58): Illuminate\\Pipeline\\Pipeline->Illuminate\\Pipeline\\{closure}(Object(Illuminate\\Http\\Request))
#53 C:\\OSPanel\\home\\guitar_prog1\\vendor\\laravel\\framework\\src\\Illuminate\\Pipeline\\Pipeline.php(209): Illuminate\\Http\\Middleware\\TrustProxies->handle(Object(Illuminate\\Http\\Request), Object(Closure))
#54 C:\\OSPanel\\home\\guitar_prog1\\vendor\\laravel\\framework\\src\\Illuminate\\Foundation\\Http\\Middleware\\InvokeDeferredCallbacks.php(22): Illuminate\\Pipeline\\Pipeline->Illuminate\\Pipeline\\{closure}(Object(Illuminate\\Http\\Request))
#55 C:\\OSPanel\\home\\guitar_prog1\\vendor\\laravel\\framework\\src\\Illuminate\\Pipeline\\Pipeline.php(209): Illuminate\\Foundation\\Http\\Middleware\\InvokeDeferredCallbacks->handle(Object(Illuminate\\Http\\Request), Object(Closure))
#56 C:\\OSPanel\\home\\guitar_prog1\\vendor\\laravel\\framework\\src\\Illuminate\\Http\\Middleware\\ValidatePathEncoding.php(26): Illuminate\\Pipeline\\Pipeline->Illuminate\\Pipeline\\{closure}(Object(Illuminate\\Http\\Request))
#57 C:\\OSPanel\\home\\guitar_prog1\\vendor\\laravel\\framework\\src\\Illuminate\\Pipeline\\Pipeline.php(209): Illuminate\\Http\\Middleware\\ValidatePathEncoding->handle(Object(Illuminate\\Http\\Request), Object(Closure))
#58 C:\\OSPanel\\home\\guitar_prog1\\vendor\\laravel\\framework\\src\\Illuminate\\Pipeline\\Pipeline.php(127): Illuminate\\Pipeline\\Pipeline->Illuminate\\Pipeline\\{closure}(Object(Illuminate\\Http\\Request))
#59 C:\\OSPanel\\home\\guitar_prog1\\vendor\\laravel\\framework\\src\\Illuminate\\Foundation\\Http\\Kernel.php(176): Illuminate\\Pipeline\\Pipeline->then(Object(Closure))
#60 C:\\OSPanel\\home\\guitar_prog1\\vendor\\laravel\\framework\\src\\Illuminate\\Foundation\\Http\\Kernel.php(145): Illuminate\\Foundation\\Http\\Kernel->sendRequestThroughRouter(Object(Illuminate\\Http\\Request))
#61 C:\\OSPanel\\home\\guitar_prog1\\vendor\\laravel\\framework\\src\\Illuminate\\Foundation\\Application.php(1220): Illuminate\\Foundation\\Http\\Kernel->handle(Object(Illuminate\\Http\\Request))
#62 C:\\OSPanel\\home\\guitar_prog1\\public\\index.php(20): Illuminate\\Foundation\\Application->handleRequest(Object(Illuminate\\Http\\Request))
#63 C:\\OSPanel\\home\\guitar_prog1\\vendor\\laravel\\framework\\src\\Illuminate\\Foundation\\resources\\server.php(23): require_once('C:\\\\OSPanel\\\\home...')
#64 {main}
"} 
[2025-05-02 10:15:40] local.ERROR: syntax error, unexpected token "endif" (View: C:\OSPanel\home\guitar_prog1\resources\views\cart\index.blade.php) {"userId":4,"exception":"[object] (Illuminate\\View\\ViewException(code: 0): syntax error, unexpected token \"endif\" (View: C:\\OSPanel\\home\\guitar_prog1\\resources\\views\\cart\\index.blade.php) at C:\\OSPanel\\home\\guitar_prog1\\storage\\framework\\views\\065d2442fb694df646775c5b6bb10c58.php:92)
[stacktrace]
#0 C:\\OSPanel\\home\\guitar_prog1\\vendor\\livewire\\livewire\\src\\Mechanisms\\ExtendBlade\\ExtendedCompilerEngine.php(58): Illuminate\\View\\Engines\\CompilerEngine->handleViewException(Object(ParseError), 1)
#1 C:\\OSPanel\\home\\guitar_prog1\\vendor\\laravel\\framework\\src\\Illuminate\\View\\Engines\\PhpEngine.php(60): Livewire\\Mechanisms\\ExtendBlade\\ExtendedCompilerEngine->handleViewException(Object(ParseError), 1)
#2 C:\\OSPanel\\home\\guitar_prog1\\vendor\\livewire\\livewire\\src\\Mechanisms\\ExtendBlade\\ExtendedCompilerEngine.php(22): Illuminate\\View\\Engines\\PhpEngine->evaluatePath('C:\\\\OSPanel\\\\home...', Array)
#3 C:\\OSPanel\\home\\guitar_prog1\\vendor\\laravel\\framework\\src\\Illuminate\\View\\Engines\\CompilerEngine.php(75): Livewire\\Mechanisms\\ExtendBlade\\ExtendedCompilerEngine->evaluatePath('C:\\\\OSPanel\\\\home...', Array)
#4 C:\\OSPanel\\home\\guitar_prog1\\vendor\\livewire\\livewire\\src\\Mechanisms\\ExtendBlade\\ExtendedCompilerEngine.php(10): Illuminate\\View\\Engines\\CompilerEngine->get('C:\\\\OSPanel\\\\home...', Array)
#5 C:\\OSPanel\\home\\guitar_prog1\\vendor\\laravel\\framework\\src\\Illuminate\\View\\View.php(209): Livewire\\Mechanisms\\ExtendBlade\\ExtendedCompilerEngine->get('C:\\\\OSPanel\\\\home...', Array)
#6 C:\\OSPanel\\home\\guitar_prog1\\vendor\\laravel\\framework\\src\\Illuminate\\View\\View.php(192): Illuminate\\View\\View->getContents()
#7 C:\\OSPanel\\home\\guitar_prog1\\vendor\\laravel\\framework\\src\\Illuminate\\View\\View.php(161): Illuminate\\View\\View->renderContents()
#8 C:\\OSPanel\\home\\guitar_prog1\\vendor\\laravel\\framework\\src\\Illuminate\\Http\\Response.php(79): Illuminate\\View\\View->render()
#9 C:\\OSPanel\\home\\guitar_prog1\\vendor\\laravel\\framework\\src\\Illuminate\\Http\\Response.php(35): Illuminate\\Http\\Response->setContent(Object(Illuminate\\View\\View))
#10 C:\\OSPanel\\home\\guitar_prog1\\vendor\\laravel\\framework\\src\\Illuminate\\Routing\\Router.php(920): Illuminate\\Http\\Response->__construct(Object(Illuminate\\View\\View), 200, Array)
#11 C:\\OSPanel\\home\\guitar_prog1\\vendor\\laravel\\framework\\src\\Illuminate\\Routing\\Router.php(887): Illuminate\\Routing\\Router::toResponse(Object(Illuminate\\Http\\Request), Object(Illuminate\\View\\View))
#12 C:\\OSPanel\\home\\guitar_prog1\\vendor\\laravel\\framework\\src\\Illuminate\\Routing\\Router.php(807): Illuminate\\Routing\\Router->prepareResponse(Object(Illuminate\\Http\\Request), Object(Illuminate\\View\\View))
#13 C:\\OSPanel\\home\\guitar_prog1\\vendor\\laravel\\framework\\src\\Illuminate\\Pipeline\\Pipeline.php(170): Illuminate\\Routing\\Router->Illuminate\\Routing\\{closure}(Object(Illuminate\\Http\\Request))
#14 C:\\OSPanel\\home\\guitar_prog1\\vendor\\laravel\\framework\\src\\Illuminate\\Auth\\Middleware\\EnsureEmailIsVerified.php(41): Illuminate\\Pipeline\\Pipeline->Illuminate\\Pipeline\\{closure}(Object(Illuminate\\Http\\Request))
#15 C:\\OSPanel\\home\\guitar_prog1\\vendor\\laravel\\framework\\src\\Illuminate\\Pipeline\\Pipeline.php(209): Illuminate\\Auth\\Middleware\\EnsureEmailIsVerified->handle(Object(Illuminate\\Http\\Request), Object(Closure))
#16 C:\\OSPanel\\home\\guitar_prog1\\vendor\\laravel\\framework\\src\\Illuminate\\Routing\\Middleware\\SubstituteBindings.php(51): Illuminate\\Pipeline\\Pipeline->Illuminate\\Pipeline\\{closure}(Object(Illuminate\\Http\\Request))
#17 C:\\OSPanel\\home\\guitar_prog1\\vendor\\laravel\\framework\\src\\Illuminate\\Pipeline\\Pipeline.php(209): Illuminate\\Routing\\Middleware\\SubstituteBindings->handle(Object(Illuminate\\Http\\Request), Object(Closure))
#18 C:\\OSPanel\\home\\guitar_prog1\\vendor\\laravel\\framework\\src\\Illuminate\\Auth\\Middleware\\Authenticate.php(64): Illuminate\\Pipeline\\Pipeline->Illuminate\\Pipeline\\{closure}(Object(Illuminate\\Http\\Request))
#19 C:\\OSPanel\\home\\guitar_prog1\\vendor\\laravel\\framework\\src\\Illuminate\\Pipeline\\Pipeline.php(209): Illuminate\\Auth\\Middleware\\Authenticate->handle(Object(Illuminate\\Http\\Request), Object(Closure))
#20 C:\\OSPanel\\home\\guitar_prog1\\vendor\\laravel\\framework\\src\\Illuminate\\Foundation\\Http\\Middleware\\VerifyCsrfToken.php(88): Illuminate\\Pipeline\\Pipeline->Illuminate\\Pipeline\\{closure}(Object(Illuminate\\Http\\Request))
#21 C:\\OSPanel\\home\\guitar_prog1\\vendor\\laravel\\framework\\src\\Illuminate\\Pipeline\\Pipeline.php(209): Illuminate\\Foundation\\Http\\Middleware\\VerifyCsrfToken->handle(Object(Illuminate\\Http\\Request), Object(Closure))
#22 C:\\OSPanel\\home\\guitar_prog1\\vendor\\laravel\\framework\\src\\Illuminate\\View\\Middleware\\ShareErrorsFromSession.php(49): Illuminate\\Pipeline\\Pipeline->Illuminate\\Pipeline\\{closure}(Object(Illuminate\\Http\\Request))
#23 C:\\OSPanel\\home\\guitar_prog1\\vendor\\laravel\\framework\\src\\Illuminate\\Pipeline\\Pipeline.php(209): Illuminate\\View\\Middleware\\ShareErrorsFromSession->handle(Object(Illuminate\\Http\\Request), Object(Closure))
#24 C:\\OSPanel\\home\\guitar_prog1\\vendor\\laravel\\framework\\src\\Illuminate\\Session\\Middleware\\StartSession.php(121): Illuminate\\Pipeline\\Pipeline->Illuminate\\Pipeline\\{closure}(Object(Illuminate\\Http\\Request))
#25 C:\\OSPanel\\home\\guitar_prog1\\vendor\\laravel\\framework\\src\\Illuminate\\Session\\Middleware\\StartSession.php(64): Illuminate\\Session\\Middleware\\StartSession->handleStatefulRequest(Object(Illuminate\\Http\\Request), Object(Illuminate\\Session\\Store), Object(Closure))
#26 C:\\OSPanel\\home\\guitar_prog1\\vendor\\laravel\\framework\\src\\Illuminate\\Pipeline\\Pipeline.php(209): Illuminate\\Session\\Middleware\\StartSession->handle(Object(Illuminate\\Http\\Request), Object(Closure))
#27 C:\\OSPanel\\home\\guitar_prog1\\vendor\\laravel\\framework\\src\\Illuminate\\Cookie\\Middleware\\AddQueuedCookiesToResponse.php(37): Illuminate\\Pipeline\\Pipeline->Illuminate\\Pipeline\\{closure}(Object(Illuminate\\Http\\Request))
#28 C:\\OSPanel\\home\\guitar_prog1\\vendor\\laravel\\framework\\src\\Illuminate\\Pipeline\\Pipeline.php(209): Illuminate\\Cookie\\Middleware\\AddQueuedCookiesToResponse->handle(Object(Illuminate\\Http\\Request), Object(Closure))
#29 C:\\OSPanel\\home\\guitar_prog1\\vendor\\laravel\\framework\\src\\Illuminate\\Cookie\\Middleware\\EncryptCookies.php(75): Illuminate\\Pipeline\\Pipeline->Illuminate\\Pipeline\\{closure}(Object(Illuminate\\Http\\Request))
#30 C:\\OSPanel\\home\\guitar_prog1\\vendor\\laravel\\framework\\src\\Illuminate\\Pipeline\\Pipeline.php(209): Illuminate\\Cookie\\Middleware\\EncryptCookies->handle(Object(Illuminate\\Http\\Request), Object(Closure))
#31 C:\\OSPanel\\home\\guitar_prog1\\vendor\\laravel\\framework\\src\\Illuminate\\Pipeline\\Pipeline.php(127): Illuminate\\Pipeline\\Pipeline->Illuminate\\Pipeline\\{closure}(Object(Illuminate\\Http\\Request))
#32 C:\\OSPanel\\home\\guitar_prog1\\vendor\\laravel\\framework\\src\\Illuminate\\Routing\\Router.php(807): Illuminate\\Pipeline\\Pipeline->then(Object(Closure))
#33 C:\\OSPanel\\home\\guitar_prog1\\vendor\\laravel\\framework\\src\\Illuminate\\Routing\\Router.php(786): Illuminate\\Routing\\Router->runRouteWithinStack(Object(Illuminate\\Routing\\Route), Object(Illuminate\\Http\\Request))
#34 C:\\OSPanel\\home\\guitar_prog1\\vendor\\laravel\\framework\\src\\Illuminate\\Routing\\Router.php(750): Illuminate\\Routing\\Router->runRoute(Object(Illuminate\\Http\\Request), Object(Illuminate\\Routing\\Route))
#35 C:\\OSPanel\\home\\guitar_prog1\\vendor\\laravel\\framework\\src\\Illuminate\\Routing\\Router.php(739): Illuminate\\Routing\\Router->dispatchToRoute(Object(Illuminate\\Http\\Request))
#36 C:\\OSPanel\\home\\guitar_prog1\\vendor\\laravel\\framework\\src\\Illuminate\\Foundation\\Http\\Kernel.php(201): Illuminate\\Routing\\Router->dispatch(Object(Illuminate\\Http\\Request))
#37 C:\\OSPanel\\home\\guitar_prog1\\vendor\\laravel\\framework\\src\\Illuminate\\Pipeline\\Pipeline.php(170): Illuminate\\Foundation\\Http\\Kernel->Illuminate\\Foundation\\Http\\{closure}(Object(Illuminate\\Http\\Request))
#38 C:\\OSPanel\\home\\guitar_prog1\\vendor\\livewire\\livewire\\src\\Features\\SupportDisablingBackButtonCache\\DisableBackButtonCacheMiddleware.php(19): Illuminate\\Pipeline\\Pipeline->Illuminate\\Pipeline\\{closure}(Object(Illuminate\\Http\\Request))
#39 C:\\OSPanel\\home\\guitar_prog1\\vendor\\laravel\\framework\\src\\Illuminate\\Pipeline\\Pipeline.php(209): Livewire\\Features\\SupportDisablingBackButtonCache\\DisableBackButtonCacheMiddleware->handle(Object(Illuminate\\Http\\Request), Object(Closure))
#40 C:\\OSPanel\\home\\guitar_prog1\\vendor\\laravel\\framework\\src\\Illuminate\\Foundation\\Http\\Middleware\\TransformsRequest.php(21): Illuminate\\Pipeline\\Pipeline->Illuminate\\Pipeline\\{closure}(Object(Illuminate\\Http\\Request))
#41 C:\\OSPanel\\home\\guitar_prog1\\vendor\\laravel\\framework\\src\\Illuminate\\Foundation\\Http\\Middleware\\ConvertEmptyStringsToNull.php(31): Illuminate\\Foundation\\Http\\Middleware\\TransformsRequest->handle(Object(Illuminate\\Http\\Request), Object(Closure))
#42 C:\\OSPanel\\home\\guitar_prog1\\vendor\\laravel\\framework\\src\\Illuminate\\Pipeline\\Pipeline.php(209): Illuminate\\Foundation\\Http\\Middleware\\ConvertEmptyStringsToNull->handle(Object(Illuminate\\Http\\Request), Object(Closure))
#43 C:\\OSPanel\\home\\guitar_prog1\\vendor\\laravel\\framework\\src\\Illuminate\\Foundation\\Http\\Middleware\\TransformsRequest.php(21): Illuminate\\Pipeline\\Pipeline->Illuminate\\Pipeline\\{closure}(Object(Illuminate\\Http\\Request))
#44 C:\\OSPanel\\home\\guitar_prog1\\vendor\\laravel\\framework\\src\\Illuminate\\Foundation\\Http\\Middleware\\TrimStrings.php(51): Illuminate\\Foundation\\Http\\Middleware\\TransformsRequest->handle(Object(Illuminate\\Http\\Request), Object(Closure))
#45 C:\\OSPanel\\home\\guitar_prog1\\vendor\\laravel\\framework\\src\\Illuminate\\Pipeline\\Pipeline.php(209): Illuminate\\Foundation\\Http\\Middleware\\TrimStrings->handle(Object(Illuminate\\Http\\Request), Object(Closure))
#46 C:\\OSPanel\\home\\guitar_prog1\\vendor\\laravel\\framework\\src\\Illuminate\\Http\\Middleware\\ValidatePostSize.php(27): Illuminate\\Pipeline\\Pipeline->Illuminate\\Pipeline\\{closure}(Object(Illuminate\\Http\\Request))
#47 C:\\OSPanel\\home\\guitar_prog1\\vendor\\laravel\\framework\\src\\Illuminate\\Pipeline\\Pipeline.php(209): Illuminate\\Http\\Middleware\\ValidatePostSize->handle(Object(Illuminate\\Http\\Request), Object(Closure))
#48 C:\\OSPanel\\home\\guitar_prog1\\vendor\\laravel\\framework\\src\\Illuminate\\Foundation\\Http\\Middleware\\PreventRequestsDuringMaintenance.php(110): Illuminate\\Pipeline\\Pipeline->Illuminate\\Pipeline\\{closure}(Object(Illuminate\\Http\\Request))
#49 C:\\OSPanel\\home\\guitar_prog1\\vendor\\laravel\\framework\\src\\Illuminate\\Pipeline\\Pipeline.php(209): Illuminate\\Foundation\\Http\\Middleware\\PreventRequestsDuringMaintenance->handle(Object(Illuminate\\Http\\Request), Object(Closure))
#50 C:\\OSPanel\\home\\guitar_prog1\\vendor\\laravel\\framework\\src\\Illuminate\\Http\\Middleware\\HandleCors.php(49): Illuminate\\Pipeline\\Pipeline->Illuminate\\Pipeline\\{closure}(Object(Illuminate\\Http\\Request))
#51 C:\\OSPanel\\home\\guitar_prog1\\vendor\\laravel\\framework\\src\\Illuminate\\Pipeline\\Pipeline.php(209): Illuminate\\Http\\Middleware\\HandleCors->handle(Object(Illuminate\\Http\\Request), Object(Closure))
#52 C:\\OSPanel\\home\\guitar_prog1\\vendor\\laravel\\framework\\src\\Illuminate\\Http\\Middleware\\TrustProxies.php(58): Illuminate\\Pipeline\\Pipeline->Illuminate\\Pipeline\\{closure}(Object(Illuminate\\Http\\Request))
#53 C:\\OSPanel\\home\\guitar_prog1\\vendor\\laravel\\framework\\src\\Illuminate\\Pipeline\\Pipeline.php(209): Illuminate\\Http\\Middleware\\TrustProxies->handle(Object(Illuminate\\Http\\Request), Object(Closure))
#54 C:\\OSPanel\\home\\guitar_prog1\\vendor\\laravel\\framework\\src\\Illuminate\\Foundation\\Http\\Middleware\\InvokeDeferredCallbacks.php(22): Illuminate\\Pipeline\\Pipeline->Illuminate\\Pipeline\\{closure}(Object(Illuminate\\Http\\Request))
#55 C:\\OSPanel\\home\\guitar_prog1\\vendor\\laravel\\framework\\src\\Illuminate\\Pipeline\\Pipeline.php(209): Illuminate\\Foundation\\Http\\Middleware\\InvokeDeferredCallbacks->handle(Object(Illuminate\\Http\\Request), Object(Closure))
#56 C:\\OSPanel\\home\\guitar_prog1\\vendor\\laravel\\framework\\src\\Illuminate\\Http\\Middleware\\ValidatePathEncoding.php(26): Illuminate\\Pipeline\\Pipeline->Illuminate\\Pipeline\\{closure}(Object(Illuminate\\Http\\Request))
#57 C:\\OSPanel\\home\\guitar_prog1\\vendor\\laravel\\framework\\src\\Illuminate\\Pipeline\\Pipeline.php(209): Illuminate\\Http\\Middleware\\ValidatePathEncoding->handle(Object(Illuminate\\Http\\Request), Object(Closure))
#58 C:\\OSPanel\\home\\guitar_prog1\\vendor\\laravel\\framework\\src\\Illuminate\\Pipeline\\Pipeline.php(127): Illuminate\\Pipeline\\Pipeline->Illuminate\\Pipeline\\{closure}(Object(Illuminate\\Http\\Request))
#59 C:\\OSPanel\\home\\guitar_prog1\\vendor\\laravel\\framework\\src\\Illuminate\\Foundation\\Http\\Kernel.php(176): Illuminate\\Pipeline\\Pipeline->then(Object(Closure))
#60 C:\\OSPanel\\home\\guitar_prog1\\vendor\\laravel\\framework\\src\\Illuminate\\Foundation\\Http\\Kernel.php(145): Illuminate\\Foundation\\Http\\Kernel->sendRequestThroughRouter(Object(Illuminate\\Http\\Request))
#61 C:\\OSPanel\\home\\guitar_prog1\\vendor\\laravel\\framework\\src\\Illuminate\\Foundation\\Application.php(1220): Illuminate\\Foundation\\Http\\Kernel->handle(Object(Illuminate\\Http\\Request))
#62 C:\\OSPanel\\home\\guitar_prog1\\public\\index.php(20): Illuminate\\Foundation\\Application->handleRequest(Object(Illuminate\\Http\\Request))
#63 C:\\OSPanel\\home\\guitar_prog1\\vendor\\laravel\\framework\\src\\Illuminate\\Foundation\\resources\\server.php(23): require_once('C:\\\\OSPanel\\\\home...')
#64 {main}

[previous exception] [object] (ParseError(code: 0): syntax error, unexpected token \"endif\" at C:\\OSPanel\\home\\guitar_prog1\\storage\\framework\\views\\065d2442fb694df646775c5b6bb10c58.php:92)
[stacktrace]
#0 C:\\OSPanel\\home\\guitar_prog1\\vendor\\laravel\\framework\\src\\Illuminate\\Filesystem\\Filesystem.php(124): Illuminate\\Filesystem\\Filesystem::Illuminate\\Filesystem\\{closure}()
#1 C:\\OSPanel\\home\\guitar_prog1\\vendor\\laravel\\framework\\src\\Illuminate\\View\\Engines\\PhpEngine.php(58): Illuminate\\Filesystem\\Filesystem->getRequire('C:\\\\OSPanel\\\\home...', Array)
#2 C:\\OSPanel\\home\\guitar_prog1\\vendor\\livewire\\livewire\\src\\Mechanisms\\ExtendBlade\\ExtendedCompilerEngine.php(22): Illuminate\\View\\Engines\\PhpEngine->evaluatePath('C:\\\\OSPanel\\\\home...', Array)
#3 C:\\OSPanel\\home\\guitar_prog1\\vendor\\laravel\\framework\\src\\Illuminate\\View\\Engines\\CompilerEngine.php(75): Livewire\\Mechanisms\\ExtendBlade\\ExtendedCompilerEngine->evaluatePath('C:\\\\OSPanel\\\\home...', Array)
#4 C:\\OSPanel\\home\\guitar_prog1\\vendor\\livewire\\livewire\\src\\Mechanisms\\ExtendBlade\\ExtendedCompilerEngine.php(10): Illuminate\\View\\Engines\\CompilerEngine->get('C:\\\\OSPanel\\\\home...', Array)
#5 C:\\OSPanel\\home\\guitar_prog1\\vendor\\laravel\\framework\\src\\Illuminate\\View\\View.php(209): Livewire\\Mechanisms\\ExtendBlade\\ExtendedCompilerEngine->get('C:\\\\OSPanel\\\\home...', Array)
#6 C:\\OSPanel\\home\\guitar_prog1\\vendor\\laravel\\framework\\src\\Illuminate\\View\\View.php(192): Illuminate\\View\\View->getContents()
#7 C:\\OSPanel\\home\\guitar_prog1\\vendor\\laravel\\framework\\src\\Illuminate\\View\\View.php(161): Illuminate\\View\\View->renderContents()
#8 C:\\OSPanel\\home\\guitar_prog1\\vendor\\laravel\\framework\\src\\Illuminate\\Http\\Response.php(79): Illuminate\\View\\View->render()
#9 C:\\OSPanel\\home\\guitar_prog1\\vendor\\laravel\\framework\\src\\Illuminate\\Http\\Response.php(35): Illuminate\\Http\\Response->setContent(Object(Illuminate\\View\\View))
#10 C:\\OSPanel\\home\\guitar_prog1\\vendor\\laravel\\framework\\src\\Illuminate\\Routing\\Router.php(920): Illuminate\\Http\\Response->__construct(Object(Illuminate\\View\\View), 200, Array)
#11 C:\\OSPanel\\home\\guitar_prog1\\vendor\\laravel\\framework\\src\\Illuminate\\Routing\\Router.php(887): Illuminate\\Routing\\Router::toResponse(Object(Illuminate\\Http\\Request), Object(Illuminate\\View\\View))
#12 C:\\OSPanel\\home\\guitar_prog1\\vendor\\laravel\\framework\\src\\Illuminate\\Routing\\Router.php(807): Illuminate\\Routing\\Router->prepareResponse(Object(Illuminate\\Http\\Request), Object(Illuminate\\View\\View))
#13 C:\\OSPanel\\home\\guitar_prog1\\vendor\\laravel\\framework\\src\\Illuminate\\Pipeline\\Pipeline.php(170): Illuminate\\Routing\\Router->Illuminate\\Routing\\{closure}(Object(Illuminate\\Http\\Request))
#14 C:\\OSPanel\\home\\guitar_prog1\\vendor\\laravel\\framework\\src\\Illuminate\\Auth\\Middleware\\EnsureEmailIsVerified.php(41): Illuminate\\Pipeline\\Pipeline->Illuminate\\Pipeline\\{closure}(Object(Illuminate\\Http\\Request))
#15 C:\\OSPanel\\home\\guitar_prog1\\vendor\\laravel\\framework\\src\\Illuminate\\Pipeline\\Pipeline.php(209): Illuminate\\Auth\\Middleware\\EnsureEmailIsVerified->handle(Object(Illuminate\\Http\\Request), Object(Closure))
#16 C:\\OSPanel\\home\\guitar_prog1\\vendor\\laravel\\framework\\src\\Illuminate\\Routing\\Middleware\\SubstituteBindings.php(51): Illuminate\\Pipeline\\Pipeline->Illuminate\\Pipeline\\{closure}(Object(Illuminate\\Http\\Request))
#17 C:\\OSPanel\\home\\guitar_prog1\\vendor\\laravel\\framework\\src\\Illuminate\\Pipeline\\Pipeline.php(209): Illuminate\\Routing\\Middleware\\SubstituteBindings->handle(Object(Illuminate\\Http\\Request), Object(Closure))
#18 C:\\OSPanel\\home\\guitar_prog1\\vendor\\laravel\\framework\\src\\Illuminate\\Auth\\Middleware\\Authenticate.php(64): Illuminate\\Pipeline\\Pipeline->Illuminate\\Pipeline\\{closure}(Object(Illuminate\\Http\\Request))
#19 C:\\OSPanel\\home\\guitar_prog1\\vendor\\laravel\\framework\\src\\Illuminate\\Pipeline\\Pipeline.php(209): Illuminate\\Auth\\Middleware\\Authenticate->handle(Object(Illuminate\\Http\\Request), Object(Closure))
#20 C:\\OSPanel\\home\\guitar_prog1\\vendor\\laravel\\framework\\src\\Illuminate\\Foundation\\Http\\Middleware\\VerifyCsrfToken.php(88): Illuminate\\Pipeline\\Pipeline->Illuminate\\Pipeline\\{closure}(Object(Illuminate\\Http\\Request))
#21 C:\\OSPanel\\home\\guitar_prog1\\vendor\\laravel\\framework\\src\\Illuminate\\Pipeline\\Pipeline.php(209): Illuminate\\Foundation\\Http\\Middleware\\VerifyCsrfToken->handle(Object(Illuminate\\Http\\Request), Object(Closure))
#22 C:\\OSPanel\\home\\guitar_prog1\\vendor\\laravel\\framework\\src\\Illuminate\\View\\Middleware\\ShareErrorsFromSession.php(49): Illuminate\\Pipeline\\Pipeline->Illuminate\\Pipeline\\{closure}(Object(Illuminate\\Http\\Request))
#23 C:\\OSPanel\\home\\guitar_prog1\\vendor\\laravel\\framework\\src\\Illuminate\\Pipeline\\Pipeline.php(209): Illuminate\\View\\Middleware\\ShareErrorsFromSession->handle(Object(Illuminate\\Http\\Request), Object(Closure))
#24 C:\\OSPanel\\home\\guitar_prog1\\vendor\\laravel\\framework\\src\\Illuminate\\Session\\Middleware\\StartSession.php(121): Illuminate\\Pipeline\\Pipeline->Illuminate\\Pipeline\\{closure}(Object(Illuminate\\Http\\Request))
#25 C:\\OSPanel\\home\\guitar_prog1\\vendor\\laravel\\framework\\src\\Illuminate\\Session\\Middleware\\StartSession.php(64): Illuminate\\Session\\Middleware\\StartSession->handleStatefulRequest(Object(Illuminate\\Http\\Request), Object(Illuminate\\Session\\Store), Object(Closure))
#26 C:\\OSPanel\\home\\guitar_prog1\\vendor\\laravel\\framework\\src\\Illuminate\\Pipeline\\Pipeline.php(209): Illuminate\\Session\\Middleware\\StartSession->handle(Object(Illuminate\\Http\\Request), Object(Closure))
#27 C:\\OSPanel\\home\\guitar_prog1\\vendor\\laravel\\framework\\src\\Illuminate\\Cookie\\Middleware\\AddQueuedCookiesToResponse.php(37): Illuminate\\Pipeline\\Pipeline->Illuminate\\Pipeline\\{closure}(Object(Illuminate\\Http\\Request))
#28 C:\\OSPanel\\home\\guitar_prog1\\vendor\\laravel\\framework\\src\\Illuminate\\Pipeline\\Pipeline.php(209): Illuminate\\Cookie\\Middleware\\AddQueuedCookiesToResponse->handle(Object(Illuminate\\Http\\Request), Object(Closure))
#29 C:\\OSPanel\\home\\guitar_prog1\\vendor\\laravel\\framework\\src\\Illuminate\\Cookie\\Middleware\\EncryptCookies.php(75): Illuminate\\Pipeline\\Pipeline->Illuminate\\Pipeline\\{closure}(Object(Illuminate\\Http\\Request))
#30 C:\\OSPanel\\home\\guitar_prog1\\vendor\\laravel\\framework\\src\\Illuminate\\Pipeline\\Pipeline.php(209): Illuminate\\Cookie\\Middleware\\EncryptCookies->handle(Object(Illuminate\\Http\\Request), Object(Closure))
#31 C:\\OSPanel\\home\\guitar_prog1\\vendor\\laravel\\framework\\src\\Illuminate\\Pipeline\\Pipeline.php(127): Illuminate\\Pipeline\\Pipeline->Illuminate\\Pipeline\\{closure}(Object(Illuminate\\Http\\Request))
#32 C:\\OSPanel\\home\\guitar_prog1\\vendor\\laravel\\framework\\src\\Illuminate\\Routing\\Router.php(807): Illuminate\\Pipeline\\Pipeline->then(Object(Closure))
#33 C:\\OSPanel\\home\\guitar_prog1\\vendor\\laravel\\framework\\src\\Illuminate\\Routing\\Router.php(786): Illuminate\\Routing\\Router->runRouteWithinStack(Object(Illuminate\\Routing\\Route), Object(Illuminate\\Http\\Request))
#34 C:\\OSPanel\\home\\guitar_prog1\\vendor\\laravel\\framework\\src\\Illuminate\\Routing\\Router.php(750): Illuminate\\Routing\\Router->runRoute(Object(Illuminate\\Http\\Request), Object(Illuminate\\Routing\\Route))
#35 C:\\OSPanel\\home\\guitar_prog1\\vendor\\laravel\\framework\\src\\Illuminate\\Routing\\Router.php(739): Illuminate\\Routing\\Router->dispatchToRoute(Object(Illuminate\\Http\\Request))
#36 C:\\OSPanel\\home\\guitar_prog1\\vendor\\laravel\\framework\\src\\Illuminate\\Foundation\\Http\\Kernel.php(201): Illuminate\\Routing\\Router->dispatch(Object(Illuminate\\Http\\Request))
#37 C:\\OSPanel\\home\\guitar_prog1\\vendor\\laravel\\framework\\src\\Illuminate\\Pipeline\\Pipeline.php(170): Illuminate\\Foundation\\Http\\Kernel->Illuminate\\Foundation\\Http\\{closure}(Object(Illuminate\\Http\\Request))
#38 C:\\OSPanel\\home\\guitar_prog1\\vendor\\livewire\\livewire\\src\\Features\\SupportDisablingBackButtonCache\\DisableBackButtonCacheMiddleware.php(19): Illuminate\\Pipeline\\Pipeline->Illuminate\\Pipeline\\{closure}(Object(Illuminate\\Http\\Request))
#39 C:\\OSPanel\\home\\guitar_prog1\\vendor\\laravel\\framework\\src\\Illuminate\\Pipeline\\Pipeline.php(209): Livewire\\Features\\SupportDisablingBackButtonCache\\DisableBackButtonCacheMiddleware->handle(Object(Illuminate\\Http\\Request), Object(Closure))
#40 C:\\OSPanel\\home\\guitar_prog1\\vendor\\laravel\\framework\\src\\Illuminate\\Foundation\\Http\\Middleware\\TransformsRequest.php(21): Illuminate\\Pipeline\\Pipeline->Illuminate\\Pipeline\\{closure}(Object(Illuminate\\Http\\Request))
#41 C:\\OSPanel\\home\\guitar_prog1\\vendor\\laravel\\framework\\src\\Illuminate\\Foundation\\Http\\Middleware\\ConvertEmptyStringsToNull.php(31): Illuminate\\Foundation\\Http\\Middleware\\TransformsRequest->handle(Object(Illuminate\\Http\\Request), Object(Closure))
#42 C:\\OSPanel\\home\\guitar_prog1\\vendor\\laravel\\framework\\src\\Illuminate\\Pipeline\\Pipeline.php(209): Illuminate\\Foundation\\Http\\Middleware\\ConvertEmptyStringsToNull->handle(Object(Illuminate\\Http\\Request), Object(Closure))
#43 C:\\OSPanel\\home\\guitar_prog1\\vendor\\laravel\\framework\\src\\Illuminate\\Foundation\\Http\\Middleware\\TransformsRequest.php(21): Illuminate\\Pipeline\\Pipeline->Illuminate\\Pipeline\\{closure}(Object(Illuminate\\Http\\Request))
#44 C:\\OSPanel\\home\\guitar_prog1\\vendor\\laravel\\framework\\src\\Illuminate\\Foundation\\Http\\Middleware\\TrimStrings.php(51): Illuminate\\Foundation\\Http\\Middleware\\TransformsRequest->handle(Object(Illuminate\\Http\\Request), Object(Closure))
#45 C:\\OSPanel\\home\\guitar_prog1\\vendor\\laravel\\framework\\src\\Illuminate\\Pipeline\\Pipeline.php(209): Illuminate\\Foundation\\Http\\Middleware\\TrimStrings->handle(Object(Illuminate\\Http\\Request), Object(Closure))
#46 C:\\OSPanel\\home\\guitar_prog1\\vendor\\laravel\\framework\\src\\Illuminate\\Http\\Middleware\\ValidatePostSize.php(27): Illuminate\\Pipeline\\Pipeline->Illuminate\\Pipeline\\{closure}(Object(Illuminate\\Http\\Request))
#47 C:\\OSPanel\\home\\guitar_prog1\\vendor\\laravel\\framework\\src\\Illuminate\\Pipeline\\Pipeline.php(209): Illuminate\\Http\\Middleware\\ValidatePostSize->handle(Object(Illuminate\\Http\\Request), Object(Closure))
#48 C:\\OSPanel\\home\\guitar_prog1\\vendor\\laravel\\framework\\src\\Illuminate\\Foundation\\Http\\Middleware\\PreventRequestsDuringMaintenance.php(110): Illuminate\\Pipeline\\Pipeline->Illuminate\\Pipeline\\{closure}(Object(Illuminate\\Http\\Request))
#49 C:\\OSPanel\\home\\guitar_prog1\\vendor\\laravel\\framework\\src\\Illuminate\\Pipeline\\Pipeline.php(209): Illuminate\\Foundation\\Http\\Middleware\\PreventRequestsDuringMaintenance->handle(Object(Illuminate\\Http\\Request), Object(Closure))
#50 C:\\OSPanel\\home\\guitar_prog1\\vendor\\laravel\\framework\\src\\Illuminate\\Http\\Middleware\\HandleCors.php(49): Illuminate\\Pipeline\\Pipeline->Illuminate\\Pipeline\\{closure}(Object(Illuminate\\Http\\Request))
#51 C:\\OSPanel\\home\\guitar_prog1\\vendor\\laravel\\framework\\src\\Illuminate\\Pipeline\\Pipeline.php(209): Illuminate\\Http\\Middleware\\HandleCors->handle(Object(Illuminate\\Http\\Request), Object(Closure))
#52 C:\\OSPanel\\home\\guitar_prog1\\vendor\\laravel\\framework\\src\\Illuminate\\Http\\Middleware\\TrustProxies.php(58): Illuminate\\Pipeline\\Pipeline->Illuminate\\Pipeline\\{closure}(Object(Illuminate\\Http\\Request))
#53 C:\\OSPanel\\home\\guitar_prog1\\vendor\\laravel\\framework\\src\\Illuminate\\Pipeline\\Pipeline.php(209): Illuminate\\Http\\Middleware\\TrustProxies->handle(Object(Illuminate\\Http\\Request), Object(Closure))
#54 C:\\OSPanel\\home\\guitar_prog1\\vendor\\laravel\\framework\\src\\Illuminate\\Foundation\\Http\\Middleware\\InvokeDeferredCallbacks.php(22): Illuminate\\Pipeline\\Pipeline->Illuminate\\Pipeline\\{closure}(Object(Illuminate\\Http\\Request))
#55 C:\\OSPanel\\home\\guitar_prog1\\vendor\\laravel\\framework\\src\\Illuminate\\Pipeline\\Pipeline.php(209): Illuminate\\Foundation\\Http\\Middleware\\InvokeDeferredCallbacks->handle(Object(Illuminate\\Http\\Request), Object(Closure))
#56 C:\\OSPanel\\home\\guitar_prog1\\vendor\\laravel\\framework\\src\\Illuminate\\Http\\Middleware\\ValidatePathEncoding.php(26): Illuminate\\Pipeline\\Pipeline->Illuminate\\Pipeline\\{closure}(Object(Illuminate\\Http\\Request))
#57 C:\\OSPanel\\home\\guitar_prog1\\vendor\\laravel\\framework\\src\\Illuminate\\Pipeline\\Pipeline.php(209): Illuminate\\Http\\Middleware\\ValidatePathEncoding->handle(Object(Illuminate\\Http\\Request), Object(Closure))
#58 C:\\OSPanel\\home\\guitar_prog1\\vendor\\laravel\\framework\\src\\Illuminate\\Pipeline\\Pipeline.php(127): Illuminate\\Pipeline\\Pipeline->Illuminate\\Pipeline\\{closure}(Object(Illuminate\\Http\\Request))
#59 C:\\OSPanel\\home\\guitar_prog1\\vendor\\laravel\\framework\\src\\Illuminate\\Foundation\\Http\\Kernel.php(176): Illuminate\\Pipeline\\Pipeline->then(Object(Closure))
#60 C:\\OSPanel\\home\\guitar_prog1\\vendor\\laravel\\framework\\src\\Illuminate\\Foundation\\Http\\Kernel.php(145): Illuminate\\Foundation\\Http\\Kernel->sendRequestThroughRouter(Object(Illuminate\\Http\\Request))
#61 C:\\OSPanel\\home\\guitar_prog1\\vendor\\laravel\\framework\\src\\Illuminate\\Foundation\\Application.php(1220): Illuminate\\Foundation\\Http\\Kernel->handle(Object(Illuminate\\Http\\Request))
#62 C:\\OSPanel\\home\\guitar_prog1\\public\\index.php(20): Illuminate\\Foundation\\Application->handleRequest(Object(Illuminate\\Http\\Request))
#63 C:\\OSPanel\\home\\guitar_prog1\\vendor\\laravel\\framework\\src\\Illuminate\\Foundation\\resources\\server.php(23): require_once('C:\\\\OSPanel\\\\home...')
#64 {main}
"} 
[2025-05-02 10:16:42] local.ERROR: syntax error, unexpected token "endif" (View: C:\OSPanel\home\guitar_prog1\resources\views\cart\index.blade.php) {"userId":4,"exception":"[object] (Illuminate\\View\\ViewException(code: 0): syntax error, unexpected token \"endif\" (View: C:\\OSPanel\\home\\guitar_prog1\\resources\\views\\cart\\index.blade.php) at C:\\OSPanel\\home\\guitar_prog1\\storage\\framework\\views\\065d2442fb694df646775c5b6bb10c58.php:94)
[stacktrace]
#0 C:\\OSPanel\\home\\guitar_prog1\\vendor\\livewire\\livewire\\src\\Mechanisms\\ExtendBlade\\ExtendedCompilerEngine.php(58): Illuminate\\View\\Engines\\CompilerEngine->handleViewException(Object(ParseError), 1)
#1 C:\\OSPanel\\home\\guitar_prog1\\vendor\\laravel\\framework\\src\\Illuminate\\View\\Engines\\PhpEngine.php(60): Livewire\\Mechanisms\\ExtendBlade\\ExtendedCompilerEngine->handleViewException(Object(ParseError), 1)
#2 C:\\OSPanel\\home\\guitar_prog1\\vendor\\livewire\\livewire\\src\\Mechanisms\\ExtendBlade\\ExtendedCompilerEngine.php(22): Illuminate\\View\\Engines\\PhpEngine->evaluatePath('C:\\\\OSPanel\\\\home...', Array)
#3 C:\\OSPanel\\home\\guitar_prog1\\vendor\\laravel\\framework\\src\\Illuminate\\View\\Engines\\CompilerEngine.php(75): Livewire\\Mechanisms\\ExtendBlade\\ExtendedCompilerEngine->evaluatePath('C:\\\\OSPanel\\\\home...', Array)
#4 C:\\OSPanel\\home\\guitar_prog1\\vendor\\livewire\\livewire\\src\\Mechanisms\\ExtendBlade\\ExtendedCompilerEngine.php(10): Illuminate\\View\\Engines\\CompilerEngine->get('C:\\\\OSPanel\\\\home...', Array)
#5 C:\\OSPanel\\home\\guitar_prog1\\vendor\\laravel\\framework\\src\\Illuminate\\View\\View.php(209): Livewire\\Mechanisms\\ExtendBlade\\ExtendedCompilerEngine->get('C:\\\\OSPanel\\\\home...', Array)
#6 C:\\OSPanel\\home\\guitar_prog1\\vendor\\laravel\\framework\\src\\Illuminate\\View\\View.php(192): Illuminate\\View\\View->getContents()
#7 C:\\OSPanel\\home\\guitar_prog1\\vendor\\laravel\\framework\\src\\Illuminate\\View\\View.php(161): Illuminate\\View\\View->renderContents()
#8 C:\\OSPanel\\home\\guitar_prog1\\vendor\\laravel\\framework\\src\\Illuminate\\Http\\Response.php(79): Illuminate\\View\\View->render()
#9 C:\\OSPanel\\home\\guitar_prog1\\vendor\\laravel\\framework\\src\\Illuminate\\Http\\Response.php(35): Illuminate\\Http\\Response->setContent(Object(Illuminate\\View\\View))
#10 C:\\OSPanel\\home\\guitar_prog1\\vendor\\laravel\\framework\\src\\Illuminate\\Routing\\Router.php(920): Illuminate\\Http\\Response->__construct(Object(Illuminate\\View\\View), 200, Array)
#11 C:\\OSPanel\\home\\guitar_prog1\\vendor\\laravel\\framework\\src\\Illuminate\\Routing\\Router.php(887): Illuminate\\Routing\\Router::toResponse(Object(Illuminate\\Http\\Request), Object(Illuminate\\View\\View))
#12 C:\\OSPanel\\home\\guitar_prog1\\vendor\\laravel\\framework\\src\\Illuminate\\Routing\\Router.php(807): Illuminate\\Routing\\Router->prepareResponse(Object(Illuminate\\Http\\Request), Object(Illuminate\\View\\View))
#13 C:\\OSPanel\\home\\guitar_prog1\\vendor\\laravel\\framework\\src\\Illuminate\\Pipeline\\Pipeline.php(170): Illuminate\\Routing\\Router->Illuminate\\Routing\\{closure}(Object(Illuminate\\Http\\Request))
#14 C:\\OSPanel\\home\\guitar_prog1\\vendor\\laravel\\framework\\src\\Illuminate\\Auth\\Middleware\\EnsureEmailIsVerified.php(41): Illuminate\\Pipeline\\Pipeline->Illuminate\\Pipeline\\{closure}(Object(Illuminate\\Http\\Request))
#15 C:\\OSPanel\\home\\guitar_prog1\\vendor\\laravel\\framework\\src\\Illuminate\\Pipeline\\Pipeline.php(209): Illuminate\\Auth\\Middleware\\EnsureEmailIsVerified->handle(Object(Illuminate\\Http\\Request), Object(Closure))
#16 C:\\OSPanel\\home\\guitar_prog1\\vendor\\laravel\\framework\\src\\Illuminate\\Routing\\Middleware\\SubstituteBindings.php(51): Illuminate\\Pipeline\\Pipeline->Illuminate\\Pipeline\\{closure}(Object(Illuminate\\Http\\Request))
#17 C:\\OSPanel\\home\\guitar_prog1\\vendor\\laravel\\framework\\src\\Illuminate\\Pipeline\\Pipeline.php(209): Illuminate\\Routing\\Middleware\\SubstituteBindings->handle(Object(Illuminate\\Http\\Request), Object(Closure))
#18 C:\\OSPanel\\home\\guitar_prog1\\vendor\\laravel\\framework\\src\\Illuminate\\Auth\\Middleware\\Authenticate.php(64): Illuminate\\Pipeline\\Pipeline->Illuminate\\Pipeline\\{closure}(Object(Illuminate\\Http\\Request))
#19 C:\\OSPanel\\home\\guitar_prog1\\vendor\\laravel\\framework\\src\\Illuminate\\Pipeline\\Pipeline.php(209): Illuminate\\Auth\\Middleware\\Authenticate->handle(Object(Illuminate\\Http\\Request), Object(Closure))
#20 C:\\OSPanel\\home\\guitar_prog1\\vendor\\laravel\\framework\\src\\Illuminate\\Foundation\\Http\\Middleware\\VerifyCsrfToken.php(88): Illuminate\\Pipeline\\Pipeline->Illuminate\\Pipeline\\{closure}(Object(Illuminate\\Http\\Request))
#21 C:\\OSPanel\\home\\guitar_prog1\\vendor\\laravel\\framework\\src\\Illuminate\\Pipeline\\Pipeline.php(209): Illuminate\\Foundation\\Http\\Middleware\\VerifyCsrfToken->handle(Object(Illuminate\\Http\\Request), Object(Closure))
#22 C:\\OSPanel\\home\\guitar_prog1\\vendor\\laravel\\framework\\src\\Illuminate\\View\\Middleware\\ShareErrorsFromSession.php(49): Illuminate\\Pipeline\\Pipeline->Illuminate\\Pipeline\\{closure}(Object(Illuminate\\Http\\Request))
#23 C:\\OSPanel\\home\\guitar_prog1\\vendor\\laravel\\framework\\src\\Illuminate\\Pipeline\\Pipeline.php(209): Illuminate\\View\\Middleware\\ShareErrorsFromSession->handle(Object(Illuminate\\Http\\Request), Object(Closure))
#24 C:\\OSPanel\\home\\guitar_prog1\\vendor\\laravel\\framework\\src\\Illuminate\\Session\\Middleware\\StartSession.php(121): Illuminate\\Pipeline\\Pipeline->Illuminate\\Pipeline\\{closure}(Object(Illuminate\\Http\\Request))
#25 C:\\OSPanel\\home\\guitar_prog1\\vendor\\laravel\\framework\\src\\Illuminate\\Session\\Middleware\\StartSession.php(64): Illuminate\\Session\\Middleware\\StartSession->handleStatefulRequest(Object(Illuminate\\Http\\Request), Object(Illuminate\\Session\\Store), Object(Closure))
#26 C:\\OSPanel\\home\\guitar_prog1\\vendor\\laravel\\framework\\src\\Illuminate\\Pipeline\\Pipeline.php(209): Illuminate\\Session\\Middleware\\StartSession->handle(Object(Illuminate\\Http\\Request), Object(Closure))
#27 C:\\OSPanel\\home\\guitar_prog1\\vendor\\laravel\\framework\\src\\Illuminate\\Cookie\\Middleware\\AddQueuedCookiesToResponse.php(37): Illuminate\\Pipeline\\Pipeline->Illuminate\\Pipeline\\{closure}(Object(Illuminate\\Http\\Request))
#28 C:\\OSPanel\\home\\guitar_prog1\\vendor\\laravel\\framework\\src\\Illuminate\\Pipeline\\Pipeline.php(209): Illuminate\\Cookie\\Middleware\\AddQueuedCookiesToResponse->handle(Object(Illuminate\\Http\\Request), Object(Closure))
#29 C:\\OSPanel\\home\\guitar_prog1\\vendor\\laravel\\framework\\src\\Illuminate\\Cookie\\Middleware\\EncryptCookies.php(75): Illuminate\\Pipeline\\Pipeline->Illuminate\\Pipeline\\{closure}(Object(Illuminate\\Http\\Request))
#30 C:\\OSPanel\\home\\guitar_prog1\\vendor\\laravel\\framework\\src\\Illuminate\\Pipeline\\Pipeline.php(209): Illuminate\\Cookie\\Middleware\\EncryptCookies->handle(Object(Illuminate\\Http\\Request), Object(Closure))
#31 C:\\OSPanel\\home\\guitar_prog1\\vendor\\laravel\\framework\\src\\Illuminate\\Pipeline\\Pipeline.php(127): Illuminate\\Pipeline\\Pipeline->Illuminate\\Pipeline\\{closure}(Object(Illuminate\\Http\\Request))
#32 C:\\OSPanel\\home\\guitar_prog1\\vendor\\laravel\\framework\\src\\Illuminate\\Routing\\Router.php(807): Illuminate\\Pipeline\\Pipeline->then(Object(Closure))
#33 C:\\OSPanel\\home\\guitar_prog1\\vendor\\laravel\\framework\\src\\Illuminate\\Routing\\Router.php(786): Illuminate\\Routing\\Router->runRouteWithinStack(Object(Illuminate\\Routing\\Route), Object(Illuminate\\Http\\Request))
#34 C:\\OSPanel\\home\\guitar_prog1\\vendor\\laravel\\framework\\src\\Illuminate\\Routing\\Router.php(750): Illuminate\\Routing\\Router->runRoute(Object(Illuminate\\Http\\Request), Object(Illuminate\\Routing\\Route))
#35 C:\\OSPanel\\home\\guitar_prog1\\vendor\\laravel\\framework\\src\\Illuminate\\Routing\\Router.php(739): Illuminate\\Routing\\Router->dispatchToRoute(Object(Illuminate\\Http\\Request))
#36 C:\\OSPanel\\home\\guitar_prog1\\vendor\\laravel\\framework\\src\\Illuminate\\Foundation\\Http\\Kernel.php(201): Illuminate\\Routing\\Router->dispatch(Object(Illuminate\\Http\\Request))
#37 C:\\OSPanel\\home\\guitar_prog1\\vendor\\laravel\\framework\\src\\Illuminate\\Pipeline\\Pipeline.php(170): Illuminate\\Foundation\\Http\\Kernel->Illuminate\\Foundation\\Http\\{closure}(Object(Illuminate\\Http\\Request))
#38 C:\\OSPanel\\home\\guitar_prog1\\vendor\\livewire\\livewire\\src\\Features\\SupportDisablingBackButtonCache\\DisableBackButtonCacheMiddleware.php(19): Illuminate\\Pipeline\\Pipeline->Illuminate\\Pipeline\\{closure}(Object(Illuminate\\Http\\Request))
#39 C:\\OSPanel\\home\\guitar_prog1\\vendor\\laravel\\framework\\src\\Illuminate\\Pipeline\\Pipeline.php(209): Livewire\\Features\\SupportDisablingBackButtonCache\\DisableBackButtonCacheMiddleware->handle(Object(Illuminate\\Http\\Request), Object(Closure))
#40 C:\\OSPanel\\home\\guitar_prog1\\vendor\\laravel\\framework\\src\\Illuminate\\Foundation\\Http\\Middleware\\TransformsRequest.php(21): Illuminate\\Pipeline\\Pipeline->Illuminate\\Pipeline\\{closure}(Object(Illuminate\\Http\\Request))
#41 C:\\OSPanel\\home\\guitar_prog1\\vendor\\laravel\\framework\\src\\Illuminate\\Foundation\\Http\\Middleware\\ConvertEmptyStringsToNull.php(31): Illuminate\\Foundation\\Http\\Middleware\\TransformsRequest->handle(Object(Illuminate\\Http\\Request), Object(Closure))
#42 C:\\OSPanel\\home\\guitar_prog1\\vendor\\laravel\\framework\\src\\Illuminate\\Pipeline\\Pipeline.php(209): Illuminate\\Foundation\\Http\\Middleware\\ConvertEmptyStringsToNull->handle(Object(Illuminate\\Http\\Request), Object(Closure))
#43 C:\\OSPanel\\home\\guitar_prog1\\vendor\\laravel\\framework\\src\\Illuminate\\Foundation\\Http\\Middleware\\TransformsRequest.php(21): Illuminate\\Pipeline\\Pipeline->Illuminate\\Pipeline\\{closure}(Object(Illuminate\\Http\\Request))
#44 C:\\OSPanel\\home\\guitar_prog1\\vendor\\laravel\\framework\\src\\Illuminate\\Foundation\\Http\\Middleware\\TrimStrings.php(51): Illuminate\\Foundation\\Http\\Middleware\\TransformsRequest->handle(Object(Illuminate\\Http\\Request), Object(Closure))
#45 C:\\OSPanel\\home\\guitar_prog1\\vendor\\laravel\\framework\\src\\Illuminate\\Pipeline\\Pipeline.php(209): Illuminate\\Foundation\\Http\\Middleware\\TrimStrings->handle(Object(Illuminate\\Http\\Request), Object(Closure))
#46 C:\\OSPanel\\home\\guitar_prog1\\vendor\\laravel\\framework\\src\\Illuminate\\Http\\Middleware\\ValidatePostSize.php(27): Illuminate\\Pipeline\\Pipeline->Illuminate\\Pipeline\\{closure}(Object(Illuminate\\Http\\Request))
#47 C:\\OSPanel\\home\\guitar_prog1\\vendor\\laravel\\framework\\src\\Illuminate\\Pipeline\\Pipeline.php(209): Illuminate\\Http\\Middleware\\ValidatePostSize->handle(Object(Illuminate\\Http\\Request), Object(Closure))
#48 C:\\OSPanel\\home\\guitar_prog1\\vendor\\laravel\\framework\\src\\Illuminate\\Foundation\\Http\\Middleware\\PreventRequestsDuringMaintenance.php(110): Illuminate\\Pipeline\\Pipeline->Illuminate\\Pipeline\\{closure}(Object(Illuminate\\Http\\Request))
#49 C:\\OSPanel\\home\\guitar_prog1\\vendor\\laravel\\framework\\src\\Illuminate\\Pipeline\\Pipeline.php(209): Illuminate\\Foundation\\Http\\Middleware\\PreventRequestsDuringMaintenance->handle(Object(Illuminate\\Http\\Request), Object(Closure))
#50 C:\\OSPanel\\home\\guitar_prog1\\vendor\\laravel\\framework\\src\\Illuminate\\Http\\Middleware\\HandleCors.php(49): Illuminate\\Pipeline\\Pipeline->Illuminate\\Pipeline\\{closure}(Object(Illuminate\\Http\\Request))
#51 C:\\OSPanel\\home\\guitar_prog1\\vendor\\laravel\\framework\\src\\Illuminate\\Pipeline\\Pipeline.php(209): Illuminate\\Http\\Middleware\\HandleCors->handle(Object(Illuminate\\Http\\Request), Object(Closure))
#52 C:\\OSPanel\\home\\guitar_prog1\\vendor\\laravel\\framework\\src\\Illuminate\\Http\\Middleware\\TrustProxies.php(58): Illuminate\\Pipeline\\Pipeline->Illuminate\\Pipeline\\{closure}(Object(Illuminate\\Http\\Request))
#53 C:\\OSPanel\\home\\guitar_prog1\\vendor\\laravel\\framework\\src\\Illuminate\\Pipeline\\Pipeline.php(209): Illuminate\\Http\\Middleware\\TrustProxies->handle(Object(Illuminate\\Http\\Request), Object(Closure))
#54 C:\\OSPanel\\home\\guitar_prog1\\vendor\\laravel\\framework\\src\\Illuminate\\Foundation\\Http\\Middleware\\InvokeDeferredCallbacks.php(22): Illuminate\\Pipeline\\Pipeline->Illuminate\\Pipeline\\{closure}(Object(Illuminate\\Http\\Request))
#55 C:\\OSPanel\\home\\guitar_prog1\\vendor\\laravel\\framework\\src\\Illuminate\\Pipeline\\Pipeline.php(209): Illuminate\\Foundation\\Http\\Middleware\\InvokeDeferredCallbacks->handle(Object(Illuminate\\Http\\Request), Object(Closure))
#56 C:\\OSPanel\\home\\guitar_prog1\\vendor\\laravel\\framework\\src\\Illuminate\\Http\\Middleware\\ValidatePathEncoding.php(26): Illuminate\\Pipeline\\Pipeline->Illuminate\\Pipeline\\{closure}(Object(Illuminate\\Http\\Request))
#57 C:\\OSPanel\\home\\guitar_prog1\\vendor\\laravel\\framework\\src\\Illuminate\\Pipeline\\Pipeline.php(209): Illuminate\\Http\\Middleware\\ValidatePathEncoding->handle(Object(Illuminate\\Http\\Request), Object(Closure))
#58 C:\\OSPanel\\home\\guitar_prog1\\vendor\\laravel\\framework\\src\\Illuminate\\Pipeline\\Pipeline.php(127): Illuminate\\Pipeline\\Pipeline->Illuminate\\Pipeline\\{closure}(Object(Illuminate\\Http\\Request))
#59 C:\\OSPanel\\home\\guitar_prog1\\vendor\\laravel\\framework\\src\\Illuminate\\Foundation\\Http\\Kernel.php(176): Illuminate\\Pipeline\\Pipeline->then(Object(Closure))
#60 C:\\OSPanel\\home\\guitar_prog1\\vendor\\laravel\\framework\\src\\Illuminate\\Foundation\\Http\\Kernel.php(145): Illuminate\\Foundation\\Http\\Kernel->sendRequestThroughRouter(Object(Illuminate\\Http\\Request))
#61 C:\\OSPanel\\home\\guitar_prog1\\vendor\\laravel\\framework\\src\\Illuminate\\Foundation\\Application.php(1220): Illuminate\\Foundation\\Http\\Kernel->handle(Object(Illuminate\\Http\\Request))
#62 C:\\OSPanel\\home\\guitar_prog1\\public\\index.php(20): Illuminate\\Foundation\\Application->handleRequest(Object(Illuminate\\Http\\Request))
#63 C:\\OSPanel\\home\\guitar_prog1\\vendor\\laravel\\framework\\src\\Illuminate\\Foundation\\resources\\server.php(23): require_once('C:\\\\OSPanel\\\\home...')
#64 {main}

[previous exception] [object] (ParseError(code: 0): syntax error, unexpected token \"endif\" at C:\\OSPanel\\home\\guitar_prog1\\storage\\framework\\views\\065d2442fb694df646775c5b6bb10c58.php:94)
[stacktrace]
#0 C:\\OSPanel\\home\\guitar_prog1\\vendor\\laravel\\framework\\src\\Illuminate\\Filesystem\\Filesystem.php(124): Illuminate\\Filesystem\\Filesystem::Illuminate\\Filesystem\\{closure}()
#1 C:\\OSPanel\\home\\guitar_prog1\\vendor\\laravel\\framework\\src\\Illuminate\\View\\Engines\\PhpEngine.php(58): Illuminate\\Filesystem\\Filesystem->getRequire('C:\\\\OSPanel\\\\home...', Array)
#2 C:\\OSPanel\\home\\guitar_prog1\\vendor\\livewire\\livewire\\src\\Mechanisms\\ExtendBlade\\ExtendedCompilerEngine.php(22): Illuminate\\View\\Engines\\PhpEngine->evaluatePath('C:\\\\OSPanel\\\\home...', Array)
#3 C:\\OSPanel\\home\\guitar_prog1\\vendor\\laravel\\framework\\src\\Illuminate\\View\\Engines\\CompilerEngine.php(75): Livewire\\Mechanisms\\ExtendBlade\\ExtendedCompilerEngine->evaluatePath('C:\\\\OSPanel\\\\home...', Array)
#4 C:\\OSPanel\\home\\guitar_prog1\\vendor\\livewire\\livewire\\src\\Mechanisms\\ExtendBlade\\ExtendedCompilerEngine.php(10): Illuminate\\View\\Engines\\CompilerEngine->get('C:\\\\OSPanel\\\\home...', Array)
#5 C:\\OSPanel\\home\\guitar_prog1\\vendor\\laravel\\framework\\src\\Illuminate\\View\\View.php(209): Livewire\\Mechanisms\\ExtendBlade\\ExtendedCompilerEngine->get('C:\\\\OSPanel\\\\home...', Array)
#6 C:\\OSPanel\\home\\guitar_prog1\\vendor\\laravel\\framework\\src\\Illuminate\\View\\View.php(192): Illuminate\\View\\View->getContents()
#7 C:\\OSPanel\\home\\guitar_prog1\\vendor\\laravel\\framework\\src\\Illuminate\\View\\View.php(161): Illuminate\\View\\View->renderContents()
#8 C:\\OSPanel\\home\\guitar_prog1\\vendor\\laravel\\framework\\src\\Illuminate\\Http\\Response.php(79): Illuminate\\View\\View->render()
#9 C:\\OSPanel\\home\\guitar_prog1\\vendor\\laravel\\framework\\src\\Illuminate\\Http\\Response.php(35): Illuminate\\Http\\Response->setContent(Object(Illuminate\\View\\View))
#10 C:\\OSPanel\\home\\guitar_prog1\\vendor\\laravel\\framework\\src\\Illuminate\\Routing\\Router.php(920): Illuminate\\Http\\Response->__construct(Object(Illuminate\\View\\View), 200, Array)
#11 C:\\OSPanel\\home\\guitar_prog1\\vendor\\laravel\\framework\\src\\Illuminate\\Routing\\Router.php(887): Illuminate\\Routing\\Router::toResponse(Object(Illuminate\\Http\\Request), Object(Illuminate\\View\\View))
#12 C:\\OSPanel\\home\\guitar_prog1\\vendor\\laravel\\framework\\src\\Illuminate\\Routing\\Router.php(807): Illuminate\\Routing\\Router->prepareResponse(Object(Illuminate\\Http\\Request), Object(Illuminate\\View\\View))
#13 C:\\OSPanel\\home\\guitar_prog1\\vendor\\laravel\\framework\\src\\Illuminate\\Pipeline\\Pipeline.php(170): Illuminate\\Routing\\Router->Illuminate\\Routing\\{closure}(Object(Illuminate\\Http\\Request))
#14 C:\\OSPanel\\home\\guitar_prog1\\vendor\\laravel\\framework\\src\\Illuminate\\Auth\\Middleware\\EnsureEmailIsVerified.php(41): Illuminate\\Pipeline\\Pipeline->Illuminate\\Pipeline\\{closure}(Object(Illuminate\\Http\\Request))
#15 C:\\OSPanel\\home\\guitar_prog1\\vendor\\laravel\\framework\\src\\Illuminate\\Pipeline\\Pipeline.php(209): Illuminate\\Auth\\Middleware\\EnsureEmailIsVerified->handle(Object(Illuminate\\Http\\Request), Object(Closure))
#16 C:\\OSPanel\\home\\guitar_prog1\\vendor\\laravel\\framework\\src\\Illuminate\\Routing\\Middleware\\SubstituteBindings.php(51): Illuminate\\Pipeline\\Pipeline->Illuminate\\Pipeline\\{closure}(Object(Illuminate\\Http\\Request))
#17 C:\\OSPanel\\home\\guitar_prog1\\vendor\\laravel\\framework\\src\\Illuminate\\Pipeline\\Pipeline.php(209): Illuminate\\Routing\\Middleware\\SubstituteBindings->handle(Object(Illuminate\\Http\\Request), Object(Closure))
#18 C:\\OSPanel\\home\\guitar_prog1\\vendor\\laravel\\framework\\src\\Illuminate\\Auth\\Middleware\\Authenticate.php(64): Illuminate\\Pipeline\\Pipeline->Illuminate\\Pipeline\\{closure}(Object(Illuminate\\Http\\Request))
#19 C:\\OSPanel\\home\\guitar_prog1\\vendor\\laravel\\framework\\src\\Illuminate\\Pipeline\\Pipeline.php(209): Illuminate\\Auth\\Middleware\\Authenticate->handle(Object(Illuminate\\Http\\Request), Object(Closure))
#20 C:\\OSPanel\\home\\guitar_prog1\\vendor\\laravel\\framework\\src\\Illuminate\\Foundation\\Http\\Middleware\\VerifyCsrfToken.php(88): Illuminate\\Pipeline\\Pipeline->Illuminate\\Pipeline\\{closure}(Object(Illuminate\\Http\\Request))
#21 C:\\OSPanel\\home\\guitar_prog1\\vendor\\laravel\\framework\\src\\Illuminate\\Pipeline\\Pipeline.php(209): Illuminate\\Foundation\\Http\\Middleware\\VerifyCsrfToken->handle(Object(Illuminate\\Http\\Request), Object(Closure))
#22 C:\\OSPanel\\home\\guitar_prog1\\vendor\\laravel\\framework\\src\\Illuminate\\View\\Middleware\\ShareErrorsFromSession.php(49): Illuminate\\Pipeline\\Pipeline->Illuminate\\Pipeline\\{closure}(Object(Illuminate\\Http\\Request))
#23 C:\\OSPanel\\home\\guitar_prog1\\vendor\\laravel\\framework\\src\\Illuminate\\Pipeline\\Pipeline.php(209): Illuminate\\View\\Middleware\\ShareErrorsFromSession->handle(Object(Illuminate\\Http\\Request), Object(Closure))
#24 C:\\OSPanel\\home\\guitar_prog1\\vendor\\laravel\\framework\\src\\Illuminate\\Session\\Middleware\\StartSession.php(121): Illuminate\\Pipeline\\Pipeline->Illuminate\\Pipeline\\{closure}(Object(Illuminate\\Http\\Request))
#25 C:\\OSPanel\\home\\guitar_prog1\\vendor\\laravel\\framework\\src\\Illuminate\\Session\\Middleware\\StartSession.php(64): Illuminate\\Session\\Middleware\\StartSession->handleStatefulRequest(Object(Illuminate\\Http\\Request), Object(Illuminate\\Session\\Store), Object(Closure))
#26 C:\\OSPanel\\home\\guitar_prog1\\vendor\\laravel\\framework\\src\\Illuminate\\Pipeline\\Pipeline.php(209): Illuminate\\Session\\Middleware\\StartSession->handle(Object(Illuminate\\Http\\Request), Object(Closure))
#27 C:\\OSPanel\\home\\guitar_prog1\\vendor\\laravel\\framework\\src\\Illuminate\\Cookie\\Middleware\\AddQueuedCookiesToResponse.php(37): Illuminate\\Pipeline\\Pipeline->Illuminate\\Pipeline\\{closure}(Object(Illuminate\\Http\\Request))
#28 C:\\OSPanel\\home\\guitar_prog1\\vendor\\laravel\\framework\\src\\Illuminate\\Pipeline\\Pipeline.php(209): Illuminate\\Cookie\\Middleware\\AddQueuedCookiesToResponse->handle(Object(Illuminate\\Http\\Request), Object(Closure))
#29 C:\\OSPanel\\home\\guitar_prog1\\vendor\\laravel\\framework\\src\\Illuminate\\Cookie\\Middleware\\EncryptCookies.php(75): Illuminate\\Pipeline\\Pipeline->Illuminate\\Pipeline\\{closure}(Object(Illuminate\\Http\\Request))
#30 C:\\OSPanel\\home\\guitar_prog1\\vendor\\laravel\\framework\\src\\Illuminate\\Pipeline\\Pipeline.php(209): Illuminate\\Cookie\\Middleware\\EncryptCookies->handle(Object(Illuminate\\Http\\Request), Object(Closure))
#31 C:\\OSPanel\\home\\guitar_prog1\\vendor\\laravel\\framework\\src\\Illuminate\\Pipeline\\Pipeline.php(127): Illuminate\\Pipeline\\Pipeline->Illuminate\\Pipeline\\{closure}(Object(Illuminate\\Http\\Request))
#32 C:\\OSPanel\\home\\guitar_prog1\\vendor\\laravel\\framework\\src\\Illuminate\\Routing\\Router.php(807): Illuminate\\Pipeline\\Pipeline->then(Object(Closure))
#33 C:\\OSPanel\\home\\guitar_prog1\\vendor\\laravel\\framework\\src\\Illuminate\\Routing\\Router.php(786): Illuminate\\Routing\\Router->runRouteWithinStack(Object(Illuminate\\Routing\\Route), Object(Illuminate\\Http\\Request))
#34 C:\\OSPanel\\home\\guitar_prog1\\vendor\\laravel\\framework\\src\\Illuminate\\Routing\\Router.php(750): Illuminate\\Routing\\Router->runRoute(Object(Illuminate\\Http\\Request), Object(Illuminate\\Routing\\Route))
#35 C:\\OSPanel\\home\\guitar_prog1\\vendor\\laravel\\framework\\src\\Illuminate\\Routing\\Router.php(739): Illuminate\\Routing\\Router->dispatchToRoute(Object(Illuminate\\Http\\Request))
#36 C:\\OSPanel\\home\\guitar_prog1\\vendor\\laravel\\framework\\src\\Illuminate\\Foundation\\Http\\Kernel.php(201): Illuminate\\Routing\\Router->dispatch(Object(Illuminate\\Http\\Request))
#37 C:\\OSPanel\\home\\guitar_prog1\\vendor\\laravel\\framework\\src\\Illuminate\\Pipeline\\Pipeline.php(170): Illuminate\\Foundation\\Http\\Kernel->Illuminate\\Foundation\\Http\\{closure}(Object(Illuminate\\Http\\Request))
#38 C:\\OSPanel\\home\\guitar_prog1\\vendor\\livewire\\livewire\\src\\Features\\SupportDisablingBackButtonCache\\DisableBackButtonCacheMiddleware.php(19): Illuminate\\Pipeline\\Pipeline->Illuminate\\Pipeline\\{closure}(Object(Illuminate\\Http\\Request))
#39 C:\\OSPanel\\home\\guitar_prog1\\vendor\\laravel\\framework\\src\\Illuminate\\Pipeline\\Pipeline.php(209): Livewire\\Features\\SupportDisablingBackButtonCache\\DisableBackButtonCacheMiddleware->handle(Object(Illuminate\\Http\\Request), Object(Closure))
#40 C:\\OSPanel\\home\\guitar_prog1\\vendor\\laravel\\framework\\src\\Illuminate\\Foundation\\Http\\Middleware\\TransformsRequest.php(21): Illuminate\\Pipeline\\Pipeline->Illuminate\\Pipeline\\{closure}(Object(Illuminate\\Http\\Request))
#41 C:\\OSPanel\\home\\guitar_prog1\\vendor\\laravel\\framework\\src\\Illuminate\\Foundation\\Http\\Middleware\\ConvertEmptyStringsToNull.php(31): Illuminate\\Foundation\\Http\\Middleware\\TransformsRequest->handle(Object(Illuminate\\Http\\Request), Object(Closure))
#42 C:\\OSPanel\\home\\guitar_prog1\\vendor\\laravel\\framework\\src\\Illuminate\\Pipeline\\Pipeline.php(209): Illuminate\\Foundation\\Http\\Middleware\\ConvertEmptyStringsToNull->handle(Object(Illuminate\\Http\\Request), Object(Closure))
#43 C:\\OSPanel\\home\\guitar_prog1\\vendor\\laravel\\framework\\src\\Illuminate\\Foundation\\Http\\Middleware\\TransformsRequest.php(21): Illuminate\\Pipeline\\Pipeline->Illuminate\\Pipeline\\{closure}(Object(Illuminate\\Http\\Request))
#44 C:\\OSPanel\\home\\guitar_prog1\\vendor\\laravel\\framework\\src\\Illuminate\\Foundation\\Http\\Middleware\\TrimStrings.php(51): Illuminate\\Foundation\\Http\\Middleware\\TransformsRequest->handle(Object(Illuminate\\Http\\Request), Object(Closure))
#45 C:\\OSPanel\\home\\guitar_prog1\\vendor\\laravel\\framework\\src\\Illuminate\\Pipeline\\Pipeline.php(209): Illuminate\\Foundation\\Http\\Middleware\\TrimStrings->handle(Object(Illuminate\\Http\\Request), Object(Closure))
#46 C:\\OSPanel\\home\\guitar_prog1\\vendor\\laravel\\framework\\src\\Illuminate\\Http\\Middleware\\ValidatePostSize.php(27): Illuminate\\Pipeline\\Pipeline->Illuminate\\Pipeline\\{closure}(Object(Illuminate\\Http\\Request))
#47 C:\\OSPanel\\home\\guitar_prog1\\vendor\\laravel\\framework\\src\\Illuminate\\Pipeline\\Pipeline.php(209): Illuminate\\Http\\Middleware\\ValidatePostSize->handle(Object(Illuminate\\Http\\Request), Object(Closure))
#48 C:\\OSPanel\\home\\guitar_prog1\\vendor\\laravel\\framework\\src\\Illuminate\\Foundation\\Http\\Middleware\\PreventRequestsDuringMaintenance.php(110): Illuminate\\Pipeline\\Pipeline->Illuminate\\Pipeline\\{closure}(Object(Illuminate\\Http\\Request))
#49 C:\\OSPanel\\home\\guitar_prog1\\vendor\\laravel\\framework\\src\\Illuminate\\Pipeline\\Pipeline.php(209): Illuminate\\Foundation\\Http\\Middleware\\PreventRequestsDuringMaintenance->handle(Object(Illuminate\\Http\\Request), Object(Closure))
#50 C:\\OSPanel\\home\\guitar_prog1\\vendor\\laravel\\framework\\src\\Illuminate\\Http\\Middleware\\HandleCors.php(49): Illuminate\\Pipeline\\Pipeline->Illuminate\\Pipeline\\{closure}(Object(Illuminate\\Http\\Request))
#51 C:\\OSPanel\\home\\guitar_prog1\\vendor\\laravel\\framework\\src\\Illuminate\\Pipeline\\Pipeline.php(209): Illuminate\\Http\\Middleware\\HandleCors->handle(Object(Illuminate\\Http\\Request), Object(Closure))
#52 C:\\OSPanel\\home\\guitar_prog1\\vendor\\laravel\\framework\\src\\Illuminate\\Http\\Middleware\\TrustProxies.php(58): Illuminate\\Pipeline\\Pipeline->Illuminate\\Pipeline\\{closure}(Object(Illuminate\\Http\\Request))
#53 C:\\OSPanel\\home\\guitar_prog1\\vendor\\laravel\\framework\\src\\Illuminate\\Pipeline\\Pipeline.php(209): Illuminate\\Http\\Middleware\\TrustProxies->handle(Object(Illuminate\\Http\\Request), Object(Closure))
#54 C:\\OSPanel\\home\\guitar_prog1\\vendor\\laravel\\framework\\src\\Illuminate\\Foundation\\Http\\Middleware\\InvokeDeferredCallbacks.php(22): Illuminate\\Pipeline\\Pipeline->Illuminate\\Pipeline\\{closure}(Object(Illuminate\\Http\\Request))
#55 C:\\OSPanel\\home\\guitar_prog1\\vendor\\laravel\\framework\\src\\Illuminate\\Pipeline\\Pipeline.php(209): Illuminate\\Foundation\\Http\\Middleware\\InvokeDeferredCallbacks->handle(Object(Illuminate\\Http\\Request), Object(Closure))
#56 C:\\OSPanel\\home\\guitar_prog1\\vendor\\laravel\\framework\\src\\Illuminate\\Http\\Middleware\\ValidatePathEncoding.php(26): Illuminate\\Pipeline\\Pipeline->Illuminate\\Pipeline\\{closure}(Object(Illuminate\\Http\\Request))
#57 C:\\OSPanel\\home\\guitar_prog1\\vendor\\laravel\\framework\\src\\Illuminate\\Pipeline\\Pipeline.php(209): Illuminate\\Http\\Middleware\\ValidatePathEncoding->handle(Object(Illuminate\\Http\\Request), Object(Closure))
#58 C:\\OSPanel\\home\\guitar_prog1\\vendor\\laravel\\framework\\src\\Illuminate\\Pipeline\\Pipeline.php(127): Illuminate\\Pipeline\\Pipeline->Illuminate\\Pipeline\\{closure}(Object(Illuminate\\Http\\Request))
#59 C:\\OSPanel\\home\\guitar_prog1\\vendor\\laravel\\framework\\src\\Illuminate\\Foundation\\Http\\Kernel.php(176): Illuminate\\Pipeline\\Pipeline->then(Object(Closure))
#60 C:\\OSPanel\\home\\guitar_prog1\\vendor\\laravel\\framework\\src\\Illuminate\\Foundation\\Http\\Kernel.php(145): Illuminate\\Foundation\\Http\\Kernel->sendRequestThroughRouter(Object(Illuminate\\Http\\Request))
#61 C:\\OSPanel\\home\\guitar_prog1\\vendor\\laravel\\framework\\src\\Illuminate\\Foundation\\Application.php(1220): Illuminate\\Foundation\\Http\\Kernel->handle(Object(Illuminate\\Http\\Request))
#62 C:\\OSPanel\\home\\guitar_prog1\\public\\index.php(20): Illuminate\\Foundation\\Application->handleRequest(Object(Illuminate\\Http\\Request))
#63 C:\\OSPanel\\home\\guitar_prog1\\vendor\\laravel\\framework\\src\\Illuminate\\Foundation\\resources\\server.php(23): require_once('C:\\\\OSPanel\\\\home...')
#64 {main}
"} 
[2025-05-02 10:39:11] local.ERROR: Route [cart.addToCart] not defined. (View: C:\OSPanel\home\guitar_prog1\resources\views\welcome.blade.php) {"userId":4,"exception":"[object] (Illuminate\\View\\ViewException(code: 0): Route [cart.addToCart] not defined. (View: C:\\OSPanel\\home\\guitar_prog1\\resources\\views\\welcome.blade.php) at C:\\OSPanel\\home\\guitar_prog1\\vendor\\laravel\\framework\\src\\Illuminate\\Routing\\UrlGenerator.php:527)
[stacktrace]
#0 C:\\OSPanel\\home\\guitar_prog1\\vendor\\livewire\\livewire\\src\\Mechanisms\\ExtendBlade\\ExtendedCompilerEngine.php(58): Illuminate\\View\\Engines\\CompilerEngine->handleViewException(Object(Symfony\\Component\\Routing\\Exception\\RouteNotFoundException), 1)
#1 C:\\OSPanel\\home\\guitar_prog1\\vendor\\laravel\\framework\\src\\Illuminate\\View\\Engines\\PhpEngine.php(60): Livewire\\Mechanisms\\ExtendBlade\\ExtendedCompilerEngine->handleViewException(Object(Symfony\\Component\\Routing\\Exception\\RouteNotFoundException), 1)
#2 C:\\OSPanel\\home\\guitar_prog1\\vendor\\livewire\\livewire\\src\\Mechanisms\\ExtendBlade\\ExtendedCompilerEngine.php(22): Illuminate\\View\\Engines\\PhpEngine->evaluatePath('C:\\\\OSPanel\\\\home...', Array)
#3 C:\\OSPanel\\home\\guitar_prog1\\vendor\\laravel\\framework\\src\\Illuminate\\View\\Engines\\CompilerEngine.php(75): Livewire\\Mechanisms\\ExtendBlade\\ExtendedCompilerEngine->evaluatePath('C:\\\\OSPanel\\\\home...', Array)
#4 C:\\OSPanel\\home\\guitar_prog1\\vendor\\livewire\\livewire\\src\\Mechanisms\\ExtendBlade\\ExtendedCompilerEngine.php(10): Illuminate\\View\\Engines\\CompilerEngine->get('C:\\\\OSPanel\\\\home...', Array)
#5 C:\\OSPanel\\home\\guitar_prog1\\vendor\\laravel\\framework\\src\\Illuminate\\View\\View.php(209): Livewire\\Mechanisms\\ExtendBlade\\ExtendedCompilerEngine->get('C:\\\\OSPanel\\\\home...', Array)
#6 C:\\OSPanel\\home\\guitar_prog1\\vendor\\laravel\\framework\\src\\Illuminate\\View\\View.php(192): Illuminate\\View\\View->getContents()
#7 C:\\OSPanel\\home\\guitar_prog1\\vendor\\laravel\\framework\\src\\Illuminate\\View\\View.php(161): Illuminate\\View\\View->renderContents()
#8 C:\\OSPanel\\home\\guitar_prog1\\vendor\\laravel\\framework\\src\\Illuminate\\Http\\Response.php(79): Illuminate\\View\\View->render()
#9 C:\\OSPanel\\home\\guitar_prog1\\vendor\\laravel\\framework\\src\\Illuminate\\Http\\Response.php(35): Illuminate\\Http\\Response->setContent(Object(Illuminate\\View\\View))
#10 C:\\OSPanel\\home\\guitar_prog1\\vendor\\laravel\\framework\\src\\Illuminate\\Routing\\Router.php(920): Illuminate\\Http\\Response->__construct(Object(Illuminate\\View\\View), 200, Array)
#11 C:\\OSPanel\\home\\guitar_prog1\\vendor\\laravel\\framework\\src\\Illuminate\\Routing\\Router.php(887): Illuminate\\Routing\\Router::toResponse(Object(Illuminate\\Http\\Request), Object(Illuminate\\View\\View))
#12 C:\\OSPanel\\home\\guitar_prog1\\vendor\\laravel\\framework\\src\\Illuminate\\Routing\\Router.php(807): Illuminate\\Routing\\Router->prepareResponse(Object(Illuminate\\Http\\Request), Object(Illuminate\\View\\View))
#13 C:\\OSPanel\\home\\guitar_prog1\\vendor\\laravel\\framework\\src\\Illuminate\\Pipeline\\Pipeline.php(170): Illuminate\\Routing\\Router->Illuminate\\Routing\\{closure}(Object(Illuminate\\Http\\Request))
#14 C:\\OSPanel\\home\\guitar_prog1\\vendor\\laravel\\framework\\src\\Illuminate\\Routing\\Middleware\\SubstituteBindings.php(51): Illuminate\\Pipeline\\Pipeline->Illuminate\\Pipeline\\{closure}(Object(Illuminate\\Http\\Request))
#15 C:\\OSPanel\\home\\guitar_prog1\\vendor\\laravel\\framework\\src\\Illuminate\\Pipeline\\Pipeline.php(209): Illuminate\\Routing\\Middleware\\SubstituteBindings->handle(Object(Illuminate\\Http\\Request), Object(Closure))
#16 C:\\OSPanel\\home\\guitar_prog1\\vendor\\laravel\\framework\\src\\Illuminate\\Foundation\\Http\\Middleware\\VerifyCsrfToken.php(88): Illuminate\\Pipeline\\Pipeline->Illuminate\\Pipeline\\{closure}(Object(Illuminate\\Http\\Request))
#17 C:\\OSPanel\\home\\guitar_prog1\\vendor\\laravel\\framework\\src\\Illuminate\\Pipeline\\Pipeline.php(209): Illuminate\\Foundation\\Http\\Middleware\\VerifyCsrfToken->handle(Object(Illuminate\\Http\\Request), Object(Closure))
#18 C:\\OSPanel\\home\\guitar_prog1\\vendor\\laravel\\framework\\src\\Illuminate\\View\\Middleware\\ShareErrorsFromSession.php(49): Illuminate\\Pipeline\\Pipeline->Illuminate\\Pipeline\\{closure}(Object(Illuminate\\Http\\Request))
#19 C:\\OSPanel\\home\\guitar_prog1\\vendor\\laravel\\framework\\src\\Illuminate\\Pipeline\\Pipeline.php(209): Illuminate\\View\\Middleware\\ShareErrorsFromSession->handle(Object(Illuminate\\Http\\Request), Object(Closure))
#20 C:\\OSPanel\\home\\guitar_prog1\\vendor\\laravel\\framework\\src\\Illuminate\\Session\\Middleware\\StartSession.php(121): Illuminate\\Pipeline\\Pipeline->Illuminate\\Pipeline\\{closure}(Object(Illuminate\\Http\\Request))
#21 C:\\OSPanel\\home\\guitar_prog1\\vendor\\laravel\\framework\\src\\Illuminate\\Session\\Middleware\\StartSession.php(64): Illuminate\\Session\\Middleware\\StartSession->handleStatefulRequest(Object(Illuminate\\Http\\Request), Object(Illuminate\\Session\\Store), Object(Closure))
#22 C:\\OSPanel\\home\\guitar_prog1\\vendor\\laravel\\framework\\src\\Illuminate\\Pipeline\\Pipeline.php(209): Illuminate\\Session\\Middleware\\StartSession->handle(Object(Illuminate\\Http\\Request), Object(Closure))
#23 C:\\OSPanel\\home\\guitar_prog1\\vendor\\laravel\\framework\\src\\Illuminate\\Cookie\\Middleware\\AddQueuedCookiesToResponse.php(37): Illuminate\\Pipeline\\Pipeline->Illuminate\\Pipeline\\{closure}(Object(Illuminate\\Http\\Request))
#24 C:\\OSPanel\\home\\guitar_prog1\\vendor\\laravel\\framework\\src\\Illuminate\\Pipeline\\Pipeline.php(209): Illuminate\\Cookie\\Middleware\\AddQueuedCookiesToResponse->handle(Object(Illuminate\\Http\\Request), Object(Closure))
#25 C:\\OSPanel\\home\\guitar_prog1\\vendor\\laravel\\framework\\src\\Illuminate\\Cookie\\Middleware\\EncryptCookies.php(75): Illuminate\\Pipeline\\Pipeline->Illuminate\\Pipeline\\{closure}(Object(Illuminate\\Http\\Request))
#26 C:\\OSPanel\\home\\guitar_prog1\\vendor\\laravel\\framework\\src\\Illuminate\\Pipeline\\Pipeline.php(209): Illuminate\\Cookie\\Middleware\\EncryptCookies->handle(Object(Illuminate\\Http\\Request), Object(Closure))
#27 C:\\OSPanel\\home\\guitar_prog1\\vendor\\laravel\\framework\\src\\Illuminate\\Pipeline\\Pipeline.php(127): Illuminate\\Pipeline\\Pipeline->Illuminate\\Pipeline\\{closure}(Object(Illuminate\\Http\\Request))
#28 C:\\OSPanel\\home\\guitar_prog1\\vendor\\laravel\\framework\\src\\Illuminate\\Routing\\Router.php(807): Illuminate\\Pipeline\\Pipeline->then(Object(Closure))
#29 C:\\OSPanel\\home\\guitar_prog1\\vendor\\laravel\\framework\\src\\Illuminate\\Routing\\Router.php(786): Illuminate\\Routing\\Router->runRouteWithinStack(Object(Illuminate\\Routing\\Route), Object(Illuminate\\Http\\Request))
#30 C:\\OSPanel\\home\\guitar_prog1\\vendor\\laravel\\framework\\src\\Illuminate\\Routing\\Router.php(750): Illuminate\\Routing\\Router->runRoute(Object(Illuminate\\Http\\Request), Object(Illuminate\\Routing\\Route))
#31 C:\\OSPanel\\home\\guitar_prog1\\vendor\\laravel\\framework\\src\\Illuminate\\Routing\\Router.php(739): Illuminate\\Routing\\Router->dispatchToRoute(Object(Illuminate\\Http\\Request))
#32 C:\\OSPanel\\home\\guitar_prog1\\vendor\\laravel\\framework\\src\\Illuminate\\Foundation\\Http\\Kernel.php(201): Illuminate\\Routing\\Router->dispatch(Object(Illuminate\\Http\\Request))
#33 C:\\OSPanel\\home\\guitar_prog1\\vendor\\laravel\\framework\\src\\Illuminate\\Pipeline\\Pipeline.php(170): Illuminate\\Foundation\\Http\\Kernel->Illuminate\\Foundation\\Http\\{closure}(Object(Illuminate\\Http\\Request))
#34 C:\\OSPanel\\home\\guitar_prog1\\vendor\\livewire\\livewire\\src\\Features\\SupportDisablingBackButtonCache\\DisableBackButtonCacheMiddleware.php(19): Illuminate\\Pipeline\\Pipeline->Illuminate\\Pipeline\\{closure}(Object(Illuminate\\Http\\Request))
#35 C:\\OSPanel\\home\\guitar_prog1\\vendor\\laravel\\framework\\src\\Illuminate\\Pipeline\\Pipeline.php(209): Livewire\\Features\\SupportDisablingBackButtonCache\\DisableBackButtonCacheMiddleware->handle(Object(Illuminate\\Http\\Request), Object(Closure))
#36 C:\\OSPanel\\home\\guitar_prog1\\vendor\\laravel\\framework\\src\\Illuminate\\Foundation\\Http\\Middleware\\TransformsRequest.php(21): Illuminate\\Pipeline\\Pipeline->Illuminate\\Pipeline\\{closure}(Object(Illuminate\\Http\\Request))
#37 C:\\OSPanel\\home\\guitar_prog1\\vendor\\laravel\\framework\\src\\Illuminate\\Foundation\\Http\\Middleware\\ConvertEmptyStringsToNull.php(31): Illuminate\\Foundation\\Http\\Middleware\\TransformsRequest->handle(Object(Illuminate\\Http\\Request), Object(Closure))
#38 C:\\OSPanel\\home\\guitar_prog1\\vendor\\laravel\\framework\\src\\Illuminate\\Pipeline\\Pipeline.php(209): Illuminate\\Foundation\\Http\\Middleware\\ConvertEmptyStringsToNull->handle(Object(Illuminate\\Http\\Request), Object(Closure))
#39 C:\\OSPanel\\home\\guitar_prog1\\vendor\\laravel\\framework\\src\\Illuminate\\Foundation\\Http\\Middleware\\TransformsRequest.php(21): Illuminate\\Pipeline\\Pipeline->Illuminate\\Pipeline\\{closure}(Object(Illuminate\\Http\\Request))
#40 C:\\OSPanel\\home\\guitar_prog1\\vendor\\laravel\\framework\\src\\Illuminate\\Foundation\\Http\\Middleware\\TrimStrings.php(51): Illuminate\\Foundation\\Http\\Middleware\\TransformsRequest->handle(Object(Illuminate\\Http\\Request), Object(Closure))
#41 C:\\OSPanel\\home\\guitar_prog1\\vendor\\laravel\\framework\\src\\Illuminate\\Pipeline\\Pipeline.php(209): Illuminate\\Foundation\\Http\\Middleware\\TrimStrings->handle(Object(Illuminate\\Http\\Request), Object(Closure))
#42 C:\\OSPanel\\home\\guitar_prog1\\vendor\\laravel\\framework\\src\\Illuminate\\Http\\Middleware\\ValidatePostSize.php(27): Illuminate\\Pipeline\\Pipeline->Illuminate\\Pipeline\\{closure}(Object(Illuminate\\Http\\Request))
#43 C:\\OSPanel\\home\\guitar_prog1\\vendor\\laravel\\framework\\src\\Illuminate\\Pipeline\\Pipeline.php(209): Illuminate\\Http\\Middleware\\ValidatePostSize->handle(Object(Illuminate\\Http\\Request), Object(Closure))
#44 C:\\OSPanel\\home\\guitar_prog1\\vendor\\laravel\\framework\\src\\Illuminate\\Foundation\\Http\\Middleware\\PreventRequestsDuringMaintenance.php(110): Illuminate\\Pipeline\\Pipeline->Illuminate\\Pipeline\\{closure}(Object(Illuminate\\Http\\Request))
#45 C:\\OSPanel\\home\\guitar_prog1\\vendor\\laravel\\framework\\src\\Illuminate\\Pipeline\\Pipeline.php(209): Illuminate\\Foundation\\Http\\Middleware\\PreventRequestsDuringMaintenance->handle(Object(Illuminate\\Http\\Request), Object(Closure))
#46 C:\\OSPanel\\home\\guitar_prog1\\vendor\\laravel\\framework\\src\\Illuminate\\Http\\Middleware\\HandleCors.php(49): Illuminate\\Pipeline\\Pipeline->Illuminate\\Pipeline\\{closure}(Object(Illuminate\\Http\\Request))
#47 C:\\OSPanel\\home\\guitar_prog1\\vendor\\laravel\\framework\\src\\Illuminate\\Pipeline\\Pipeline.php(209): Illuminate\\Http\\Middleware\\HandleCors->handle(Object(Illuminate\\Http\\Request), Object(Closure))
#48 C:\\OSPanel\\home\\guitar_prog1\\vendor\\laravel\\framework\\src\\Illuminate\\Http\\Middleware\\TrustProxies.php(58): Illuminate\\Pipeline\\Pipeline->Illuminate\\Pipeline\\{closure}(Object(Illuminate\\Http\\Request))
#49 C:\\OSPanel\\home\\guitar_prog1\\vendor\\laravel\\framework\\src\\Illuminate\\Pipeline\\Pipeline.php(209): Illuminate\\Http\\Middleware\\TrustProxies->handle(Object(Illuminate\\Http\\Request), Object(Closure))
#50 C:\\OSPanel\\home\\guitar_prog1\\vendor\\laravel\\framework\\src\\Illuminate\\Foundation\\Http\\Middleware\\InvokeDeferredCallbacks.php(22): Illuminate\\Pipeline\\Pipeline->Illuminate\\Pipeline\\{closure}(Object(Illuminate\\Http\\Request))
#51 C:\\OSPanel\\home\\guitar_prog1\\vendor\\laravel\\framework\\src\\Illuminate\\Pipeline\\Pipeline.php(209): Illuminate\\Foundation\\Http\\Middleware\\InvokeDeferredCallbacks->handle(Object(Illuminate\\Http\\Request), Object(Closure))
#52 C:\\OSPanel\\home\\guitar_prog1\\vendor\\laravel\\framework\\src\\Illuminate\\Http\\Middleware\\ValidatePathEncoding.php(26): Illuminate\\Pipeline\\Pipeline->Illuminate\\Pipeline\\{closure}(Object(Illuminate\\Http\\Request))
#53 C:\\OSPanel\\home\\guitar_prog1\\vendor\\laravel\\framework\\src\\Illuminate\\Pipeline\\Pipeline.php(209): Illuminate\\Http\\Middleware\\ValidatePathEncoding->handle(Object(Illuminate\\Http\\Request), Object(Closure))
#54 C:\\OSPanel\\home\\guitar_prog1\\vendor\\laravel\\framework\\src\\Illuminate\\Pipeline\\Pipeline.php(127): Illuminate\\Pipeline\\Pipeline->Illuminate\\Pipeline\\{closure}(Object(Illuminate\\Http\\Request))
#55 C:\\OSPanel\\home\\guitar_prog1\\vendor\\laravel\\framework\\src\\Illuminate\\Foundation\\Http\\Kernel.php(176): Illuminate\\Pipeline\\Pipeline->then(Object(Closure))
#56 C:\\OSPanel\\home\\guitar_prog1\\vendor\\laravel\\framework\\src\\Illuminate\\Foundation\\Http\\Kernel.php(145): Illuminate\\Foundation\\Http\\Kernel->sendRequestThroughRouter(Object(Illuminate\\Http\\Request))
#57 C:\\OSPanel\\home\\guitar_prog1\\vendor\\laravel\\framework\\src\\Illuminate\\Foundation\\Application.php(1220): Illuminate\\Foundation\\Http\\Kernel->handle(Object(Illuminate\\Http\\Request))
#58 C:\\OSPanel\\home\\guitar_prog1\\public\\index.php(20): Illuminate\\Foundation\\Application->handleRequest(Object(Illuminate\\Http\\Request))
#59 C:\\OSPanel\\home\\guitar_prog1\\vendor\\laravel\\framework\\src\\Illuminate\\Foundation\\resources\\server.php(23): require_once('C:\\\\OSPanel\\\\home...')
#60 {main}

[previous exception] [object] (Symfony\\Component\\Routing\\Exception\\RouteNotFoundException(code: 0): Route [cart.addToCart] not defined. at C:\\OSPanel\\home\\guitar_prog1\\vendor\\laravel\\framework\\src\\Illuminate\\Routing\\UrlGenerator.php:527)
[stacktrace]
#0 C:\\OSPanel\\home\\guitar_prog1\\vendor\\laravel\\framework\\src\\Illuminate\\Foundation\\helpers.php(853): Illuminate\\Routing\\UrlGenerator->route('cart.addToCart', Array, true)
#1 C:\\OSPanel\\home\\guitar_prog1\\storage\\framework\\views\\61543a1246391995a0b5f2a12db790f4.php(228): route('cart.addToCart')
#2 C:\\OSPanel\\home\\guitar_prog1\\vendor\\laravel\\framework\\src\\Illuminate\\Filesystem\\Filesystem.php(123): require('C:\\\\OSPanel\\\\home...')
#3 C:\\OSPanel\\home\\guitar_prog1\\vendor\\laravel\\framework\\src\\Illuminate\\Filesystem\\Filesystem.php(124): Illuminate\\Filesystem\\Filesystem::Illuminate\\Filesystem\\{closure}()
#4 C:\\OSPanel\\home\\guitar_prog1\\vendor\\laravel\\framework\\src\\Illuminate\\View\\Engines\\PhpEngine.php(58): Illuminate\\Filesystem\\Filesystem->getRequire('C:\\\\OSPanel\\\\home...', Array)
#5 C:\\OSPanel\\home\\guitar_prog1\\vendor\\livewire\\livewire\\src\\Mechanisms\\ExtendBlade\\ExtendedCompilerEngine.php(22): Illuminate\\View\\Engines\\PhpEngine->evaluatePath('C:\\\\OSPanel\\\\home...', Array)
#6 C:\\OSPanel\\home\\guitar_prog1\\vendor\\laravel\\framework\\src\\Illuminate\\View\\Engines\\CompilerEngine.php(75): Livewire\\Mechanisms\\ExtendBlade\\ExtendedCompilerEngine->evaluatePath('C:\\\\OSPanel\\\\home...', Array)
#7 C:\\OSPanel\\home\\guitar_prog1\\vendor\\livewire\\livewire\\src\\Mechanisms\\ExtendBlade\\ExtendedCompilerEngine.php(10): Illuminate\\View\\Engines\\CompilerEngine->get('C:\\\\OSPanel\\\\home...', Array)
#8 C:\\OSPanel\\home\\guitar_prog1\\vendor\\laravel\\framework\\src\\Illuminate\\View\\View.php(209): Livewire\\Mechanisms\\ExtendBlade\\ExtendedCompilerEngine->get('C:\\\\OSPanel\\\\home...', Array)
#9 C:\\OSPanel\\home\\guitar_prog1\\vendor\\laravel\\framework\\src\\Illuminate\\View\\View.php(192): Illuminate\\View\\View->getContents()
#10 C:\\OSPanel\\home\\guitar_prog1\\vendor\\laravel\\framework\\src\\Illuminate\\View\\View.php(161): Illuminate\\View\\View->renderContents()
#11 C:\\OSPanel\\home\\guitar_prog1\\vendor\\laravel\\framework\\src\\Illuminate\\Http\\Response.php(79): Illuminate\\View\\View->render()
#12 C:\\OSPanel\\home\\guitar_prog1\\vendor\\laravel\\framework\\src\\Illuminate\\Http\\Response.php(35): Illuminate\\Http\\Response->setContent(Object(Illuminate\\View\\View))
#13 C:\\OSPanel\\home\\guitar_prog1\\vendor\\laravel\\framework\\src\\Illuminate\\Routing\\Router.php(920): Illuminate\\Http\\Response->__construct(Object(Illuminate\\View\\View), 200, Array)
#14 C:\\OSPanel\\home\\guitar_prog1\\vendor\\laravel\\framework\\src\\Illuminate\\Routing\\Router.php(887): Illuminate\\Routing\\Router::toResponse(Object(Illuminate\\Http\\Request), Object(Illuminate\\View\\View))
#15 C:\\OSPanel\\home\\guitar_prog1\\vendor\\laravel\\framework\\src\\Illuminate\\Routing\\Router.php(807): Illuminate\\Routing\\Router->prepareResponse(Object(Illuminate\\Http\\Request), Object(Illuminate\\View\\View))
#16 C:\\OSPanel\\home\\guitar_prog1\\vendor\\laravel\\framework\\src\\Illuminate\\Pipeline\\Pipeline.php(170): Illuminate\\Routing\\Router->Illuminate\\Routing\\{closure}(Object(Illuminate\\Http\\Request))
#17 C:\\OSPanel\\home\\guitar_prog1\\vendor\\laravel\\framework\\src\\Illuminate\\Routing\\Middleware\\SubstituteBindings.php(51): Illuminate\\Pipeline\\Pipeline->Illuminate\\Pipeline\\{closure}(Object(Illuminate\\Http\\Request))
#18 C:\\OSPanel\\home\\guitar_prog1\\vendor\\laravel\\framework\\src\\Illuminate\\Pipeline\\Pipeline.php(209): Illuminate\\Routing\\Middleware\\SubstituteBindings->handle(Object(Illuminate\\Http\\Request), Object(Closure))
#19 C:\\OSPanel\\home\\guitar_prog1\\vendor\\laravel\\framework\\src\\Illuminate\\Foundation\\Http\\Middleware\\VerifyCsrfToken.php(88): Illuminate\\Pipeline\\Pipeline->Illuminate\\Pipeline\\{closure}(Object(Illuminate\\Http\\Request))
#20 C:\\OSPanel\\home\\guitar_prog1\\vendor\\laravel\\framework\\src\\Illuminate\\Pipeline\\Pipeline.php(209): Illuminate\\Foundation\\Http\\Middleware\\VerifyCsrfToken->handle(Object(Illuminate\\Http\\Request), Object(Closure))
#21 C:\\OSPanel\\home\\guitar_prog1\\vendor\\laravel\\framework\\src\\Illuminate\\View\\Middleware\\ShareErrorsFromSession.php(49): Illuminate\\Pipeline\\Pipeline->Illuminate\\Pipeline\\{closure}(Object(Illuminate\\Http\\Request))
#22 C:\\OSPanel\\home\\guitar_prog1\\vendor\\laravel\\framework\\src\\Illuminate\\Pipeline\\Pipeline.php(209): Illuminate\\View\\Middleware\\ShareErrorsFromSession->handle(Object(Illuminate\\Http\\Request), Object(Closure))
#23 C:\\OSPanel\\home\\guitar_prog1\\vendor\\laravel\\framework\\src\\Illuminate\\Session\\Middleware\\StartSession.php(121): Illuminate\\Pipeline\\Pipeline->Illuminate\\Pipeline\\{closure}(Object(Illuminate\\Http\\Request))
#24 C:\\OSPanel\\home\\guitar_prog1\\vendor\\laravel\\framework\\src\\Illuminate\\Session\\Middleware\\StartSession.php(64): Illuminate\\Session\\Middleware\\StartSession->handleStatefulRequest(Object(Illuminate\\Http\\Request), Object(Illuminate\\Session\\Store), Object(Closure))
#25 C:\\OSPanel\\home\\guitar_prog1\\vendor\\laravel\\framework\\src\\Illuminate\\Pipeline\\Pipeline.php(209): Illuminate\\Session\\Middleware\\StartSession->handle(Object(Illuminate\\Http\\Request), Object(Closure))
#26 C:\\OSPanel\\home\\guitar_prog1\\vendor\\laravel\\framework\\src\\Illuminate\\Cookie\\Middleware\\AddQueuedCookiesToResponse.php(37): Illuminate\\Pipeline\\Pipeline->Illuminate\\Pipeline\\{closure}(Object(Illuminate\\Http\\Request))
#27 C:\\OSPanel\\home\\guitar_prog1\\vendor\\laravel\\framework\\src\\Illuminate\\Pipeline\\Pipeline.php(209): Illuminate\\Cookie\\Middleware\\AddQueuedCookiesToResponse->handle(Object(Illuminate\\Http\\Request), Object(Closure))
#28 C:\\OSPanel\\home\\guitar_prog1\\vendor\\laravel\\framework\\src\\Illuminate\\Cookie\\Middleware\\EncryptCookies.php(75): Illuminate\\Pipeline\\Pipeline->Illuminate\\Pipeline\\{closure}(Object(Illuminate\\Http\\Request))
#29 C:\\OSPanel\\home\\guitar_prog1\\vendor\\laravel\\framework\\src\\Illuminate\\Pipeline\\Pipeline.php(209): Illuminate\\Cookie\\Middleware\\EncryptCookies->handle(Object(Illuminate\\Http\\Request), Object(Closure))
#30 C:\\OSPanel\\home\\guitar_prog1\\vendor\\laravel\\framework\\src\\Illuminate\\Pipeline\\Pipeline.php(127): Illuminate\\Pipeline\\Pipeline->Illuminate\\Pipeline\\{closure}(Object(Illuminate\\Http\\Request))
#31 C:\\OSPanel\\home\\guitar_prog1\\vendor\\laravel\\framework\\src\\Illuminate\\Routing\\Router.php(807): Illuminate\\Pipeline\\Pipeline->then(Object(Closure))
#32 C:\\OSPanel\\home\\guitar_prog1\\vendor\\laravel\\framework\\src\\Illuminate\\Routing\\Router.php(786): Illuminate\\Routing\\Router->runRouteWithinStack(Object(Illuminate\\Routing\\Route), Object(Illuminate\\Http\\Request))
#33 C:\\OSPanel\\home\\guitar_prog1\\vendor\\laravel\\framework\\src\\Illuminate\\Routing\\Router.php(750): Illuminate\\Routing\\Router->runRoute(Object(Illuminate\\Http\\Request), Object(Illuminate\\Routing\\Route))
#34 C:\\OSPanel\\home\\guitar_prog1\\vendor\\laravel\\framework\\src\\Illuminate\\Routing\\Router.php(739): Illuminate\\Routing\\Router->dispatchToRoute(Object(Illuminate\\Http\\Request))
#35 C:\\OSPanel\\home\\guitar_prog1\\vendor\\laravel\\framework\\src\\Illuminate\\Foundation\\Http\\Kernel.php(201): Illuminate\\Routing\\Router->dispatch(Object(Illuminate\\Http\\Request))
#36 C:\\OSPanel\\home\\guitar_prog1\\vendor\\laravel\\framework\\src\\Illuminate\\Pipeline\\Pipeline.php(170): Illuminate\\Foundation\\Http\\Kernel->Illuminate\\Foundation\\Http\\{closure}(Object(Illuminate\\Http\\Request))
#37 C:\\OSPanel\\home\\guitar_prog1\\vendor\\livewire\\livewire\\src\\Features\\SupportDisablingBackButtonCache\\DisableBackButtonCacheMiddleware.php(19): Illuminate\\Pipeline\\Pipeline->Illuminate\\Pipeline\\{closure}(Object(Illuminate\\Http\\Request))
#38 C:\\OSPanel\\home\\guitar_prog1\\vendor\\laravel\\framework\\src\\Illuminate\\Pipeline\\Pipeline.php(209): Livewire\\Features\\SupportDisablingBackButtonCache\\DisableBackButtonCacheMiddleware->handle(Object(Illuminate\\Http\\Request), Object(Closure))
#39 C:\\OSPanel\\home\\guitar_prog1\\vendor\\laravel\\framework\\src\\Illuminate\\Foundation\\Http\\Middleware\\TransformsRequest.php(21): Illuminate\\Pipeline\\Pipeline->Illuminate\\Pipeline\\{closure}(Object(Illuminate\\Http\\Request))
#40 C:\\OSPanel\\home\\guitar_prog1\\vendor\\laravel\\framework\\src\\Illuminate\\Foundation\\Http\\Middleware\\ConvertEmptyStringsToNull.php(31): Illuminate\\Foundation\\Http\\Middleware\\TransformsRequest->handle(Object(Illuminate\\Http\\Request), Object(Closure))
#41 C:\\OSPanel\\home\\guitar_prog1\\vendor\\laravel\\framework\\src\\Illuminate\\Pipeline\\Pipeline.php(209): Illuminate\\Foundation\\Http\\Middleware\\ConvertEmptyStringsToNull->handle(Object(Illuminate\\Http\\Request), Object(Closure))
#42 C:\\OSPanel\\home\\guitar_prog1\\vendor\\laravel\\framework\\src\\Illuminate\\Foundation\\Http\\Middleware\\TransformsRequest.php(21): Illuminate\\Pipeline\\Pipeline->Illuminate\\Pipeline\\{closure}(Object(Illuminate\\Http\\Request))
#43 C:\\OSPanel\\home\\guitar_prog1\\vendor\\laravel\\framework\\src\\Illuminate\\Foundation\\Http\\Middleware\\TrimStrings.php(51): Illuminate\\Foundation\\Http\\Middleware\\TransformsRequest->handle(Object(Illuminate\\Http\\Request), Object(Closure))
#44 C:\\OSPanel\\home\\guitar_prog1\\vendor\\laravel\\framework\\src\\Illuminate\\Pipeline\\Pipeline.php(209): Illuminate\\Foundation\\Http\\Middleware\\TrimStrings->handle(Object(Illuminate\\Http\\Request), Object(Closure))
#45 C:\\OSPanel\\home\\guitar_prog1\\vendor\\laravel\\framework\\src\\Illuminate\\Http\\Middleware\\ValidatePostSize.php(27): Illuminate\\Pipeline\\Pipeline->Illuminate\\Pipeline\\{closure}(Object(Illuminate\\Http\\Request))
#46 C:\\OSPanel\\home\\guitar_prog1\\vendor\\laravel\\framework\\src\\Illuminate\\Pipeline\\Pipeline.php(209): Illuminate\\Http\\Middleware\\ValidatePostSize->handle(Object(Illuminate\\Http\\Request), Object(Closure))
#47 C:\\OSPanel\\home\\guitar_prog1\\vendor\\laravel\\framework\\src\\Illuminate\\Foundation\\Http\\Middleware\\PreventRequestsDuringMaintenance.php(110): Illuminate\\Pipeline\\Pipeline->Illuminate\\Pipeline\\{closure}(Object(Illuminate\\Http\\Request))
#48 C:\\OSPanel\\home\\guitar_prog1\\vendor\\laravel\\framework\\src\\Illuminate\\Pipeline\\Pipeline.php(209): Illuminate\\Foundation\\Http\\Middleware\\PreventRequestsDuringMaintenance->handle(Object(Illuminate\\Http\\Request), Object(Closure))
#49 C:\\OSPanel\\home\\guitar_prog1\\vendor\\laravel\\framework\\src\\Illuminate\\Http\\Middleware\\HandleCors.php(49): Illuminate\\Pipeline\\Pipeline->Illuminate\\Pipeline\\{closure}(Object(Illuminate\\Http\\Request))
#50 C:\\OSPanel\\home\\guitar_prog1\\vendor\\laravel\\framework\\src\\Illuminate\\Pipeline\\Pipeline.php(209): Illuminate\\Http\\Middleware\\HandleCors->handle(Object(Illuminate\\Http\\Request), Object(Closure))
#51 C:\\OSPanel\\home\\guitar_prog1\\vendor\\laravel\\framework\\src\\Illuminate\\Http\\Middleware\\TrustProxies.php(58): Illuminate\\Pipeline\\Pipeline->Illuminate\\Pipeline\\{closure}(Object(Illuminate\\Http\\Request))
#52 C:\\OSPanel\\home\\guitar_prog1\\vendor\\laravel\\framework\\src\\Illuminate\\Pipeline\\Pipeline.php(209): Illuminate\\Http\\Middleware\\TrustProxies->handle(Object(Illuminate\\Http\\Request), Object(Closure))
#53 C:\\OSPanel\\home\\guitar_prog1\\vendor\\laravel\\framework\\src\\Illuminate\\Foundation\\Http\\Middleware\\InvokeDeferredCallbacks.php(22): Illuminate\\Pipeline\\Pipeline->Illuminate\\Pipeline\\{closure}(Object(Illuminate\\Http\\Request))
#54 C:\\OSPanel\\home\\guitar_prog1\\vendor\\laravel\\framework\\src\\Illuminate\\Pipeline\\Pipeline.php(209): Illuminate\\Foundation\\Http\\Middleware\\InvokeDeferredCallbacks->handle(Object(Illuminate\\Http\\Request), Object(Closure))
#55 C:\\OSPanel\\home\\guitar_prog1\\vendor\\laravel\\framework\\src\\Illuminate\\Http\\Middleware\\ValidatePathEncoding.php(26): Illuminate\\Pipeline\\Pipeline->Illuminate\\Pipeline\\{closure}(Object(Illuminate\\Http\\Request))
#56 C:\\OSPanel\\home\\guitar_prog1\\vendor\\laravel\\framework\\src\\Illuminate\\Pipeline\\Pipeline.php(209): Illuminate\\Http\\Middleware\\ValidatePathEncoding->handle(Object(Illuminate\\Http\\Request), Object(Closure))
#57 C:\\OSPanel\\home\\guitar_prog1\\vendor\\laravel\\framework\\src\\Illuminate\\Pipeline\\Pipeline.php(127): Illuminate\\Pipeline\\Pipeline->Illuminate\\Pipeline\\{closure}(Object(Illuminate\\Http\\Request))
#58 C:\\OSPanel\\home\\guitar_prog1\\vendor\\laravel\\framework\\src\\Illuminate\\Foundation\\Http\\Kernel.php(176): Illuminate\\Pipeline\\Pipeline->then(Object(Closure))
#59 C:\\OSPanel\\home\\guitar_prog1\\vendor\\laravel\\framework\\src\\Illuminate\\Foundation\\Http\\Kernel.php(145): Illuminate\\Foundation\\Http\\Kernel->sendRequestThroughRouter(Object(Illuminate\\Http\\Request))
#60 C:\\OSPanel\\home\\guitar_prog1\\vendor\\laravel\\framework\\src\\Illuminate\\Foundation\\Application.php(1220): Illuminate\\Foundation\\Http\\Kernel->handle(Object(Illuminate\\Http\\Request))
#61 C:\\OSPanel\\home\\guitar_prog1\\public\\index.php(20): Illuminate\\Foundation\\Application->handleRequest(Object(Illuminate\\Http\\Request))
#62 C:\\OSPanel\\home\\guitar_prog1\\vendor\\laravel\\framework\\src\\Illuminate\\Foundation\\resources\\server.php(23): require_once('C:\\\\OSPanel\\\\home...')
#63 {main}
"} 
[2025-05-02 10:40:27] local.ERROR: Missing required parameter for [Route: cart.store] [URI: cart/{product}] [Missing parameter: product]. (View: C:\OSPanel\home\guitar_prog1\resources\views\welcome.blade.php) {"userId":4,"exception":"[object] (Illuminate\\View\\ViewException(code: 0): Missing required parameter for [Route: cart.store] [URI: cart/{product}] [Missing parameter: product]. (View: C:\\OSPanel\\home\\guitar_prog1\\resources\\views\\welcome.blade.php) at C:\\OSPanel\\home\\guitar_prog1\\vendor\\laravel\\framework\\src\\Illuminate\\Routing\\Exceptions\\UrlGenerationException.php:35)
[stacktrace]
#0 C:\\OSPanel\\home\\guitar_prog1\\vendor\\livewire\\livewire\\src\\Mechanisms\\ExtendBlade\\ExtendedCompilerEngine.php(58): Illuminate\\View\\Engines\\CompilerEngine->handleViewException(Object(Illuminate\\Routing\\Exceptions\\UrlGenerationException), 1)
#1 C:\\OSPanel\\home\\guitar_prog1\\vendor\\laravel\\framework\\src\\Illuminate\\View\\Engines\\PhpEngine.php(60): Livewire\\Mechanisms\\ExtendBlade\\ExtendedCompilerEngine->handleViewException(Object(Illuminate\\Routing\\Exceptions\\UrlGenerationException), 1)
#2 C:\\OSPanel\\home\\guitar_prog1\\vendor\\livewire\\livewire\\src\\Mechanisms\\ExtendBlade\\ExtendedCompilerEngine.php(22): Illuminate\\View\\Engines\\PhpEngine->evaluatePath('C:\\\\OSPanel\\\\home...', Array)
#3 C:\\OSPanel\\home\\guitar_prog1\\vendor\\laravel\\framework\\src\\Illuminate\\View\\Engines\\CompilerEngine.php(75): Livewire\\Mechanisms\\ExtendBlade\\ExtendedCompilerEngine->evaluatePath('C:\\\\OSPanel\\\\home...', Array)
#4 C:\\OSPanel\\home\\guitar_prog1\\vendor\\livewire\\livewire\\src\\Mechanisms\\ExtendBlade\\ExtendedCompilerEngine.php(10): Illuminate\\View\\Engines\\CompilerEngine->get('C:\\\\OSPanel\\\\home...', Array)
#5 C:\\OSPanel\\home\\guitar_prog1\\vendor\\laravel\\framework\\src\\Illuminate\\View\\View.php(209): Livewire\\Mechanisms\\ExtendBlade\\ExtendedCompilerEngine->get('C:\\\\OSPanel\\\\home...', Array)
#6 C:\\OSPanel\\home\\guitar_prog1\\vendor\\laravel\\framework\\src\\Illuminate\\View\\View.php(192): Illuminate\\View\\View->getContents()
#7 C:\\OSPanel\\home\\guitar_prog1\\vendor\\laravel\\framework\\src\\Illuminate\\View\\View.php(161): Illuminate\\View\\View->renderContents()
#8 C:\\OSPanel\\home\\guitar_prog1\\vendor\\laravel\\framework\\src\\Illuminate\\Http\\Response.php(79): Illuminate\\View\\View->render()
#9 C:\\OSPanel\\home\\guitar_prog1\\vendor\\laravel\\framework\\src\\Illuminate\\Http\\Response.php(35): Illuminate\\Http\\Response->setContent(Object(Illuminate\\View\\View))
#10 C:\\OSPanel\\home\\guitar_prog1\\vendor\\laravel\\framework\\src\\Illuminate\\Routing\\Router.php(920): Illuminate\\Http\\Response->__construct(Object(Illuminate\\View\\View), 200, Array)
#11 C:\\OSPanel\\home\\guitar_prog1\\vendor\\laravel\\framework\\src\\Illuminate\\Routing\\Router.php(887): Illuminate\\Routing\\Router::toResponse(Object(Illuminate\\Http\\Request), Object(Illuminate\\View\\View))
#12 C:\\OSPanel\\home\\guitar_prog1\\vendor\\laravel\\framework\\src\\Illuminate\\Routing\\Router.php(807): Illuminate\\Routing\\Router->prepareResponse(Object(Illuminate\\Http\\Request), Object(Illuminate\\View\\View))
#13 C:\\OSPanel\\home\\guitar_prog1\\vendor\\laravel\\framework\\src\\Illuminate\\Pipeline\\Pipeline.php(170): Illuminate\\Routing\\Router->Illuminate\\Routing\\{closure}(Object(Illuminate\\Http\\Request))
#14 C:\\OSPanel\\home\\guitar_prog1\\vendor\\laravel\\framework\\src\\Illuminate\\Routing\\Middleware\\SubstituteBindings.php(51): Illuminate\\Pipeline\\Pipeline->Illuminate\\Pipeline\\{closure}(Object(Illuminate\\Http\\Request))
#15 C:\\OSPanel\\home\\guitar_prog1\\vendor\\laravel\\framework\\src\\Illuminate\\Pipeline\\Pipeline.php(209): Illuminate\\Routing\\Middleware\\SubstituteBindings->handle(Object(Illuminate\\Http\\Request), Object(Closure))
#16 C:\\OSPanel\\home\\guitar_prog1\\vendor\\laravel\\framework\\src\\Illuminate\\Foundation\\Http\\Middleware\\VerifyCsrfToken.php(88): Illuminate\\Pipeline\\Pipeline->Illuminate\\Pipeline\\{closure}(Object(Illuminate\\Http\\Request))
#17 C:\\OSPanel\\home\\guitar_prog1\\vendor\\laravel\\framework\\src\\Illuminate\\Pipeline\\Pipeline.php(209): Illuminate\\Foundation\\Http\\Middleware\\VerifyCsrfToken->handle(Object(Illuminate\\Http\\Request), Object(Closure))
#18 C:\\OSPanel\\home\\guitar_prog1\\vendor\\laravel\\framework\\src\\Illuminate\\View\\Middleware\\ShareErrorsFromSession.php(49): Illuminate\\Pipeline\\Pipeline->Illuminate\\Pipeline\\{closure}(Object(Illuminate\\Http\\Request))
#19 C:\\OSPanel\\home\\guitar_prog1\\vendor\\laravel\\framework\\src\\Illuminate\\Pipeline\\Pipeline.php(209): Illuminate\\View\\Middleware\\ShareErrorsFromSession->handle(Object(Illuminate\\Http\\Request), Object(Closure))
#20 C:\\OSPanel\\home\\guitar_prog1\\vendor\\laravel\\framework\\src\\Illuminate\\Session\\Middleware\\StartSession.php(121): Illuminate\\Pipeline\\Pipeline->Illuminate\\Pipeline\\{closure}(Object(Illuminate\\Http\\Request))
#21 C:\\OSPanel\\home\\guitar_prog1\\vendor\\laravel\\framework\\src\\Illuminate\\Session\\Middleware\\StartSession.php(64): Illuminate\\Session\\Middleware\\StartSession->handleStatefulRequest(Object(Illuminate\\Http\\Request), Object(Illuminate\\Session\\Store), Object(Closure))
#22 C:\\OSPanel\\home\\guitar_prog1\\vendor\\laravel\\framework\\src\\Illuminate\\Pipeline\\Pipeline.php(209): Illuminate\\Session\\Middleware\\StartSession->handle(Object(Illuminate\\Http\\Request), Object(Closure))
#23 C:\\OSPanel\\home\\guitar_prog1\\vendor\\laravel\\framework\\src\\Illuminate\\Cookie\\Middleware\\AddQueuedCookiesToResponse.php(37): Illuminate\\Pipeline\\Pipeline->Illuminate\\Pipeline\\{closure}(Object(Illuminate\\Http\\Request))
#24 C:\\OSPanel\\home\\guitar_prog1\\vendor\\laravel\\framework\\src\\Illuminate\\Pipeline\\Pipeline.php(209): Illuminate\\Cookie\\Middleware\\AddQueuedCookiesToResponse->handle(Object(Illuminate\\Http\\Request), Object(Closure))
#25 C:\\OSPanel\\home\\guitar_prog1\\vendor\\laravel\\framework\\src\\Illuminate\\Cookie\\Middleware\\EncryptCookies.php(75): Illuminate\\Pipeline\\Pipeline->Illuminate\\Pipeline\\{closure}(Object(Illuminate\\Http\\Request))
#26 C:\\OSPanel\\home\\guitar_prog1\\vendor\\laravel\\framework\\src\\Illuminate\\Pipeline\\Pipeline.php(209): Illuminate\\Cookie\\Middleware\\EncryptCookies->handle(Object(Illuminate\\Http\\Request), Object(Closure))
#27 C:\\OSPanel\\home\\guitar_prog1\\vendor\\laravel\\framework\\src\\Illuminate\\Pipeline\\Pipeline.php(127): Illuminate\\Pipeline\\Pipeline->Illuminate\\Pipeline\\{closure}(Object(Illuminate\\Http\\Request))
#28 C:\\OSPanel\\home\\guitar_prog1\\vendor\\laravel\\framework\\src\\Illuminate\\Routing\\Router.php(807): Illuminate\\Pipeline\\Pipeline->then(Object(Closure))
#29 C:\\OSPanel\\home\\guitar_prog1\\vendor\\laravel\\framework\\src\\Illuminate\\Routing\\Router.php(786): Illuminate\\Routing\\Router->runRouteWithinStack(Object(Illuminate\\Routing\\Route), Object(Illuminate\\Http\\Request))
#30 C:\\OSPanel\\home\\guitar_prog1\\vendor\\laravel\\framework\\src\\Illuminate\\Routing\\Router.php(750): Illuminate\\Routing\\Router->runRoute(Object(Illuminate\\Http\\Request), Object(Illuminate\\Routing\\Route))
#31 C:\\OSPanel\\home\\guitar_prog1\\vendor\\laravel\\framework\\src\\Illuminate\\Routing\\Router.php(739): Illuminate\\Routing\\Router->dispatchToRoute(Object(Illuminate\\Http\\Request))
#32 C:\\OSPanel\\home\\guitar_prog1\\vendor\\laravel\\framework\\src\\Illuminate\\Foundation\\Http\\Kernel.php(201): Illuminate\\Routing\\Router->dispatch(Object(Illuminate\\Http\\Request))
#33 C:\\OSPanel\\home\\guitar_prog1\\vendor\\laravel\\framework\\src\\Illuminate\\Pipeline\\Pipeline.php(170): Illuminate\\Foundation\\Http\\Kernel->Illuminate\\Foundation\\Http\\{closure}(Object(Illuminate\\Http\\Request))
#34 C:\\OSPanel\\home\\guitar_prog1\\vendor\\livewire\\livewire\\src\\Features\\SupportDisablingBackButtonCache\\DisableBackButtonCacheMiddleware.php(19): Illuminate\\Pipeline\\Pipeline->Illuminate\\Pipeline\\{closure}(Object(Illuminate\\Http\\Request))
#35 C:\\OSPanel\\home\\guitar_prog1\\vendor\\laravel\\framework\\src\\Illuminate\\Pipeline\\Pipeline.php(209): Livewire\\Features\\SupportDisablingBackButtonCache\\DisableBackButtonCacheMiddleware->handle(Object(Illuminate\\Http\\Request), Object(Closure))
#36 C:\\OSPanel\\home\\guitar_prog1\\vendor\\laravel\\framework\\src\\Illuminate\\Foundation\\Http\\Middleware\\TransformsRequest.php(21): Illuminate\\Pipeline\\Pipeline->Illuminate\\Pipeline\\{closure}(Object(Illuminate\\Http\\Request))
#37 C:\\OSPanel\\home\\guitar_prog1\\vendor\\laravel\\framework\\src\\Illuminate\\Foundation\\Http\\Middleware\\ConvertEmptyStringsToNull.php(31): Illuminate\\Foundation\\Http\\Middleware\\TransformsRequest->handle(Object(Illuminate\\Http\\Request), Object(Closure))
#38 C:\\OSPanel\\home\\guitar_prog1\\vendor\\laravel\\framework\\src\\Illuminate\\Pipeline\\Pipeline.php(209): Illuminate\\Foundation\\Http\\Middleware\\ConvertEmptyStringsToNull->handle(Object(Illuminate\\Http\\Request), Object(Closure))
#39 C:\\OSPanel\\home\\guitar_prog1\\vendor\\laravel\\framework\\src\\Illuminate\\Foundation\\Http\\Middleware\\TransformsRequest.php(21): Illuminate\\Pipeline\\Pipeline->Illuminate\\Pipeline\\{closure}(Object(Illuminate\\Http\\Request))
#40 C:\\OSPanel\\home\\guitar_prog1\\vendor\\laravel\\framework\\src\\Illuminate\\Foundation\\Http\\Middleware\\TrimStrings.php(51): Illuminate\\Foundation\\Http\\Middleware\\TransformsRequest->handle(Object(Illuminate\\Http\\Request), Object(Closure))
#41 C:\\OSPanel\\home\\guitar_prog1\\vendor\\laravel\\framework\\src\\Illuminate\\Pipeline\\Pipeline.php(209): Illuminate\\Foundation\\Http\\Middleware\\TrimStrings->handle(Object(Illuminate\\Http\\Request), Object(Closure))
#42 C:\\OSPanel\\home\\guitar_prog1\\vendor\\laravel\\framework\\src\\Illuminate\\Http\\Middleware\\ValidatePostSize.php(27): Illuminate\\Pipeline\\Pipeline->Illuminate\\Pipeline\\{closure}(Object(Illuminate\\Http\\Request))
#43 C:\\OSPanel\\home\\guitar_prog1\\vendor\\laravel\\framework\\src\\Illuminate\\Pipeline\\Pipeline.php(209): Illuminate\\Http\\Middleware\\ValidatePostSize->handle(Object(Illuminate\\Http\\Request), Object(Closure))
#44 C:\\OSPanel\\home\\guitar_prog1\\vendor\\laravel\\framework\\src\\Illuminate\\Foundation\\Http\\Middleware\\PreventRequestsDuringMaintenance.php(110): Illuminate\\Pipeline\\Pipeline->Illuminate\\Pipeline\\{closure}(Object(Illuminate\\Http\\Request))
#45 C:\\OSPanel\\home\\guitar_prog1\\vendor\\laravel\\framework\\src\\Illuminate\\Pipeline\\Pipeline.php(209): Illuminate\\Foundation\\Http\\Middleware\\PreventRequestsDuringMaintenance->handle(Object(Illuminate\\Http\\Request), Object(Closure))
#46 C:\\OSPanel\\home\\guitar_prog1\\vendor\\laravel\\framework\\src\\Illuminate\\Http\\Middleware\\HandleCors.php(49): Illuminate\\Pipeline\\Pipeline->Illuminate\\Pipeline\\{closure}(Object(Illuminate\\Http\\Request))
#47 C:\\OSPanel\\home\\guitar_prog1\\vendor\\laravel\\framework\\src\\Illuminate\\Pipeline\\Pipeline.php(209): Illuminate\\Http\\Middleware\\HandleCors->handle(Object(Illuminate\\Http\\Request), Object(Closure))
#48 C:\\OSPanel\\home\\guitar_prog1\\vendor\\laravel\\framework\\src\\Illuminate\\Http\\Middleware\\TrustProxies.php(58): Illuminate\\Pipeline\\Pipeline->Illuminate\\Pipeline\\{closure}(Object(Illuminate\\Http\\Request))
#49 C:\\OSPanel\\home\\guitar_prog1\\vendor\\laravel\\framework\\src\\Illuminate\\Pipeline\\Pipeline.php(209): Illuminate\\Http\\Middleware\\TrustProxies->handle(Object(Illuminate\\Http\\Request), Object(Closure))
#50 C:\\OSPanel\\home\\guitar_prog1\\vendor\\laravel\\framework\\src\\Illuminate\\Foundation\\Http\\Middleware\\InvokeDeferredCallbacks.php(22): Illuminate\\Pipeline\\Pipeline->Illuminate\\Pipeline\\{closure}(Object(Illuminate\\Http\\Request))
#51 C:\\OSPanel\\home\\guitar_prog1\\vendor\\laravel\\framework\\src\\Illuminate\\Pipeline\\Pipeline.php(209): Illuminate\\Foundation\\Http\\Middleware\\InvokeDeferredCallbacks->handle(Object(Illuminate\\Http\\Request), Object(Closure))
#52 C:\\OSPanel\\home\\guitar_prog1\\vendor\\laravel\\framework\\src\\Illuminate\\Http\\Middleware\\ValidatePathEncoding.php(26): Illuminate\\Pipeline\\Pipeline->Illuminate\\Pipeline\\{closure}(Object(Illuminate\\Http\\Request))
#53 C:\\OSPanel\\home\\guitar_prog1\\vendor\\laravel\\framework\\src\\Illuminate\\Pipeline\\Pipeline.php(209): Illuminate\\Http\\Middleware\\ValidatePathEncoding->handle(Object(Illuminate\\Http\\Request), Object(Closure))
#54 C:\\OSPanel\\home\\guitar_prog1\\vendor\\laravel\\framework\\src\\Illuminate\\Pipeline\\Pipeline.php(127): Illuminate\\Pipeline\\Pipeline->Illuminate\\Pipeline\\{closure}(Object(Illuminate\\Http\\Request))
#55 C:\\OSPanel\\home\\guitar_prog1\\vendor\\laravel\\framework\\src\\Illuminate\\Foundation\\Http\\Kernel.php(176): Illuminate\\Pipeline\\Pipeline->then(Object(Closure))
#56 C:\\OSPanel\\home\\guitar_prog1\\vendor\\laravel\\framework\\src\\Illuminate\\Foundation\\Http\\Kernel.php(145): Illuminate\\Foundation\\Http\\Kernel->sendRequestThroughRouter(Object(Illuminate\\Http\\Request))
#57 C:\\OSPanel\\home\\guitar_prog1\\vendor\\laravel\\framework\\src\\Illuminate\\Foundation\\Application.php(1220): Illuminate\\Foundation\\Http\\Kernel->handle(Object(Illuminate\\Http\\Request))
#58 C:\\OSPanel\\home\\guitar_prog1\\public\\index.php(20): Illuminate\\Foundation\\Application->handleRequest(Object(Illuminate\\Http\\Request))
#59 C:\\OSPanel\\home\\guitar_prog1\\vendor\\laravel\\framework\\src\\Illuminate\\Foundation\\resources\\server.php(23): require_once('C:\\\\OSPanel\\\\home...')
#60 {main}

[previous exception] [object] (Illuminate\\Routing\\Exceptions\\UrlGenerationException(code: 0): Missing required parameter for [Route: cart.store] [URI: cart/{product}] [Missing parameter: product]. at C:\\OSPanel\\home\\guitar_prog1\\vendor\\laravel\\framework\\src\\Illuminate\\Routing\\Exceptions\\UrlGenerationException.php:35)
[stacktrace]
#0 C:\\OSPanel\\home\\guitar_prog1\\vendor\\laravel\\framework\\src\\Illuminate\\Routing\\RouteUrlGenerator.php(90): Illuminate\\Routing\\Exceptions\\UrlGenerationException::forMissingParameters(Object(Illuminate\\Routing\\Route), Array)
#1 C:\\OSPanel\\home\\guitar_prog1\\vendor\\laravel\\framework\\src\\Illuminate\\Routing\\UrlGenerator.php(554): Illuminate\\Routing\\RouteUrlGenerator->to(Object(Illuminate\\Routing\\Route), Array, true)
#2 C:\\OSPanel\\home\\guitar_prog1\\vendor\\laravel\\framework\\src\\Illuminate\\Routing\\UrlGenerator.php(519): Illuminate\\Routing\\UrlGenerator->toRoute(Object(Illuminate\\Routing\\Route), Array, true)
#3 C:\\OSPanel\\home\\guitar_prog1\\vendor\\laravel\\framework\\src\\Illuminate\\Foundation\\helpers.php(853): Illuminate\\Routing\\UrlGenerator->route('cart.store', Array, true)
#4 C:\\OSPanel\\home\\guitar_prog1\\storage\\framework\\views\\61543a1246391995a0b5f2a12db790f4.php(228): route('cart.store')
#5 C:\\OSPanel\\home\\guitar_prog1\\vendor\\laravel\\framework\\src\\Illuminate\\Filesystem\\Filesystem.php(123): require('C:\\\\OSPanel\\\\home...')
#6 C:\\OSPanel\\home\\guitar_prog1\\vendor\\laravel\\framework\\src\\Illuminate\\Filesystem\\Filesystem.php(124): Illuminate\\Filesystem\\Filesystem::Illuminate\\Filesystem\\{closure}()
#7 C:\\OSPanel\\home\\guitar_prog1\\vendor\\laravel\\framework\\src\\Illuminate\\View\\Engines\\PhpEngine.php(58): Illuminate\\Filesystem\\Filesystem->getRequire('C:\\\\OSPanel\\\\home...', Array)
#8 C:\\OSPanel\\home\\guitar_prog1\\vendor\\livewire\\livewire\\src\\Mechanisms\\ExtendBlade\\ExtendedCompilerEngine.php(22): Illuminate\\View\\Engines\\PhpEngine->evaluatePath('C:\\\\OSPanel\\\\home...', Array)
#9 C:\\OSPanel\\home\\guitar_prog1\\vendor\\laravel\\framework\\src\\Illuminate\\View\\Engines\\CompilerEngine.php(75): Livewire\\Mechanisms\\ExtendBlade\\ExtendedCompilerEngine->evaluatePath('C:\\\\OSPanel\\\\home...', Array)
#10 C:\\OSPanel\\home\\guitar_prog1\\vendor\\livewire\\livewire\\src\\Mechanisms\\ExtendBlade\\ExtendedCompilerEngine.php(10): Illuminate\\View\\Engines\\CompilerEngine->get('C:\\\\OSPanel\\\\home...', Array)
#11 C:\\OSPanel\\home\\guitar_prog1\\vendor\\laravel\\framework\\src\\Illuminate\\View\\View.php(209): Livewire\\Mechanisms\\ExtendBlade\\ExtendedCompilerEngine->get('C:\\\\OSPanel\\\\home...', Array)
#12 C:\\OSPanel\\home\\guitar_prog1\\vendor\\laravel\\framework\\src\\Illuminate\\View\\View.php(192): Illuminate\\View\\View->getContents()
#13 C:\\OSPanel\\home\\guitar_prog1\\vendor\\laravel\\framework\\src\\Illuminate\\View\\View.php(161): Illuminate\\View\\View->renderContents()
#14 C:\\OSPanel\\home\\guitar_prog1\\vendor\\laravel\\framework\\src\\Illuminate\\Http\\Response.php(79): Illuminate\\View\\View->render()
#15 C:\\OSPanel\\home\\guitar_prog1\\vendor\\laravel\\framework\\src\\Illuminate\\Http\\Response.php(35): Illuminate\\Http\\Response->setContent(Object(Illuminate\\View\\View))
#16 C:\\OSPanel\\home\\guitar_prog1\\vendor\\laravel\\framework\\src\\Illuminate\\Routing\\Router.php(920): Illuminate\\Http\\Response->__construct(Object(Illuminate\\View\\View), 200, Array)
#17 C:\\OSPanel\\home\\guitar_prog1\\vendor\\laravel\\framework\\src\\Illuminate\\Routing\\Router.php(887): Illuminate\\Routing\\Router::toResponse(Object(Illuminate\\Http\\Request), Object(Illuminate\\View\\View))
#18 C:\\OSPanel\\home\\guitar_prog1\\vendor\\laravel\\framework\\src\\Illuminate\\Routing\\Router.php(807): Illuminate\\Routing\\Router->prepareResponse(Object(Illuminate\\Http\\Request), Object(Illuminate\\View\\View))
#19 C:\\OSPanel\\home\\guitar_prog1\\vendor\\laravel\\framework\\src\\Illuminate\\Pipeline\\Pipeline.php(170): Illuminate\\Routing\\Router->Illuminate\\Routing\\{closure}(Object(Illuminate\\Http\\Request))
#20 C:\\OSPanel\\home\\guitar_prog1\\vendor\\laravel\\framework\\src\\Illuminate\\Routing\\Middleware\\SubstituteBindings.php(51): Illuminate\\Pipeline\\Pipeline->Illuminate\\Pipeline\\{closure}(Object(Illuminate\\Http\\Request))
#21 C:\\OSPanel\\home\\guitar_prog1\\vendor\\laravel\\framework\\src\\Illuminate\\Pipeline\\Pipeline.php(209): Illuminate\\Routing\\Middleware\\SubstituteBindings->handle(Object(Illuminate\\Http\\Request), Object(Closure))
#22 C:\\OSPanel\\home\\guitar_prog1\\vendor\\laravel\\framework\\src\\Illuminate\\Foundation\\Http\\Middleware\\VerifyCsrfToken.php(88): Illuminate\\Pipeline\\Pipeline->Illuminate\\Pipeline\\{closure}(Object(Illuminate\\Http\\Request))
#23 C:\\OSPanel\\home\\guitar_prog1\\vendor\\laravel\\framework\\src\\Illuminate\\Pipeline\\Pipeline.php(209): Illuminate\\Foundation\\Http\\Middleware\\VerifyCsrfToken->handle(Object(Illuminate\\Http\\Request), Object(Closure))
#24 C:\\OSPanel\\home\\guitar_prog1\\vendor\\laravel\\framework\\src\\Illuminate\\View\\Middleware\\ShareErrorsFromSession.php(49): Illuminate\\Pipeline\\Pipeline->Illuminate\\Pipeline\\{closure}(Object(Illuminate\\Http\\Request))
#25 C:\\OSPanel\\home\\guitar_prog1\\vendor\\laravel\\framework\\src\\Illuminate\\Pipeline\\Pipeline.php(209): Illuminate\\View\\Middleware\\ShareErrorsFromSession->handle(Object(Illuminate\\Http\\Request), Object(Closure))
#26 C:\\OSPanel\\home\\guitar_prog1\\vendor\\laravel\\framework\\src\\Illuminate\\Session\\Middleware\\StartSession.php(121): Illuminate\\Pipeline\\Pipeline->Illuminate\\Pipeline\\{closure}(Object(Illuminate\\Http\\Request))
#27 C:\\OSPanel\\home\\guitar_prog1\\vendor\\laravel\\framework\\src\\Illuminate\\Session\\Middleware\\StartSession.php(64): Illuminate\\Session\\Middleware\\StartSession->handleStatefulRequest(Object(Illuminate\\Http\\Request), Object(Illuminate\\Session\\Store), Object(Closure))
#28 C:\\OSPanel\\home\\guitar_prog1\\vendor\\laravel\\framework\\src\\Illuminate\\Pipeline\\Pipeline.php(209): Illuminate\\Session\\Middleware\\StartSession->handle(Object(Illuminate\\Http\\Request), Object(Closure))
#29 C:\\OSPanel\\home\\guitar_prog1\\vendor\\laravel\\framework\\src\\Illuminate\\Cookie\\Middleware\\AddQueuedCookiesToResponse.php(37): Illuminate\\Pipeline\\Pipeline->Illuminate\\Pipeline\\{closure}(Object(Illuminate\\Http\\Request))
#30 C:\\OSPanel\\home\\guitar_prog1\\vendor\\laravel\\framework\\src\\Illuminate\\Pipeline\\Pipeline.php(209): Illuminate\\Cookie\\Middleware\\AddQueuedCookiesToResponse->handle(Object(Illuminate\\Http\\Request), Object(Closure))
#31 C:\\OSPanel\\home\\guitar_prog1\\vendor\\laravel\\framework\\src\\Illuminate\\Cookie\\Middleware\\EncryptCookies.php(75): Illuminate\\Pipeline\\Pipeline->Illuminate\\Pipeline\\{closure}(Object(Illuminate\\Http\\Request))
#32 C:\\OSPanel\\home\\guitar_prog1\\vendor\\laravel\\framework\\src\\Illuminate\\Pipeline\\Pipeline.php(209): Illuminate\\Cookie\\Middleware\\EncryptCookies->handle(Object(Illuminate\\Http\\Request), Object(Closure))
#33 C:\\OSPanel\\home\\guitar_prog1\\vendor\\laravel\\framework\\src\\Illuminate\\Pipeline\\Pipeline.php(127): Illuminate\\Pipeline\\Pipeline->Illuminate\\Pipeline\\{closure}(Object(Illuminate\\Http\\Request))
#34 C:\\OSPanel\\home\\guitar_prog1\\vendor\\laravel\\framework\\src\\Illuminate\\Routing\\Router.php(807): Illuminate\\Pipeline\\Pipeline->then(Object(Closure))
#35 C:\\OSPanel\\home\\guitar_prog1\\vendor\\laravel\\framework\\src\\Illuminate\\Routing\\Router.php(786): Illuminate\\Routing\\Router->runRouteWithinStack(Object(Illuminate\\Routing\\Route), Object(Illuminate\\Http\\Request))
#36 C:\\OSPanel\\home\\guitar_prog1\\vendor\\laravel\\framework\\src\\Illuminate\\Routing\\Router.php(750): Illuminate\\Routing\\Router->runRoute(Object(Illuminate\\Http\\Request), Object(Illuminate\\Routing\\Route))
#37 C:\\OSPanel\\home\\guitar_prog1\\vendor\\laravel\\framework\\src\\Illuminate\\Routing\\Router.php(739): Illuminate\\Routing\\Router->dispatchToRoute(Object(Illuminate\\Http\\Request))
#38 C:\\OSPanel\\home\\guitar_prog1\\vendor\\laravel\\framework\\src\\Illuminate\\Foundation\\Http\\Kernel.php(201): Illuminate\\Routing\\Router->dispatch(Object(Illuminate\\Http\\Request))
#39 C:\\OSPanel\\home\\guitar_prog1\\vendor\\laravel\\framework\\src\\Illuminate\\Pipeline\\Pipeline.php(170): Illuminate\\Foundation\\Http\\Kernel->Illuminate\\Foundation\\Http\\{closure}(Object(Illuminate\\Http\\Request))
#40 C:\\OSPanel\\home\\guitar_prog1\\vendor\\livewire\\livewire\\src\\Features\\SupportDisablingBackButtonCache\\DisableBackButtonCacheMiddleware.php(19): Illuminate\\Pipeline\\Pipeline->Illuminate\\Pipeline\\{closure}(Object(Illuminate\\Http\\Request))
#41 C:\\OSPanel\\home\\guitar_prog1\\vendor\\laravel\\framework\\src\\Illuminate\\Pipeline\\Pipeline.php(209): Livewire\\Features\\SupportDisablingBackButtonCache\\DisableBackButtonCacheMiddleware->handle(Object(Illuminate\\Http\\Request), Object(Closure))
#42 C:\\OSPanel\\home\\guitar_prog1\\vendor\\laravel\\framework\\src\\Illuminate\\Foundation\\Http\\Middleware\\TransformsRequest.php(21): Illuminate\\Pipeline\\Pipeline->Illuminate\\Pipeline\\{closure}(Object(Illuminate\\Http\\Request))
#43 C:\\OSPanel\\home\\guitar_prog1\\vendor\\laravel\\framework\\src\\Illuminate\\Foundation\\Http\\Middleware\\ConvertEmptyStringsToNull.php(31): Illuminate\\Foundation\\Http\\Middleware\\TransformsRequest->handle(Object(Illuminate\\Http\\Request), Object(Closure))
#44 C:\\OSPanel\\home\\guitar_prog1\\vendor\\laravel\\framework\\src\\Illuminate\\Pipeline\\Pipeline.php(209): Illuminate\\Foundation\\Http\\Middleware\\ConvertEmptyStringsToNull->handle(Object(Illuminate\\Http\\Request), Object(Closure))
#45 C:\\OSPanel\\home\\guitar_prog1\\vendor\\laravel\\framework\\src\\Illuminate\\Foundation\\Http\\Middleware\\TransformsRequest.php(21): Illuminate\\Pipeline\\Pipeline->Illuminate\\Pipeline\\{closure}(Object(Illuminate\\Http\\Request))
#46 C:\\OSPanel\\home\\guitar_prog1\\vendor\\laravel\\framework\\src\\Illuminate\\Foundation\\Http\\Middleware\\TrimStrings.php(51): Illuminate\\Foundation\\Http\\Middleware\\TransformsRequest->handle(Object(Illuminate\\Http\\Request), Object(Closure))
#47 C:\\OSPanel\\home\\guitar_prog1\\vendor\\laravel\\framework\\src\\Illuminate\\Pipeline\\Pipeline.php(209): Illuminate\\Foundation\\Http\\Middleware\\TrimStrings->handle(Object(Illuminate\\Http\\Request), Object(Closure))
#48 C:\\OSPanel\\home\\guitar_prog1\\vendor\\laravel\\framework\\src\\Illuminate\\Http\\Middleware\\ValidatePostSize.php(27): Illuminate\\Pipeline\\Pipeline->Illuminate\\Pipeline\\{closure}(Object(Illuminate\\Http\\Request))
#49 C:\\OSPanel\\home\\guitar_prog1\\vendor\\laravel\\framework\\src\\Illuminate\\Pipeline\\Pipeline.php(209): Illuminate\\Http\\Middleware\\ValidatePostSize->handle(Object(Illuminate\\Http\\Request), Object(Closure))
#50 C:\\OSPanel\\home\\guitar_prog1\\vendor\\laravel\\framework\\src\\Illuminate\\Foundation\\Http\\Middleware\\PreventRequestsDuringMaintenance.php(110): Illuminate\\Pipeline\\Pipeline->Illuminate\\Pipeline\\{closure}(Object(Illuminate\\Http\\Request))
#51 C:\\OSPanel\\home\\guitar_prog1\\vendor\\laravel\\framework\\src\\Illuminate\\Pipeline\\Pipeline.php(209): Illuminate\\Foundation\\Http\\Middleware\\PreventRequestsDuringMaintenance->handle(Object(Illuminate\\Http\\Request), Object(Closure))
#52 C:\\OSPanel\\home\\guitar_prog1\\vendor\\laravel\\framework\\src\\Illuminate\\Http\\Middleware\\HandleCors.php(49): Illuminate\\Pipeline\\Pipeline->Illuminate\\Pipeline\\{closure}(Object(Illuminate\\Http\\Request))
#53 C:\\OSPanel\\home\\guitar_prog1\\vendor\\laravel\\framework\\src\\Illuminate\\Pipeline\\Pipeline.php(209): Illuminate\\Http\\Middleware\\HandleCors->handle(Object(Illuminate\\Http\\Request), Object(Closure))
#54 C:\\OSPanel\\home\\guitar_prog1\\vendor\\laravel\\framework\\src\\Illuminate\\Http\\Middleware\\TrustProxies.php(58): Illuminate\\Pipeline\\Pipeline->Illuminate\\Pipeline\\{closure}(Object(Illuminate\\Http\\Request))
#55 C:\\OSPanel\\home\\guitar_prog1\\vendor\\laravel\\framework\\src\\Illuminate\\Pipeline\\Pipeline.php(209): Illuminate\\Http\\Middleware\\TrustProxies->handle(Object(Illuminate\\Http\\Request), Object(Closure))
#56 C:\\OSPanel\\home\\guitar_prog1\\vendor\\laravel\\framework\\src\\Illuminate\\Foundation\\Http\\Middleware\\InvokeDeferredCallbacks.php(22): Illuminate\\Pipeline\\Pipeline->Illuminate\\Pipeline\\{closure}(Object(Illuminate\\Http\\Request))
#57 C:\\OSPanel\\home\\guitar_prog1\\vendor\\laravel\\framework\\src\\Illuminate\\Pipeline\\Pipeline.php(209): Illuminate\\Foundation\\Http\\Middleware\\InvokeDeferredCallbacks->handle(Object(Illuminate\\Http\\Request), Object(Closure))
#58 C:\\OSPanel\\home\\guitar_prog1\\vendor\\laravel\\framework\\src\\Illuminate\\Http\\Middleware\\ValidatePathEncoding.php(26): Illuminate\\Pipeline\\Pipeline->Illuminate\\Pipeline\\{closure}(Object(Illuminate\\Http\\Request))
#59 C:\\OSPanel\\home\\guitar_prog1\\vendor\\laravel\\framework\\src\\Illuminate\\Pipeline\\Pipeline.php(209): Illuminate\\Http\\Middleware\\ValidatePathEncoding->handle(Object(Illuminate\\Http\\Request), Object(Closure))
#60 C:\\OSPanel\\home\\guitar_prog1\\vendor\\laravel\\framework\\src\\Illuminate\\Pipeline\\Pipeline.php(127): Illuminate\\Pipeline\\Pipeline->Illuminate\\Pipeline\\{closure}(Object(Illuminate\\Http\\Request))
#61 C:\\OSPanel\\home\\guitar_prog1\\vendor\\laravel\\framework\\src\\Illuminate\\Foundation\\Http\\Kernel.php(176): Illuminate\\Pipeline\\Pipeline->then(Object(Closure))
#62 C:\\OSPanel\\home\\guitar_prog1\\vendor\\laravel\\framework\\src\\Illuminate\\Foundation\\Http\\Kernel.php(145): Illuminate\\Foundation\\Http\\Kernel->sendRequestThroughRouter(Object(Illuminate\\Http\\Request))
#63 C:\\OSPanel\\home\\guitar_prog1\\vendor\\laravel\\framework\\src\\Illuminate\\Foundation\\Application.php(1220): Illuminate\\Foundation\\Http\\Kernel->handle(Object(Illuminate\\Http\\Request))
#64 C:\\OSPanel\\home\\guitar_prog1\\public\\index.php(20): Illuminate\\Foundation\\Application->handleRequest(Object(Illuminate\\Http\\Request))
#65 C:\\OSPanel\\home\\guitar_prog1\\vendor\\laravel\\framework\\src\\Illuminate\\Foundation\\resources\\server.php(23): require_once('C:\\\\OSPanel\\\\home...')
#66 {main}
"} 
[2025-05-02 10:40:33] local.ERROR: Missing required parameter for [Route: cart.store] [URI: cart/{product}] [Missing parameter: product]. (View: C:\OSPanel\home\guitar_prog1\resources\views\welcome.blade.php) {"userId":4,"exception":"[object] (Illuminate\\View\\ViewException(code: 0): Missing required parameter for [Route: cart.store] [URI: cart/{product}] [Missing parameter: product]. (View: C:\\OSPanel\\home\\guitar_prog1\\resources\\views\\welcome.blade.php) at C:\\OSPanel\\home\\guitar_prog1\\vendor\\laravel\\framework\\src\\Illuminate\\Routing\\Exceptions\\UrlGenerationException.php:35)
[stacktrace]
#0 C:\\OSPanel\\home\\guitar_prog1\\vendor\\livewire\\livewire\\src\\Mechanisms\\ExtendBlade\\ExtendedCompilerEngine.php(58): Illuminate\\View\\Engines\\CompilerEngine->handleViewException(Object(Illuminate\\Routing\\Exceptions\\UrlGenerationException), 1)
#1 C:\\OSPanel\\home\\guitar_prog1\\vendor\\laravel\\framework\\src\\Illuminate\\View\\Engines\\PhpEngine.php(60): Livewire\\Mechanisms\\ExtendBlade\\ExtendedCompilerEngine->handleViewException(Object(Illuminate\\Routing\\Exceptions\\UrlGenerationException), 1)
#2 C:\\OSPanel\\home\\guitar_prog1\\vendor\\livewire\\livewire\\src\\Mechanisms\\ExtendBlade\\ExtendedCompilerEngine.php(22): Illuminate\\View\\Engines\\PhpEngine->evaluatePath('C:\\\\OSPanel\\\\home...', Array)
#3 C:\\OSPanel\\home\\guitar_prog1\\vendor\\laravel\\framework\\src\\Illuminate\\View\\Engines\\CompilerEngine.php(75): Livewire\\Mechanisms\\ExtendBlade\\ExtendedCompilerEngine->evaluatePath('C:\\\\OSPanel\\\\home...', Array)
#4 C:\\OSPanel\\home\\guitar_prog1\\vendor\\livewire\\livewire\\src\\Mechanisms\\ExtendBlade\\ExtendedCompilerEngine.php(10): Illuminate\\View\\Engines\\CompilerEngine->get('C:\\\\OSPanel\\\\home...', Array)
#5 C:\\OSPanel\\home\\guitar_prog1\\vendor\\laravel\\framework\\src\\Illuminate\\View\\View.php(209): Livewire\\Mechanisms\\ExtendBlade\\ExtendedCompilerEngine->get('C:\\\\OSPanel\\\\home...', Array)
#6 C:\\OSPanel\\home\\guitar_prog1\\vendor\\laravel\\framework\\src\\Illuminate\\View\\View.php(192): Illuminate\\View\\View->getContents()
#7 C:\\OSPanel\\home\\guitar_prog1\\vendor\\laravel\\framework\\src\\Illuminate\\View\\View.php(161): Illuminate\\View\\View->renderContents()
#8 C:\\OSPanel\\home\\guitar_prog1\\vendor\\laravel\\framework\\src\\Illuminate\\Http\\Response.php(79): Illuminate\\View\\View->render()
#9 C:\\OSPanel\\home\\guitar_prog1\\vendor\\laravel\\framework\\src\\Illuminate\\Http\\Response.php(35): Illuminate\\Http\\Response->setContent(Object(Illuminate\\View\\View))
#10 C:\\OSPanel\\home\\guitar_prog1\\vendor\\laravel\\framework\\src\\Illuminate\\Routing\\Router.php(920): Illuminate\\Http\\Response->__construct(Object(Illuminate\\View\\View), 200, Array)
#11 C:\\OSPanel\\home\\guitar_prog1\\vendor\\laravel\\framework\\src\\Illuminate\\Routing\\Router.php(887): Illuminate\\Routing\\Router::toResponse(Object(Illuminate\\Http\\Request), Object(Illuminate\\View\\View))
#12 C:\\OSPanel\\home\\guitar_prog1\\vendor\\laravel\\framework\\src\\Illuminate\\Routing\\Router.php(807): Illuminate\\Routing\\Router->prepareResponse(Object(Illuminate\\Http\\Request), Object(Illuminate\\View\\View))
#13 C:\\OSPanel\\home\\guitar_prog1\\vendor\\laravel\\framework\\src\\Illuminate\\Pipeline\\Pipeline.php(170): Illuminate\\Routing\\Router->Illuminate\\Routing\\{closure}(Object(Illuminate\\Http\\Request))
#14 C:\\OSPanel\\home\\guitar_prog1\\vendor\\laravel\\framework\\src\\Illuminate\\Routing\\Middleware\\SubstituteBindings.php(51): Illuminate\\Pipeline\\Pipeline->Illuminate\\Pipeline\\{closure}(Object(Illuminate\\Http\\Request))
#15 C:\\OSPanel\\home\\guitar_prog1\\vendor\\laravel\\framework\\src\\Illuminate\\Pipeline\\Pipeline.php(209): Illuminate\\Routing\\Middleware\\SubstituteBindings->handle(Object(Illuminate\\Http\\Request), Object(Closure))
#16 C:\\OSPanel\\home\\guitar_prog1\\vendor\\laravel\\framework\\src\\Illuminate\\Foundation\\Http\\Middleware\\VerifyCsrfToken.php(88): Illuminate\\Pipeline\\Pipeline->Illuminate\\Pipeline\\{closure}(Object(Illuminate\\Http\\Request))
#17 C:\\OSPanel\\home\\guitar_prog1\\vendor\\laravel\\framework\\src\\Illuminate\\Pipeline\\Pipeline.php(209): Illuminate\\Foundation\\Http\\Middleware\\VerifyCsrfToken->handle(Object(Illuminate\\Http\\Request), Object(Closure))
#18 C:\\OSPanel\\home\\guitar_prog1\\vendor\\laravel\\framework\\src\\Illuminate\\View\\Middleware\\ShareErrorsFromSession.php(49): Illuminate\\Pipeline\\Pipeline->Illuminate\\Pipeline\\{closure}(Object(Illuminate\\Http\\Request))
#19 C:\\OSPanel\\home\\guitar_prog1\\vendor\\laravel\\framework\\src\\Illuminate\\Pipeline\\Pipeline.php(209): Illuminate\\View\\Middleware\\ShareErrorsFromSession->handle(Object(Illuminate\\Http\\Request), Object(Closure))
#20 C:\\OSPanel\\home\\guitar_prog1\\vendor\\laravel\\framework\\src\\Illuminate\\Session\\Middleware\\StartSession.php(121): Illuminate\\Pipeline\\Pipeline->Illuminate\\Pipeline\\{closure}(Object(Illuminate\\Http\\Request))
#21 C:\\OSPanel\\home\\guitar_prog1\\vendor\\laravel\\framework\\src\\Illuminate\\Session\\Middleware\\StartSession.php(64): Illuminate\\Session\\Middleware\\StartSession->handleStatefulRequest(Object(Illuminate\\Http\\Request), Object(Illuminate\\Session\\Store), Object(Closure))
#22 C:\\OSPanel\\home\\guitar_prog1\\vendor\\laravel\\framework\\src\\Illuminate\\Pipeline\\Pipeline.php(209): Illuminate\\Session\\Middleware\\StartSession->handle(Object(Illuminate\\Http\\Request), Object(Closure))
#23 C:\\OSPanel\\home\\guitar_prog1\\vendor\\laravel\\framework\\src\\Illuminate\\Cookie\\Middleware\\AddQueuedCookiesToResponse.php(37): Illuminate\\Pipeline\\Pipeline->Illuminate\\Pipeline\\{closure}(Object(Illuminate\\Http\\Request))
#24 C:\\OSPanel\\home\\guitar_prog1\\vendor\\laravel\\framework\\src\\Illuminate\\Pipeline\\Pipeline.php(209): Illuminate\\Cookie\\Middleware\\AddQueuedCookiesToResponse->handle(Object(Illuminate\\Http\\Request), Object(Closure))
#25 C:\\OSPanel\\home\\guitar_prog1\\vendor\\laravel\\framework\\src\\Illuminate\\Cookie\\Middleware\\EncryptCookies.php(75): Illuminate\\Pipeline\\Pipeline->Illuminate\\Pipeline\\{closure}(Object(Illuminate\\Http\\Request))
#26 C:\\OSPanel\\home\\guitar_prog1\\vendor\\laravel\\framework\\src\\Illuminate\\Pipeline\\Pipeline.php(209): Illuminate\\Cookie\\Middleware\\EncryptCookies->handle(Object(Illuminate\\Http\\Request), Object(Closure))
#27 C:\\OSPanel\\home\\guitar_prog1\\vendor\\laravel\\framework\\src\\Illuminate\\Pipeline\\Pipeline.php(127): Illuminate\\Pipeline\\Pipeline->Illuminate\\Pipeline\\{closure}(Object(Illuminate\\Http\\Request))
#28 C:\\OSPanel\\home\\guitar_prog1\\vendor\\laravel\\framework\\src\\Illuminate\\Routing\\Router.php(807): Illuminate\\Pipeline\\Pipeline->then(Object(Closure))
#29 C:\\OSPanel\\home\\guitar_prog1\\vendor\\laravel\\framework\\src\\Illuminate\\Routing\\Router.php(786): Illuminate\\Routing\\Router->runRouteWithinStack(Object(Illuminate\\Routing\\Route), Object(Illuminate\\Http\\Request))
#30 C:\\OSPanel\\home\\guitar_prog1\\vendor\\laravel\\framework\\src\\Illuminate\\Routing\\Router.php(750): Illuminate\\Routing\\Router->runRoute(Object(Illuminate\\Http\\Request), Object(Illuminate\\Routing\\Route))
#31 C:\\OSPanel\\home\\guitar_prog1\\vendor\\laravel\\framework\\src\\Illuminate\\Routing\\Router.php(739): Illuminate\\Routing\\Router->dispatchToRoute(Object(Illuminate\\Http\\Request))
#32 C:\\OSPanel\\home\\guitar_prog1\\vendor\\laravel\\framework\\src\\Illuminate\\Foundation\\Http\\Kernel.php(201): Illuminate\\Routing\\Router->dispatch(Object(Illuminate\\Http\\Request))
#33 C:\\OSPanel\\home\\guitar_prog1\\vendor\\laravel\\framework\\src\\Illuminate\\Pipeline\\Pipeline.php(170): Illuminate\\Foundation\\Http\\Kernel->Illuminate\\Foundation\\Http\\{closure}(Object(Illuminate\\Http\\Request))
#34 C:\\OSPanel\\home\\guitar_prog1\\vendor\\livewire\\livewire\\src\\Features\\SupportDisablingBackButtonCache\\DisableBackButtonCacheMiddleware.php(19): Illuminate\\Pipeline\\Pipeline->Illuminate\\Pipeline\\{closure}(Object(Illuminate\\Http\\Request))
#35 C:\\OSPanel\\home\\guitar_prog1\\vendor\\laravel\\framework\\src\\Illuminate\\Pipeline\\Pipeline.php(209): Livewire\\Features\\SupportDisablingBackButtonCache\\DisableBackButtonCacheMiddleware->handle(Object(Illuminate\\Http\\Request), Object(Closure))
#36 C:\\OSPanel\\home\\guitar_prog1\\vendor\\laravel\\framework\\src\\Illuminate\\Foundation\\Http\\Middleware\\TransformsRequest.php(21): Illuminate\\Pipeline\\Pipeline->Illuminate\\Pipeline\\{closure}(Object(Illuminate\\Http\\Request))
#37 C:\\OSPanel\\home\\guitar_prog1\\vendor\\laravel\\framework\\src\\Illuminate\\Foundation\\Http\\Middleware\\ConvertEmptyStringsToNull.php(31): Illuminate\\Foundation\\Http\\Middleware\\TransformsRequest->handle(Object(Illuminate\\Http\\Request), Object(Closure))
#38 C:\\OSPanel\\home\\guitar_prog1\\vendor\\laravel\\framework\\src\\Illuminate\\Pipeline\\Pipeline.php(209): Illuminate\\Foundation\\Http\\Middleware\\ConvertEmptyStringsToNull->handle(Object(Illuminate\\Http\\Request), Object(Closure))
#39 C:\\OSPanel\\home\\guitar_prog1\\vendor\\laravel\\framework\\src\\Illuminate\\Foundation\\Http\\Middleware\\TransformsRequest.php(21): Illuminate\\Pipeline\\Pipeline->Illuminate\\Pipeline\\{closure}(Object(Illuminate\\Http\\Request))
#40 C:\\OSPanel\\home\\guitar_prog1\\vendor\\laravel\\framework\\src\\Illuminate\\Foundation\\Http\\Middleware\\TrimStrings.php(51): Illuminate\\Foundation\\Http\\Middleware\\TransformsRequest->handle(Object(Illuminate\\Http\\Request), Object(Closure))
#41 C:\\OSPanel\\home\\guitar_prog1\\vendor\\laravel\\framework\\src\\Illuminate\\Pipeline\\Pipeline.php(209): Illuminate\\Foundation\\Http\\Middleware\\TrimStrings->handle(Object(Illuminate\\Http\\Request), Object(Closure))
#42 C:\\OSPanel\\home\\guitar_prog1\\vendor\\laravel\\framework\\src\\Illuminate\\Http\\Middleware\\ValidatePostSize.php(27): Illuminate\\Pipeline\\Pipeline->Illuminate\\Pipeline\\{closure}(Object(Illuminate\\Http\\Request))
#43 C:\\OSPanel\\home\\guitar_prog1\\vendor\\laravel\\framework\\src\\Illuminate\\Pipeline\\Pipeline.php(209): Illuminate\\Http\\Middleware\\ValidatePostSize->handle(Object(Illuminate\\Http\\Request), Object(Closure))
#44 C:\\OSPanel\\home\\guitar_prog1\\vendor\\laravel\\framework\\src\\Illuminate\\Foundation\\Http\\Middleware\\PreventRequestsDuringMaintenance.php(110): Illuminate\\Pipeline\\Pipeline->Illuminate\\Pipeline\\{closure}(Object(Illuminate\\Http\\Request))
#45 C:\\OSPanel\\home\\guitar_prog1\\vendor\\laravel\\framework\\src\\Illuminate\\Pipeline\\Pipeline.php(209): Illuminate\\Foundation\\Http\\Middleware\\PreventRequestsDuringMaintenance->handle(Object(Illuminate\\Http\\Request), Object(Closure))
#46 C:\\OSPanel\\home\\guitar_prog1\\vendor\\laravel\\framework\\src\\Illuminate\\Http\\Middleware\\HandleCors.php(49): Illuminate\\Pipeline\\Pipeline->Illuminate\\Pipeline\\{closure}(Object(Illuminate\\Http\\Request))
#47 C:\\OSPanel\\home\\guitar_prog1\\vendor\\laravel\\framework\\src\\Illuminate\\Pipeline\\Pipeline.php(209): Illuminate\\Http\\Middleware\\HandleCors->handle(Object(Illuminate\\Http\\Request), Object(Closure))
#48 C:\\OSPanel\\home\\guitar_prog1\\vendor\\laravel\\framework\\src\\Illuminate\\Http\\Middleware\\TrustProxies.php(58): Illuminate\\Pipeline\\Pipeline->Illuminate\\Pipeline\\{closure}(Object(Illuminate\\Http\\Request))
#49 C:\\OSPanel\\home\\guitar_prog1\\vendor\\laravel\\framework\\src\\Illuminate\\Pipeline\\Pipeline.php(209): Illuminate\\Http\\Middleware\\TrustProxies->handle(Object(Illuminate\\Http\\Request), Object(Closure))
#50 C:\\OSPanel\\home\\guitar_prog1\\vendor\\laravel\\framework\\src\\Illuminate\\Foundation\\Http\\Middleware\\InvokeDeferredCallbacks.php(22): Illuminate\\Pipeline\\Pipeline->Illuminate\\Pipeline\\{closure}(Object(Illuminate\\Http\\Request))
#51 C:\\OSPanel\\home\\guitar_prog1\\vendor\\laravel\\framework\\src\\Illuminate\\Pipeline\\Pipeline.php(209): Illuminate\\Foundation\\Http\\Middleware\\InvokeDeferredCallbacks->handle(Object(Illuminate\\Http\\Request), Object(Closure))
#52 C:\\OSPanel\\home\\guitar_prog1\\vendor\\laravel\\framework\\src\\Illuminate\\Http\\Middleware\\ValidatePathEncoding.php(26): Illuminate\\Pipeline\\Pipeline->Illuminate\\Pipeline\\{closure}(Object(Illuminate\\Http\\Request))
#53 C:\\OSPanel\\home\\guitar_prog1\\vendor\\laravel\\framework\\src\\Illuminate\\Pipeline\\Pipeline.php(209): Illuminate\\Http\\Middleware\\ValidatePathEncoding->handle(Object(Illuminate\\Http\\Request), Object(Closure))
#54 C:\\OSPanel\\home\\guitar_prog1\\vendor\\laravel\\framework\\src\\Illuminate\\Pipeline\\Pipeline.php(127): Illuminate\\Pipeline\\Pipeline->Illuminate\\Pipeline\\{closure}(Object(Illuminate\\Http\\Request))
#55 C:\\OSPanel\\home\\guitar_prog1\\vendor\\laravel\\framework\\src\\Illuminate\\Foundation\\Http\\Kernel.php(176): Illuminate\\Pipeline\\Pipeline->then(Object(Closure))
#56 C:\\OSPanel\\home\\guitar_prog1\\vendor\\laravel\\framework\\src\\Illuminate\\Foundation\\Http\\Kernel.php(145): Illuminate\\Foundation\\Http\\Kernel->sendRequestThroughRouter(Object(Illuminate\\Http\\Request))
#57 C:\\OSPanel\\home\\guitar_prog1\\vendor\\laravel\\framework\\src\\Illuminate\\Foundation\\Application.php(1220): Illuminate\\Foundation\\Http\\Kernel->handle(Object(Illuminate\\Http\\Request))
#58 C:\\OSPanel\\home\\guitar_prog1\\public\\index.php(20): Illuminate\\Foundation\\Application->handleRequest(Object(Illuminate\\Http\\Request))
#59 C:\\OSPanel\\home\\guitar_prog1\\vendor\\laravel\\framework\\src\\Illuminate\\Foundation\\resources\\server.php(23): require_once('C:\\\\OSPanel\\\\home...')
#60 {main}

[previous exception] [object] (Illuminate\\Routing\\Exceptions\\UrlGenerationException(code: 0): Missing required parameter for [Route: cart.store] [URI: cart/{product}] [Missing parameter: product]. at C:\\OSPanel\\home\\guitar_prog1\\vendor\\laravel\\framework\\src\\Illuminate\\Routing\\Exceptions\\UrlGenerationException.php:35)
[stacktrace]
#0 C:\\OSPanel\\home\\guitar_prog1\\vendor\\laravel\\framework\\src\\Illuminate\\Routing\\RouteUrlGenerator.php(90): Illuminate\\Routing\\Exceptions\\UrlGenerationException::forMissingParameters(Object(Illuminate\\Routing\\Route), Array)
#1 C:\\OSPanel\\home\\guitar_prog1\\vendor\\laravel\\framework\\src\\Illuminate\\Routing\\UrlGenerator.php(554): Illuminate\\Routing\\RouteUrlGenerator->to(Object(Illuminate\\Routing\\Route), Array, true)
#2 C:\\OSPanel\\home\\guitar_prog1\\vendor\\laravel\\framework\\src\\Illuminate\\Routing\\UrlGenerator.php(519): Illuminate\\Routing\\UrlGenerator->toRoute(Object(Illuminate\\Routing\\Route), Array, true)
#3 C:\\OSPanel\\home\\guitar_prog1\\vendor\\laravel\\framework\\src\\Illuminate\\Foundation\\helpers.php(853): Illuminate\\Routing\\UrlGenerator->route('cart.store', Array, true)
#4 C:\\OSPanel\\home\\guitar_prog1\\storage\\framework\\views\\61543a1246391995a0b5f2a12db790f4.php(228): route('cart.store')
#5 C:\\OSPanel\\home\\guitar_prog1\\vendor\\laravel\\framework\\src\\Illuminate\\Filesystem\\Filesystem.php(123): require('C:\\\\OSPanel\\\\home...')
#6 C:\\OSPanel\\home\\guitar_prog1\\vendor\\laravel\\framework\\src\\Illuminate\\Filesystem\\Filesystem.php(124): Illuminate\\Filesystem\\Filesystem::Illuminate\\Filesystem\\{closure}()
#7 C:\\OSPanel\\home\\guitar_prog1\\vendor\\laravel\\framework\\src\\Illuminate\\View\\Engines\\PhpEngine.php(58): Illuminate\\Filesystem\\Filesystem->getRequire('C:\\\\OSPanel\\\\home...', Array)
#8 C:\\OSPanel\\home\\guitar_prog1\\vendor\\livewire\\livewire\\src\\Mechanisms\\ExtendBlade\\ExtendedCompilerEngine.php(22): Illuminate\\View\\Engines\\PhpEngine->evaluatePath('C:\\\\OSPanel\\\\home...', Array)
#9 C:\\OSPanel\\home\\guitar_prog1\\vendor\\laravel\\framework\\src\\Illuminate\\View\\Engines\\CompilerEngine.php(75): Livewire\\Mechanisms\\ExtendBlade\\ExtendedCompilerEngine->evaluatePath('C:\\\\OSPanel\\\\home...', Array)
#10 C:\\OSPanel\\home\\guitar_prog1\\vendor\\livewire\\livewire\\src\\Mechanisms\\ExtendBlade\\ExtendedCompilerEngine.php(10): Illuminate\\View\\Engines\\CompilerEngine->get('C:\\\\OSPanel\\\\home...', Array)
#11 C:\\OSPanel\\home\\guitar_prog1\\vendor\\laravel\\framework\\src\\Illuminate\\View\\View.php(209): Livewire\\Mechanisms\\ExtendBlade\\ExtendedCompilerEngine->get('C:\\\\OSPanel\\\\home...', Array)
#12 C:\\OSPanel\\home\\guitar_prog1\\vendor\\laravel\\framework\\src\\Illuminate\\View\\View.php(192): Illuminate\\View\\View->getContents()
#13 C:\\OSPanel\\home\\guitar_prog1\\vendor\\laravel\\framework\\src\\Illuminate\\View\\View.php(161): Illuminate\\View\\View->renderContents()
#14 C:\\OSPanel\\home\\guitar_prog1\\vendor\\laravel\\framework\\src\\Illuminate\\Http\\Response.php(79): Illuminate\\View\\View->render()
#15 C:\\OSPanel\\home\\guitar_prog1\\vendor\\laravel\\framework\\src\\Illuminate\\Http\\Response.php(35): Illuminate\\Http\\Response->setContent(Object(Illuminate\\View\\View))
#16 C:\\OSPanel\\home\\guitar_prog1\\vendor\\laravel\\framework\\src\\Illuminate\\Routing\\Router.php(920): Illuminate\\Http\\Response->__construct(Object(Illuminate\\View\\View), 200, Array)
#17 C:\\OSPanel\\home\\guitar_prog1\\vendor\\laravel\\framework\\src\\Illuminate\\Routing\\Router.php(887): Illuminate\\Routing\\Router::toResponse(Object(Illuminate\\Http\\Request), Object(Illuminate\\View\\View))
#18 C:\\OSPanel\\home\\guitar_prog1\\vendor\\laravel\\framework\\src\\Illuminate\\Routing\\Router.php(807): Illuminate\\Routing\\Router->prepareResponse(Object(Illuminate\\Http\\Request), Object(Illuminate\\View\\View))
#19 C:\\OSPanel\\home\\guitar_prog1\\vendor\\laravel\\framework\\src\\Illuminate\\Pipeline\\Pipeline.php(170): Illuminate\\Routing\\Router->Illuminate\\Routing\\{closure}(Object(Illuminate\\Http\\Request))
#20 C:\\OSPanel\\home\\guitar_prog1\\vendor\\laravel\\framework\\src\\Illuminate\\Routing\\Middleware\\SubstituteBindings.php(51): Illuminate\\Pipeline\\Pipeline->Illuminate\\Pipeline\\{closure}(Object(Illuminate\\Http\\Request))
#21 C:\\OSPanel\\home\\guitar_prog1\\vendor\\laravel\\framework\\src\\Illuminate\\Pipeline\\Pipeline.php(209): Illuminate\\Routing\\Middleware\\SubstituteBindings->handle(Object(Illuminate\\Http\\Request), Object(Closure))
#22 C:\\OSPanel\\home\\guitar_prog1\\vendor\\laravel\\framework\\src\\Illuminate\\Foundation\\Http\\Middleware\\VerifyCsrfToken.php(88): Illuminate\\Pipeline\\Pipeline->Illuminate\\Pipeline\\{closure}(Object(Illuminate\\Http\\Request))
#23 C:\\OSPanel\\home\\guitar_prog1\\vendor\\laravel\\framework\\src\\Illuminate\\Pipeline\\Pipeline.php(209): Illuminate\\Foundation\\Http\\Middleware\\VerifyCsrfToken->handle(Object(Illuminate\\Http\\Request), Object(Closure))
#24 C:\\OSPanel\\home\\guitar_prog1\\vendor\\laravel\\framework\\src\\Illuminate\\View\\Middleware\\ShareErrorsFromSession.php(49): Illuminate\\Pipeline\\Pipeline->Illuminate\\Pipeline\\{closure}(Object(Illuminate\\Http\\Request))
#25 C:\\OSPanel\\home\\guitar_prog1\\vendor\\laravel\\framework\\src\\Illuminate\\Pipeline\\Pipeline.php(209): Illuminate\\View\\Middleware\\ShareErrorsFromSession->handle(Object(Illuminate\\Http\\Request), Object(Closure))
#26 C:\\OSPanel\\home\\guitar_prog1\\vendor\\laravel\\framework\\src\\Illuminate\\Session\\Middleware\\StartSession.php(121): Illuminate\\Pipeline\\Pipeline->Illuminate\\Pipeline\\{closure}(Object(Illuminate\\Http\\Request))
#27 C:\\OSPanel\\home\\guitar_prog1\\vendor\\laravel\\framework\\src\\Illuminate\\Session\\Middleware\\StartSession.php(64): Illuminate\\Session\\Middleware\\StartSession->handleStatefulRequest(Object(Illuminate\\Http\\Request), Object(Illuminate\\Session\\Store), Object(Closure))
#28 C:\\OSPanel\\home\\guitar_prog1\\vendor\\laravel\\framework\\src\\Illuminate\\Pipeline\\Pipeline.php(209): Illuminate\\Session\\Middleware\\StartSession->handle(Object(Illuminate\\Http\\Request), Object(Closure))
#29 C:\\OSPanel\\home\\guitar_prog1\\vendor\\laravel\\framework\\src\\Illuminate\\Cookie\\Middleware\\AddQueuedCookiesToResponse.php(37): Illuminate\\Pipeline\\Pipeline->Illuminate\\Pipeline\\{closure}(Object(Illuminate\\Http\\Request))
#30 C:\\OSPanel\\home\\guitar_prog1\\vendor\\laravel\\framework\\src\\Illuminate\\Pipeline\\Pipeline.php(209): Illuminate\\Cookie\\Middleware\\AddQueuedCookiesToResponse->handle(Object(Illuminate\\Http\\Request), Object(Closure))
#31 C:\\OSPanel\\home\\guitar_prog1\\vendor\\laravel\\framework\\src\\Illuminate\\Cookie\\Middleware\\EncryptCookies.php(75): Illuminate\\Pipeline\\Pipeline->Illuminate\\Pipeline\\{closure}(Object(Illuminate\\Http\\Request))
#32 C:\\OSPanel\\home\\guitar_prog1\\vendor\\laravel\\framework\\src\\Illuminate\\Pipeline\\Pipeline.php(209): Illuminate\\Cookie\\Middleware\\EncryptCookies->handle(Object(Illuminate\\Http\\Request), Object(Closure))
#33 C:\\OSPanel\\home\\guitar_prog1\\vendor\\laravel\\framework\\src\\Illuminate\\Pipeline\\Pipeline.php(127): Illuminate\\Pipeline\\Pipeline->Illuminate\\Pipeline\\{closure}(Object(Illuminate\\Http\\Request))
#34 C:\\OSPanel\\home\\guitar_prog1\\vendor\\laravel\\framework\\src\\Illuminate\\Routing\\Router.php(807): Illuminate\\Pipeline\\Pipeline->then(Object(Closure))
#35 C:\\OSPanel\\home\\guitar_prog1\\vendor\\laravel\\framework\\src\\Illuminate\\Routing\\Router.php(786): Illuminate\\Routing\\Router->runRouteWithinStack(Object(Illuminate\\Routing\\Route), Object(Illuminate\\Http\\Request))
#36 C:\\OSPanel\\home\\guitar_prog1\\vendor\\laravel\\framework\\src\\Illuminate\\Routing\\Router.php(750): Illuminate\\Routing\\Router->runRoute(Object(Illuminate\\Http\\Request), Object(Illuminate\\Routing\\Route))
#37 C:\\OSPanel\\home\\guitar_prog1\\vendor\\laravel\\framework\\src\\Illuminate\\Routing\\Router.php(739): Illuminate\\Routing\\Router->dispatchToRoute(Object(Illuminate\\Http\\Request))
#38 C:\\OSPanel\\home\\guitar_prog1\\vendor\\laravel\\framework\\src\\Illuminate\\Foundation\\Http\\Kernel.php(201): Illuminate\\Routing\\Router->dispatch(Object(Illuminate\\Http\\Request))
#39 C:\\OSPanel\\home\\guitar_prog1\\vendor\\laravel\\framework\\src\\Illuminate\\Pipeline\\Pipeline.php(170): Illuminate\\Foundation\\Http\\Kernel->Illuminate\\Foundation\\Http\\{closure}(Object(Illuminate\\Http\\Request))
#40 C:\\OSPanel\\home\\guitar_prog1\\vendor\\livewire\\livewire\\src\\Features\\SupportDisablingBackButtonCache\\DisableBackButtonCacheMiddleware.php(19): Illuminate\\Pipeline\\Pipeline->Illuminate\\Pipeline\\{closure}(Object(Illuminate\\Http\\Request))
#41 C:\\OSPanel\\home\\guitar_prog1\\vendor\\laravel\\framework\\src\\Illuminate\\Pipeline\\Pipeline.php(209): Livewire\\Features\\SupportDisablingBackButtonCache\\DisableBackButtonCacheMiddleware->handle(Object(Illuminate\\Http\\Request), Object(Closure))
#42 C:\\OSPanel\\home\\guitar_prog1\\vendor\\laravel\\framework\\src\\Illuminate\\Foundation\\Http\\Middleware\\TransformsRequest.php(21): Illuminate\\Pipeline\\Pipeline->Illuminate\\Pipeline\\{closure}(Object(Illuminate\\Http\\Request))
#43 C:\\OSPanel\\home\\guitar_prog1\\vendor\\laravel\\framework\\src\\Illuminate\\Foundation\\Http\\Middleware\\ConvertEmptyStringsToNull.php(31): Illuminate\\Foundation\\Http\\Middleware\\TransformsRequest->handle(Object(Illuminate\\Http\\Request), Object(Closure))
#44 C:\\OSPanel\\home\\guitar_prog1\\vendor\\laravel\\framework\\src\\Illuminate\\Pipeline\\Pipeline.php(209): Illuminate\\Foundation\\Http\\Middleware\\ConvertEmptyStringsToNull->handle(Object(Illuminate\\Http\\Request), Object(Closure))
#45 C:\\OSPanel\\home\\guitar_prog1\\vendor\\laravel\\framework\\src\\Illuminate\\Foundation\\Http\\Middleware\\TransformsRequest.php(21): Illuminate\\Pipeline\\Pipeline->Illuminate\\Pipeline\\{closure}(Object(Illuminate\\Http\\Request))
#46 C:\\OSPanel\\home\\guitar_prog1\\vendor\\laravel\\framework\\src\\Illuminate\\Foundation\\Http\\Middleware\\TrimStrings.php(51): Illuminate\\Foundation\\Http\\Middleware\\TransformsRequest->handle(Object(Illuminate\\Http\\Request), Object(Closure))
#47 C:\\OSPanel\\home\\guitar_prog1\\vendor\\laravel\\framework\\src\\Illuminate\\Pipeline\\Pipeline.php(209): Illuminate\\Foundation\\Http\\Middleware\\TrimStrings->handle(Object(Illuminate\\Http\\Request), Object(Closure))
#48 C:\\OSPanel\\home\\guitar_prog1\\vendor\\laravel\\framework\\src\\Illuminate\\Http\\Middleware\\ValidatePostSize.php(27): Illuminate\\Pipeline\\Pipeline->Illuminate\\Pipeline\\{closure}(Object(Illuminate\\Http\\Request))
#49 C:\\OSPanel\\home\\guitar_prog1\\vendor\\laravel\\framework\\src\\Illuminate\\Pipeline\\Pipeline.php(209): Illuminate\\Http\\Middleware\\ValidatePostSize->handle(Object(Illuminate\\Http\\Request), Object(Closure))
#50 C:\\OSPanel\\home\\guitar_prog1\\vendor\\laravel\\framework\\src\\Illuminate\\Foundation\\Http\\Middleware\\PreventRequestsDuringMaintenance.php(110): Illuminate\\Pipeline\\Pipeline->Illuminate\\Pipeline\\{closure}(Object(Illuminate\\Http\\Request))
#51 C:\\OSPanel\\home\\guitar_prog1\\vendor\\laravel\\framework\\src\\Illuminate\\Pipeline\\Pipeline.php(209): Illuminate\\Foundation\\Http\\Middleware\\PreventRequestsDuringMaintenance->handle(Object(Illuminate\\Http\\Request), Object(Closure))
#52 C:\\OSPanel\\home\\guitar_prog1\\vendor\\laravel\\framework\\src\\Illuminate\\Http\\Middleware\\HandleCors.php(49): Illuminate\\Pipeline\\Pipeline->Illuminate\\Pipeline\\{closure}(Object(Illuminate\\Http\\Request))
#53 C:\\OSPanel\\home\\guitar_prog1\\vendor\\laravel\\framework\\src\\Illuminate\\Pipeline\\Pipeline.php(209): Illuminate\\Http\\Middleware\\HandleCors->handle(Object(Illuminate\\Http\\Request), Object(Closure))
#54 C:\\OSPanel\\home\\guitar_prog1\\vendor\\laravel\\framework\\src\\Illuminate\\Http\\Middleware\\TrustProxies.php(58): Illuminate\\Pipeline\\Pipeline->Illuminate\\Pipeline\\{closure}(Object(Illuminate\\Http\\Request))
#55 C:\\OSPanel\\home\\guitar_prog1\\vendor\\laravel\\framework\\src\\Illuminate\\Pipeline\\Pipeline.php(209): Illuminate\\Http\\Middleware\\TrustProxies->handle(Object(Illuminate\\Http\\Request), Object(Closure))
#56 C:\\OSPanel\\home\\guitar_prog1\\vendor\\laravel\\framework\\src\\Illuminate\\Foundation\\Http\\Middleware\\InvokeDeferredCallbacks.php(22): Illuminate\\Pipeline\\Pipeline->Illuminate\\Pipeline\\{closure}(Object(Illuminate\\Http\\Request))
#57 C:\\OSPanel\\home\\guitar_prog1\\vendor\\laravel\\framework\\src\\Illuminate\\Pipeline\\Pipeline.php(209): Illuminate\\Foundation\\Http\\Middleware\\InvokeDeferredCallbacks->handle(Object(Illuminate\\Http\\Request), Object(Closure))
#58 C:\\OSPanel\\home\\guitar_prog1\\vendor\\laravel\\framework\\src\\Illuminate\\Http\\Middleware\\ValidatePathEncoding.php(26): Illuminate\\Pipeline\\Pipeline->Illuminate\\Pipeline\\{closure}(Object(Illuminate\\Http\\Request))
#59 C:\\OSPanel\\home\\guitar_prog1\\vendor\\laravel\\framework\\src\\Illuminate\\Pipeline\\Pipeline.php(209): Illuminate\\Http\\Middleware\\ValidatePathEncoding->handle(Object(Illuminate\\Http\\Request), Object(Closure))
#60 C:\\OSPanel\\home\\guitar_prog1\\vendor\\laravel\\framework\\src\\Illuminate\\Pipeline\\Pipeline.php(127): Illuminate\\Pipeline\\Pipeline->Illuminate\\Pipeline\\{closure}(Object(Illuminate\\Http\\Request))
#61 C:\\OSPanel\\home\\guitar_prog1\\vendor\\laravel\\framework\\src\\Illuminate\\Foundation\\Http\\Kernel.php(176): Illuminate\\Pipeline\\Pipeline->then(Object(Closure))
#62 C:\\OSPanel\\home\\guitar_prog1\\vendor\\laravel\\framework\\src\\Illuminate\\Foundation\\Http\\Kernel.php(145): Illuminate\\Foundation\\Http\\Kernel->sendRequestThroughRouter(Object(Illuminate\\Http\\Request))
#63 C:\\OSPanel\\home\\guitar_prog1\\vendor\\laravel\\framework\\src\\Illuminate\\Foundation\\Application.php(1220): Illuminate\\Foundation\\Http\\Kernel->handle(Object(Illuminate\\Http\\Request))
#64 C:\\OSPanel\\home\\guitar_prog1\\public\\index.php(20): Illuminate\\Foundation\\Application->handleRequest(Object(Illuminate\\Http\\Request))
#65 C:\\OSPanel\\home\\guitar_prog1\\vendor\\laravel\\framework\\src\\Illuminate\\Foundation\\resources\\server.php(23): require_once('C:\\\\OSPanel\\\\home...')
#66 {main}
"} 
[2025-05-02 19:37:18] production.ERROR: Command "composer" is not defined. {"exception":"[object] (Symfony\\Component\\Console\\Exception\\CommandNotFoundException(code: 0): Command \"composer\" is not defined. at C:\\OSPanel\\home\\guitar_prog1\\vendor\\symfony\\console\\Application.php:726)
[stacktrace]
#0 C:\\OSPanel\\home\\guitar_prog1\\vendor\\symfony\\console\\Application.php(284): Symfony\\Component\\Console\\Application->find('composer')
#1 C:\\OSPanel\\home\\guitar_prog1\\vendor\\symfony\\console\\Application.php(193): Symfony\\Component\\Console\\Application->doRun(Object(Symfony\\Component\\Console\\Input\\ArgvInput), Object(Symfony\\Component\\Console\\Output\\ConsoleOutput))
#2 C:\\OSPanel\\home\\guitar_prog1\\vendor\\laravel\\framework\\src\\Illuminate\\Foundation\\Console\\Kernel.php(198): Symfony\\Component\\Console\\Application->run(Object(Symfony\\Component\\Console\\Input\\ArgvInput), Object(Symfony\\Component\\Console\\Output\\ConsoleOutput))
#3 C:\\OSPanel\\home\\guitar_prog1\\vendor\\laravel\\framework\\src\\Illuminate\\Foundation\\Application.php(1235): Illuminate\\Foundation\\Console\\Kernel->handle(Object(Symfony\\Component\\Console\\Input\\ArgvInput), Object(Symfony\\Component\\Console\\Output\\ConsoleOutput))
#4 C:\\OSPanel\\home\\guitar_prog1\\artisan(16): Illuminate\\Foundation\\Application->handleCommand(Object(Symfony\\Component\\Console\\Input\\ArgvInput))
#5 {main}
"} 
